id_transaccion,items
TRX-000001,"Cerveza,Chocolate,Pan,Pasta,Pañales"
TRX-000002,"Manzanas,Vino"
TRX-000003,"Cerveza,Chocolate,Manzanas,Pañales,Vino"
TRX-000004,"Cafe,Leche,Pan"
TRX-000005,"Cerveza,Leche,Pañales,Queso"
TRX-000006,"Cafe,Cerveza,Leche,Pañales,Vino"
TRX-000007,"Chocolate,Manzanas,Pasta"
TRX-000008,"Chocolate,Vino"
TRX-000009,Pañales
TRX-000010,"Arroz,Cerveza,Manzanas"
TRX-000011,"Cafe,Leche,Pan"
TRX-000012,"Cerveza,Pañales"
TRX-000013,"Cafe,Leche,Pan"
TRX-000014,"Cafe,Leche,Pan"
TRX-000015,"Arroz,Huevos,Leche,Pan,Vino"
TRX-000016,"Cafe,Leche,Pan"
TRX-000017,"Cerveza,Pañales"
TRX-000018,"Cafe,Leche,Pan,Pañales"
TRX-000019,"Cerveza,Pañales"
TRX-000020,"Cafe,Leche,Pan"
TRX-000021,"Cafe,Leche,Pan,Vino"
TRX-000022,"Huevos,Queso,Vino"
TRX-000023,"Arroz,Chocolate,Huevos,Leche,Pan"
TRX-000024,"Cafe,Leche,Pan"
TRX-000025,"Cafe,Pasta,Vino"
TRX-000026,"Chocolate,Leche,Pasta,Vino"
TRX-000027,"Cafe,Cerveza,Manzanas,Pañales"
TRX-000028,"Arroz,Cafe,Cerveza,Huevos,Pasta"
TRX-000029,"Cafe,Leche,Pan"
TRX-000030,"Chocolate,Vino"
TRX-000031,"Cafe,Manzanas,Pan,Pasta,Queso"
TRX-000032,"Cafe,Leche,Pan"
TRX-000033,"Cafe,Huevos,Manzanas,Pan,Pasta"
TRX-000034,"Cerveza,Manzanas,Pasta,Pañales"
TRX-000035,"Cafe,Leche,Pan"
TRX-000036,"Cerveza,Pañales"
TRX-000037,"Cerveza,Pañales"
TRX-000038,"Chocolate,Huevos,Leche,Pasta,Queso"
TRX-000039,"Cerveza,Leche,Manzanas,Pan"
TRX-000040,Chocolate
TRX-000041,"Cerveza,Leche,Vino"
TRX-000042,"Cafe,Leche,Pan"
TRX-000043,"Cafe,Manzanas,Pañales,Queso"
TRX-000044,"Cafe,Leche,Pan"
TRX-000045,"Chocolate,Leche,Manzanas,Pasta"
TRX-000046,"Cafe,Leche,Pan,Pañales,Vino"
TRX-000047,"Cafe,Cerveza,Manzanas,Queso"
TRX-000048,"Cerveza,Leche,Pan,Pañales,Vino"
TRX-000049,"Cerveza,Pañales"
TRX-000050,"Arroz,Cafe,Leche,Pan,Pañales"
TRX-000051,Pasta
TRX-000052,"Arroz,Cerveza,Leche,Pañales"
TRX-000053,"Arroz,Cerveza,Pan,Pasta,Queso"
TRX-000054,"Cerveza,Queso"
TRX-000055,"Chocolate,Huevos"
TRX-000056,"Cafe,Leche,Pan"
TRX-000057,"Cerveza,Manzanas,Pañales"
TRX-000058,"Cerveza,Huevos,Manzanas"
TRX-000059,Cafe
TRX-000060,"Cafe,Leche,Pan"
TRX-000061,"Cafe,Leche,Pan"
TRX-000062,"Cafe,Leche,Pan"
TRX-000063,"Cerveza,Pañales"
TRX-000064,"Arroz,Cerveza,Pasta"
TRX-000065,"Cafe,Leche,Pan"
TRX-000066,"Arroz,Cerveza,Manzanas,Queso"
TRX-000067,"Cafe,Leche,Pan"
TRX-000068,"Cafe,Leche,Pan"
TRX-000069,"Arroz,Chocolate,Leche,Pan,Vino"
TRX-000070,Chocolate
TRX-000071,"Arroz,Cafe,Huevos,Manzanas,Vino"
TRX-000072,"Cafe,Cerveza,Chocolate,Leche,Pan"
TRX-000073,Manzanas
TRX-000074,"Cerveza,Pañales"
TRX-000075,"Cerveza,Pan,Pañales"
TRX-000076,"Cafe,Leche,Pan"
TRX-000077,"Huevos,Manzanas,Pan,Pasta,Pañales"
TRX-000078,"Cafe,Leche,Pan"
TRX-000079,"Cerveza,Pañales,Queso"
TRX-000080,Vino
TRX-000081,"Cerveza,Chocolate,Leche,Manzanas,Pasta"
TRX-000082,"Cafe,Cerveza,Leche,Pan"
TRX-000083,"Arroz,Cafe,Leche,Pan"
TRX-000084,"Cafe,Chocolate,Huevos,Leche,Pan"
TRX-000085,"Cerveza,Leche,Vino"
TRX-000086,Pasta
TRX-000087,"Cafe,Leche,Pan"
TRX-000088,Arroz
TRX-000089,"Cafe,Leche,Pan"
TRX-000090,"Cerveza,Leche,Pañales"
TRX-000091,"Cerveza,Pañales,Queso"
TRX-000092,Huevos
TRX-000093,"Cafe,Leche,Pan"
TRX-000094,Arroz
TRX-000095,"Cafe,Leche,Pan"
TRX-000096,"Leche,Manzanas,Pan,Vino"
TRX-000097,"Cafe,Leche,Pan"
TRX-000098,"Arroz,Leche,Manzanas,Pan,Pasta"
TRX-000099,"Cafe,Leche,Pan"
TRX-000100,Huevos
TRX-000101,"Arroz,Cerveza,Huevos,Leche,Pañales"
TRX-000102,"Cerveza,Pañales"
TRX-000103,"Cerveza,Pañales"
TRX-000104,"Arroz,Cafe,Cerveza"
TRX-000105,"Arroz,Chocolate,Pañales,Queso,Vino"
TRX-000106,"Arroz,Vino"
TRX-000107,"Cerveza,Leche,Pan,Queso,Vino"
TRX-000108,"Cafe,Leche,Pan"
TRX-000109,"Arroz,Cafe,Leche,Pan"
TRX-000110,"Cafe,Chocolate,Pasta,Pañales,Vino"
TRX-000111,"Cerveza,Pañales"
TRX-000112,"Arroz,Huevos,Leche,Queso,Vino"
TRX-000113,"Arroz,Cerveza,Pañales"
TRX-000114,"Cafe,Leche,Pan"
TRX-000115,"Cerveza,Huevos,Pañales,Vino"
TRX-000116,"Cerveza,Pan"
TRX-000117,"Cafe,Leche,Pan"
TRX-000118,"Cafe,Pan,Pasta,Pañales"
TRX-000119,"Huevos,Leche,Pan,Pasta,Queso"
TRX-000120,"Arroz,Huevos,Pasta"
TRX-000121,"Pasta,Queso"
TRX-000122,"Cafe,Chocolate,Huevos,Manzanas"
TRX-000123,"Huevos,Manzanas,Pan,Pañales,Vino"
TRX-000124,"Cerveza,Chocolate,Manzanas"
TRX-000125,"Cafe,Leche,Pan"
TRX-000126,"Cerveza,Pasta,Queso"
TRX-000127,"Cafe,Leche,Pan,Pasta,Queso"
TRX-000128,Pan
TRX-000129,"Cafe,Cerveza,Huevos,Pañales"
TRX-000130,"Cafe,Cerveza,Leche,Pañales"
TRX-000131,"Chocolate,Manzanas"
TRX-000132,"Arroz,Cafe,Chocolate,Pan,Pañales"
TRX-000133,"Cerveza,Pañales"
TRX-000134,"Huevos,Queso"
TRX-000135,Cafe
TRX-000136,"Manzanas,Pan"
TRX-000137,"Cerveza,Pañales,Queso"
TRX-000138,"Chocolate,Leche,Manzanas"
TRX-000139,"Cerveza,Manzanas,Pan"
TRX-000140,"Cafe,Leche,Pan"
TRX-000141,"Cerveza,Pañales"
TRX-000142,"Cafe,Leche,Pan"
TRX-000143,"Pan,Pasta,Pañales"
TRX-000144,"Arroz,Cafe,Huevos,Leche,Manzanas"
TRX-000145,"Cafe,Leche,Pan,Pañales"
TRX-000146,"Cafe,Leche,Pan"
TRX-000147,"Cafe,Huevos"
TRX-000148,"Arroz,Huevos,Leche,Queso,Vino"
TRX-000149,"Cafe,Cerveza,Leche,Pasta,Queso"
TRX-000150,"Arroz,Chocolate,Huevos"
TRX-000151,"Cerveza,Huevos,Pañales"
TRX-000152,"Cerveza,Pañales"
TRX-000153,Chocolate
TRX-000154,"Cerveza,Manzanas,Pasta,Pañales"
TRX-000155,Queso
TRX-000156,"Arroz,Cafe,Cerveza,Manzanas"
TRX-000157,Vino
TRX-000158,Huevos
TRX-000159,"Cafe,Leche,Pan"
TRX-000160,"Pan,Pañales,Vino"
TRX-000161,"Cerveza,Chocolate,Pañales"
TRX-000162,Huevos
TRX-000163,Cafe
TRX-000164,"Cerveza,Pañales"
TRX-000165,"Chocolate,Pasta"
TRX-000166,"Cerveza,Pan,Pañales,Queso,Vino"
TRX-000167,"Cerveza,Pañales"
TRX-000168,"Arroz,Cafe,Manzanas,Vino"
TRX-000169,"Cerveza,Pañales"
TRX-000170,"Cafe,Huevos,Manzanas,Pasta,Queso"
TRX-000171,"Arroz,Cafe,Huevos,Leche,Queso"
TRX-000172,"Cafe,Leche,Pan"
TRX-000173,"Cerveza,Pasta"
TRX-000174,"Cerveza,Pañales"
TRX-000175,"Cafe,Leche,Pan"
TRX-000176,"Cerveza,Manzanas,Pan,Pañales"
TRX-000177,"Cerveza,Queso"
TRX-000178,"Arroz,Cerveza,Huevos,Manzanas,Pañales"
TRX-000179,"Cafe,Leche,Pan"
TRX-000180,"Cerveza,Manzanas,Pan,Pañales"
TRX-000181,"Chocolate,Huevos,Pañales"
TRX-000182,"Arroz,Manzanas,Pan,Pasta"
TRX-000183,"Arroz,Cerveza,Queso,Vino"
TRX-000184,"Cafe,Chocolate,Leche"
TRX-000185,"Cerveza,Pañales"
TRX-000186,"Arroz,Cerveza,Pañales,Queso"
TRX-000187,"Cerveza,Pañales"
TRX-000188,"Cafe,Leche,Pan"
TRX-000189,"Cafe,Chocolate,Leche,Pan"
TRX-000190,"Arroz,Chocolate"
TRX-000191,"Cafe,Cerveza,Leche,Pan"
TRX-000192,"Cerveza,Pasta"
TRX-000193,Pasta
TRX-000194,Cerveza
TRX-000195,"Manzanas,Pasta,Vino"
TRX-000196,"Cafe,Cerveza,Pañales"
TRX-000197,"Chocolate,Leche,Pan,Queso,Vino"
TRX-000198,"Cafe,Leche,Pan"
TRX-000199,"Cerveza,Pañales"
TRX-000200,"Cafe,Cerveza,Huevos,Manzanas"
TRX-000201,"Cerveza,Pañales"
TRX-000202,"Cafe,Cerveza,Huevos,Manzanas,Pañales"
TRX-000203,"Cafe,Leche,Pan"
TRX-000204,"Huevos,Pasta,Pañales,Vino"
TRX-000205,"Cafe,Cerveza,Pañales,Vino"
TRX-000206,"Arroz,Manzanas,Pasta,Pañales,Vino"
TRX-000207,Vino
TRX-000208,"Cerveza,Huevos,Manzanas,Pañales"
TRX-000209,"Cafe,Cerveza,Pañales"
TRX-000210,"Huevos,Vino"
TRX-000211,Pañales
TRX-000212,"Chocolate,Vino"
TRX-000213,"Cerveza,Pañales"
TRX-000214,"Cafe,Leche,Pan"
TRX-000215,"Cafe,Leche,Pan"
TRX-000216,"Cafe,Leche,Pan"
TRX-000217,"Arroz,Cafe,Cerveza,Pañales"
TRX-000218,"Cafe,Leche,Pan"
TRX-000219,Arroz
TRX-000220,"Cafe,Leche"
TRX-000221,"Arroz,Pañales,Vino"
TRX-000222,"Cerveza,Chocolate,Pañales"
TRX-000223,"Cafe,Manzanas,Pan"
TRX-000224,"Cafe,Leche,Pan"
TRX-000225,"Cafe,Cerveza,Chocolate,Pan"
TRX-000226,"Arroz,Huevos,Manzanas,Pan,Queso"
TRX-000227,"Leche,Pan"
TRX-000228,"Cerveza,Pañales"
TRX-000229,Cafe
TRX-000230,"Cafe,Leche,Pan"
TRX-000231,"Cerveza,Pañales"
TRX-000232,"Arroz,Cerveza,Pañales,Queso,Vino"
TRX-000233,"Cerveza,Pañales"
TRX-000234,Pañales
TRX-000235,"Cerveza,Pañales,Queso,Vino"
TRX-000236,"Cerveza,Pañales,Queso"
TRX-000237,"Arroz,Manzanas,Pan"
TRX-000238,Huevos
TRX-000239,"Cerveza,Leche"
TRX-000240,"Cafe,Vino"
TRX-000241,"Arroz,Cerveza,Queso,Vino"
TRX-000242,"Cafe,Leche,Manzanas,Pasta,Vino"
TRX-000243,"Cerveza,Leche"
TRX-000244,"Leche,Pan"
TRX-000245,"Cafe,Leche,Pan"
TRX-000246,"Cafe,Leche,Manzanas,Pan"
TRX-000247,"Cafe,Cerveza,Huevos,Pan,Pasta"
TRX-000248,"Cafe,Leche,Pan"
TRX-000249,"Cerveza,Manzanas,Pan,Pañales,Queso"
TRX-000250,"Cafe,Leche,Pan"
TRX-000251,"Arroz,Cafe,Huevos,Pan,Queso"
TRX-000252,"Cafe,Leche,Pan"
TRX-000253,"Cafe,Chocolate,Pasta,Pañales"
TRX-000254,"Cerveza,Chocolate,Pañales,Queso"
TRX-000255,Pan
TRX-000256,"Cerveza,Leche,Pañales,Queso,Vino"
TRX-000257,"Cafe,Leche,Pan"
TRX-000258,"Cafe,Leche,Pan"
TRX-000259,"Cafe,Leche,Pan"
TRX-000260,"Chocolate,Pan"
TRX-000261,"Arroz,Cerveza,Pan,Pañales,Queso"
TRX-000262,"Arroz,Cerveza,Leche,Pañales,Vino"
TRX-000263,"Leche,Manzanas,Queso,Vino"
TRX-000264,"Cafe,Leche,Pan"
TRX-000265,"Cerveza,Pañales"
TRX-000266,"Cafe,Leche,Pan"
TRX-000267,"Cerveza,Pañales"
TRX-000268,"Cerveza,Huevos,Manzanas,Pañales"
TRX-000269,"Cafe,Leche,Pan"
TRX-000270,"Cafe,Leche,Pan"
TRX-000271,"Cafe,Leche,Manzanas,Pan"
TRX-000272,"Cerveza,Pañales"
TRX-000273,"Manzanas,Pañales,Vino"
TRX-000274,"Leche,Manzanas,Pan,Vino"
TRX-000275,"Cerveza,Pañales"
TRX-000276,"Arroz,Cerveza,Pañales"
TRX-000277,"Cafe,Cerveza,Chocolate,Huevos,Vino"
TRX-000278,"Cafe,Cerveza"
TRX-000279,"Cerveza,Pañales"
TRX-000280,"Huevos,Pan,Queso"
TRX-000281,"Arroz,Cafe,Leche,Manzanas,Pan"
TRX-000282,Cerveza
TRX-000283,"Chocolate,Manzanas,Vino"
TRX-000284,"Cerveza,Leche,Manzanas,Queso,Vino"
TRX-000285,"Cafe,Cerveza,Pañales,Queso"
TRX-000286,"Cafe,Cerveza,Chocolate,Pasta,Pañales"
TRX-000287,"Cerveza,Pañales"
TRX-000288,"Chocolate,Manzanas,Queso,Vino"
TRX-000289,"Cerveza,Queso"
TRX-000290,"Chocolate,Pañales"
TRX-000291,Vino
TRX-000292,Huevos
TRX-000293,"Cafe,Leche,Pan"
TRX-000294,"Cerveza,Leche,Pañales,Vino"
TRX-000295,"Cerveza,Chocolate,Huevos,Leche,Manzanas"
TRX-000296,"Cafe,Leche,Pan"
TRX-000297,"Cafe,Leche,Pan"
TRX-000298,"Cerveza,Pañales"
TRX-000299,"Cerveza,Chocolate,Leche,Manzanas,Pañales"
TRX-000300,"Cerveza,Pañales"
TRX-000301,"Cerveza,Leche,Pañales,Queso"
TRX-000302,"Cafe,Chocolate,Leche,Pan,Vino"
TRX-000303,"Cafe,Leche,Pan,Vino"
TRX-000304,"Cerveza,Pañales"
TRX-000305,"Arroz,Cerveza,Pañales,Vino"
TRX-000306,"Cerveza,Chocolate,Leche,Pan,Pañales"
TRX-000307,"Cafe,Cerveza,Leche,Pan"
TRX-000308,"Cerveza,Huevos,Pan,Pañales,Queso"
TRX-000309,"Arroz,Cerveza,Pañales"
TRX-000310,Leche
TRX-000311,"Cafe,Chocolate,Leche,Pan"
TRX-000312,"Leche,Manzanas,Pan,Vino"
TRX-000313,"Cerveza,Pañales"
TRX-000314,Pan
TRX-000315,"Chocolate,Leche"
TRX-000316,"Arroz,Chocolate,Vino"
TRX-000317,"Cerveza,Pan,Pasta,Queso,Vino"
TRX-000318,"Cerveza,Chocolate,Manzanas,Pañales"
TRX-000319,"Cafe,Leche,Pan"
TRX-000320,"Arroz,Cerveza,Manzanas,Pañales,Queso"
TRX-000321,"Cafe,Leche,Pan"
TRX-000322,"Cafe,Leche,Pan,Vino"
TRX-000323,"Manzanas,Pasta,Queso,Vino"
TRX-000324,"Cafe,Cerveza,Leche,Manzanas,Pan"
TRX-000325,"Cafe,Leche,Pan"
TRX-000326,"Cafe,Leche,Pan"
TRX-000327,"Cerveza,Pañales"
TRX-000328,"Cerveza,Chocolate,Pañales,Queso"
TRX-000329,"Manzanas,Pan"
TRX-000330,"Arroz,Cafe,Leche,Pan"
TRX-000331,"Cerveza,Pañales,Vino"
TRX-000332,Leche
TRX-000333,"Arroz,Manzanas,Pan"
TRX-000334,"Cafe,Leche,Pan"
TRX-000335,"Cerveza,Pañales"
TRX-000336,"Cerveza,Leche,Pañales"
TRX-000337,"Cafe,Leche,Pan"
TRX-000338,"Arroz,Cerveza,Pañales"
TRX-000339,"Cafe,Leche,Pan"
TRX-000340,"Arroz,Chocolate,Huevos,Manzanas,Queso"
TRX-000341,"Cerveza,Pañales,Queso"
TRX-000342,Pan
TRX-000343,"Arroz,Cerveza,Pañales"
TRX-000344,Cafe
TRX-000345,"Arroz,Manzanas,Pasta,Pañales,Vino"
TRX-000346,"Cafe,Leche,Pan"
TRX-000347,"Arroz,Cerveza,Leche,Queso,Vino"
TRX-000348,"Arroz,Cafe,Cerveza,Pan,Vino"
TRX-000349,"Cerveza,Pañales"
TRX-000350,"Cafe,Chocolate,Leche,Manzanas,Pañales"
TRX-000351,"Cafe,Cerveza,Leche,Pan,Queso"
TRX-000352,"Cafe,Leche,Pan"
TRX-000353,"Pasta,Queso"
TRX-000354,"Huevos,Pañales"
TRX-000355,"Cafe,Leche,Pan"
TRX-000356,"Pasta,Queso"
TRX-000357,"Arroz,Huevos,Manzanas,Queso"
TRX-000358,"Cafe,Leche,Pan"
TRX-000359,"Cafe,Chocolate,Leche,Pan"
TRX-000360,"Cafe,Cerveza,Queso"
TRX-000361,"Chocolate,Huevos,Pasta,Queso"
TRX-000362,"Cafe,Huevos,Pasta,Pañales"
TRX-000363,"Cafe,Leche,Pan"
TRX-000364,"Cafe,Leche,Pan"
TRX-000365,Cerveza
TRX-000366,"Cafe,Cerveza,Huevos,Pañales"
TRX-000367,"Cerveza,Pañales"
TRX-000368,"Arroz,Chocolate,Queso"
TRX-000369,"Cafe,Leche,Pan"
TRX-000370,"Cerveza,Chocolate,Pañales"
TRX-000371,"Cafe,Pan,Queso"
TRX-000372,"Huevos,Leche,Manzanas"
TRX-000373,"Arroz,Huevos,Manzanas,Vino"
TRX-000374,"Cafe,Leche,Pan"
TRX-000375,"Cafe,Leche,Pan"
TRX-000376,"Cerveza,Chocolate,Huevos"
TRX-000377,"Cerveza,Pañales"
TRX-000378,"Cerveza,Pañales"
TRX-000379,"Cerveza,Pañales"
TRX-000380,"Huevos,Manzanas,Pañales,Queso,Vino"
TRX-000381,"Cafe,Leche,Pan"
TRX-000382,"Cafe,Leche,Pan"
TRX-000383,"Cerveza,Pañales"
TRX-000384,"Cerveza,Huevos,Pañales,Queso"
TRX-000385,Manzanas
TRX-000386,Leche
TRX-000387,"Cerveza,Pañales"
TRX-000388,"Cafe,Leche,Pan"
TRX-000389,"Arroz,Manzanas"
TRX-000390,"Cerveza,Pañales"
TRX-000391,"Cafe,Cerveza,Pañales"
TRX-000392,"Cafe,Leche,Pan"
TRX-000393,Chocolate
TRX-000394,"Cafe,Leche,Pan"
TRX-000395,"Cerveza,Leche,Manzanas,Pan"
TRX-000396,"Cerveza,Pañales"
TRX-000397,"Arroz,Pan,Queso"
TRX-000398,"Cerveza,Huevos"
TRX-000399,"Cerveza,Pañales"
TRX-000400,"Cafe,Pan,Queso"
TRX-000401,"Arroz,Chocolate,Pasta,Queso"
TRX-000402,"Cerveza,Pañales"
TRX-000403,Cerveza
TRX-000404,"Cerveza,Leche,Pan,Pasta,Pañales"
TRX-000405,"Leche,Pan,Pasta,Pañales,Queso"
TRX-000406,"Arroz,Leche,Pan"
TRX-000407,"Arroz,Cafe,Pañales"
TRX-000408,"Cerveza,Huevos"
TRX-000409,"Cafe,Leche,Pan"
TRX-000410,"Cafe,Leche,Pan"
TRX-000411,"Cerveza,Huevos,Pañales"
TRX-000412,Chocolate
TRX-000413,"Pan,Vino"
TRX-000414,"Huevos,Leche,Manzanas,Pañales,Queso"
TRX-000415,"Cerveza,Pañales"
TRX-000416,Queso
TRX-000417,"Arroz,Huevos,Pan,Pasta,Pañales"
TRX-000418,"Chocolate,Huevos,Manzanas,Pan,Queso"
TRX-000419,"Cerveza,Leche,Manzanas,Pañales"
TRX-000420,"Cafe,Leche,Pan"
TRX-000421,"Cafe,Leche,Pan"
TRX-000422,"Pan,Vino"
TRX-000423,"Arroz,Cerveza,Pañales"
TRX-000424,"Cerveza,Chocolate,Manzanas,Pasta"
TRX-000425,"Arroz,Cafe,Manzanas,Pan"
TRX-000426,"Cafe,Leche,Pan"
TRX-000427,"Cerveza,Huevos,Pan,Pañales,Vino"
TRX-000428,"Cafe,Huevos,Leche,Pan"
TRX-000429,Arroz
TRX-000430,"Arroz,Cerveza,Pañales"
TRX-000431,"Chocolate,Huevos,Leche,Pan,Queso"
TRX-000432,"Cerveza,Pañales"
TRX-000433,"Arroz,Huevos,Queso"
TRX-000434,"Cafe,Leche,Pan"
TRX-000435,Pan
TRX-000436,"Arroz,Cerveza,Pañales"
TRX-000437,"Cafe,Leche,Pan"
TRX-000438,"Cerveza,Pañales"
TRX-000439,"Pan,Pañales"
TRX-000440,"Cafe,Cerveza,Huevos,Pan,Vino"
TRX-000441,"Chocolate,Pan,Vino"
TRX-000442,"Chocolate,Pan,Queso,Vino"
TRX-000443,Pañales
TRX-000444,"Cafe,Huevos,Leche,Pan"
TRX-000445,"Cafe,Pañales,Queso,Vino"
TRX-000446,"Cerveza,Pañales"
TRX-000447,"Cafe,Leche,Manzanas,Pan"
TRX-000448,"Cafe,Leche,Pan,Queso"
TRX-000449,"Cafe,Cerveza,Pan"
TRX-000450,"Cerveza,Pañales"
TRX-000451,"Cerveza,Pan,Pasta,Pañales"
TRX-000452,"Cerveza,Chocolate,Leche,Pan"
TRX-000453,"Cerveza,Pañales"
TRX-000454,"Arroz,Manzanas"
TRX-000455,"Cafe,Leche,Pan"
TRX-000456,"Chocolate,Pasta,Queso"
TRX-000457,"Cafe,Leche,Pan"
TRX-000458,"Cafe,Leche,Pan"
TRX-000459,"Cafe,Huevos,Pan,Queso,Vino"
TRX-000460,"Cafe,Leche,Pan"
TRX-000461,"Cafe,Leche,Pan,Vino"
TRX-000462,"Chocolate,Manzanas"
TRX-000463,"Cafe,Leche,Pan"
TRX-000464,"Cafe,Leche"
TRX-000465,"Arroz,Cerveza,Huevos,Leche,Vino"
TRX-000466,"Chocolate,Leche,Manzanas,Pan,Pasta"
TRX-000467,"Arroz,Chocolate,Leche,Pasta,Vino"
TRX-000468,"Arroz,Cafe,Cerveza,Pañales"
TRX-000469,"Cerveza,Pañales"
TRX-000470,"Cerveza,Pañales"
TRX-000471,"Cafe,Leche,Pan"
TRX-000472,"Cafe,Chocolate,Leche,Queso,Vino"
TRX-000473,"Arroz,Cerveza,Leche,Pan,Pasta"
TRX-000474,"Cerveza,Manzanas,Pasta"
TRX-000475,"Cafe,Leche,Pan"
TRX-000476,"Cerveza,Pañales"
TRX-000477,"Cafe,Cerveza,Leche,Pan"
TRX-000478,"Cerveza,Manzanas,Pañales,Vino"
TRX-000479,"Cerveza,Pañales"
TRX-000480,"Pan,Queso,Vino"
TRX-000481,"Cafe,Leche,Pan,Vino"
TRX-000482,"Cafe,Leche,Manzanas,Pan,Vino"
TRX-000483,Queso
TRX-000484,"Arroz,Huevos,Leche,Pan,Queso"
TRX-000485,"Cafe,Chocolate,Huevos,Leche,Pan"
TRX-000486,"Cafe,Leche,Pan"
TRX-000487,"Cerveza,Pasta,Pañales,Queso,Vino"
TRX-000488,Chocolate
TRX-000489,"Cerveza,Chocolate,Manzanas,Pañales"
TRX-000490,"Cafe,Leche,Pan"
TRX-000491,"Cafe,Chocolate,Queso"
TRX-000492,"Cafe,Chocolate,Pan,Pasta"
TRX-000493,"Cafe,Leche,Pan"
TRX-000494,Pan
TRX-000495,"Cafe,Leche,Pan"
TRX-000496,"Cerveza,Huevos,Pan,Pañales"
TRX-000497,"Manzanas,Pan,Pasta"
TRX-000498,"Huevos,Pasta,Pañales,Queso"
TRX-000499,"Cafe,Chocolate,Pan,Pañales,Queso"
TRX-000500,"Cafe,Leche,Pan,Pasta"
TRX-000501,"Leche,Manzanas"
TRX-000502,"Cerveza,Pañales"
TRX-000503,"Cafe,Leche,Pan"
TRX-000504,"Cerveza,Manzanas,Pañales"
TRX-000505,"Arroz,Chocolate,Huevos,Pasta"
TRX-000506,"Cerveza,Pañales"
TRX-000507,Arroz
TRX-000508,"Cerveza,Pañales"
TRX-000509,"Cafe,Chocolate,Leche,Pan,Queso"
TRX-000510,"Cafe,Leche,Pan"
TRX-000511,"Cerveza,Huevos,Manzanas,Pañales"
TRX-000512,"Cafe,Huevos,Leche,Pan"
TRX-000513,"Cafe,Chocolate"
TRX-000514,"Arroz,Cafe,Huevos,Pan,Vino"
TRX-000515,"Cerveza,Pañales"
TRX-000516,"Cafe,Cerveza,Chocolate,Pasta,Pañales"
TRX-000517,"Huevos,Leche,Pan,Pañales"
TRX-000518,Vino
TRX-000519,"Arroz,Cerveza,Pan,Queso"
TRX-000520,"Cerveza,Chocolate,Huevos,Pañales"
TRX-000521,"Cerveza,Chocolate,Pañales,Queso"
TRX-000522,Queso
TRX-000523,"Arroz,Cerveza,Chocolate,Pañales"
TRX-000524,"Cerveza,Pañales"
TRX-000525,"Cafe,Leche,Manzanas,Pan"
TRX-000526,"Chocolate,Leche,Queso"
TRX-000527,Huevos
TRX-000528,"Cafe,Leche,Pan,Pasta"
TRX-000529,"Cerveza,Leche,Pasta,Pañales"
TRX-000530,"Arroz,Cerveza,Chocolate,Pan,Pasta"
TRX-000531,"Cerveza,Pañales"
TRX-000532,"Leche,Pan,Pasta,Pañales,Queso"
TRX-000533,"Cafe,Leche,Pan"
TRX-000534,"Cerveza,Pañales"
TRX-000535,"Cerveza,Pasta,Pañales,Vino"
TRX-000536,"Cafe,Cerveza,Queso"
TRX-000537,Manzanas
TRX-000538,"Arroz,Cafe,Cerveza,Leche,Pasta"
TRX-000539,"Cerveza,Pañales"
TRX-000540,"Cerveza,Pañales"
TRX-000541,"Cafe,Leche,Pan"
TRX-000542,"Cafe,Leche,Pan"
TRX-000543,"Cerveza,Pañales"
TRX-000544,"Cerveza,Chocolate,Manzanas,Pasta,Queso"
TRX-000545,"Arroz,Cerveza,Chocolate,Pasta"
TRX-000546,"Cerveza,Pañales"
TRX-000547,"Arroz,Cafe,Chocolate,Huevos,Leche"
TRX-000548,"Cerveza,Pañales"
TRX-000549,"Cafe,Leche,Pan,Pasta"
TRX-000550,"Arroz,Pañales"
TRX-000551,"Cafe,Leche,Pan"
TRX-000552,"Cerveza,Huevos,Pan,Pañales"
TRX-000553,"Cafe,Leche,Pan"
TRX-000554,Pañales
TRX-000555,"Cafe,Leche,Pan"
TRX-000556,"Cafe,Leche,Pan"
TRX-000557,"Cafe,Leche,Pan"
TRX-000558,"Arroz,Cafe,Huevos,Pan"
TRX-000559,"Cerveza,Chocolate,Pañales"
TRX-000560,"Cafe,Leche,Pan"
TRX-000561,Manzanas
TRX-000562,"Manzanas,Pasta,Pañales,Queso,Vino"
TRX-000563,"Cafe,Chocolate,Leche,Pan"
TRX-000564,"Cerveza,Pañales"
TRX-000565,"Cafe,Chocolate"
TRX-000566,"Pañales,Vino"
TRX-000567,"Cafe,Cerveza,Huevos,Pañales"
TRX-000568,Vino
TRX-000569,Chocolate
TRX-000570,"Huevos,Pasta,Vino"
TRX-000571,"Pan,Pasta,Vino"
TRX-000572,"Cafe,Huevos,Leche,Pan,Pasta"
TRX-000573,"Leche,Pasta,Vino"
TRX-000574,"Cafe,Leche,Pan"
TRX-000575,"Cerveza,Pañales,Vino"
TRX-000576,"Cafe,Leche,Pan"
TRX-000577,"Cafe,Leche,Pan"
TRX-000578,Cafe
TRX-000579,"Leche,Pañales,Vino"
TRX-000580,"Arroz,Cafe,Pan,Pañales"
TRX-000581,"Cerveza,Pañales"
TRX-000582,"Cerveza,Manzanas,Pañales"
TRX-000583,"Cerveza,Pañales"
TRX-000584,"Cafe,Leche,Pan"
TRX-000585,"Cerveza,Chocolate,Leche,Pan,Pasta"
TRX-000586,"Cafe,Leche"
TRX-000587,"Pasta,Queso,Vino"
TRX-000588,"Arroz,Leche,Manzanas,Queso,Vino"
TRX-000589,"Cafe,Leche,Pan"
TRX-000590,"Cerveza,Leche,Manzanas,Pan,Pañales"
TRX-000591,"Cafe,Leche,Pan"
TRX-000592,"Huevos,Leche"
TRX-000593,"Cafe,Leche,Pan"
TRX-000594,"Cafe,Manzanas,Queso,Vino"
TRX-000595,"Cafe,Leche,Pan,Vino"
TRX-000596,"Cafe,Leche,Pan,Pasta"
TRX-000597,Huevos
TRX-000598,"Cerveza,Pañales"
TRX-000599,"Arroz,Cerveza,Pañales"
TRX-000600,"Cerveza,Leche,Pañales"
TRX-000601,"Cerveza,Queso"
TRX-000602,Arroz
TRX-000603,"Cerveza,Pañales"
TRX-000604,"Cafe,Leche,Pan,Vino"
TRX-000605,"Huevos,Manzanas,Pan,Pañales"
TRX-000606,"Cerveza,Pañales"
TRX-000607,"Chocolate,Pañales,Vino"
TRX-000608,"Cafe,Cerveza,Leche,Pañales,Vino"
TRX-000609,"Cafe,Leche,Pan,Pañales"
TRX-000610,"Huevos,Leche,Manzanas,Queso,Vino"
TRX-000611,Cerveza
TRX-000612,"Cerveza,Chocolate,Pañales"
TRX-000613,"Arroz,Chocolate,Pan,Pañales,Vino"
TRX-000614,"Cerveza,Huevos,Leche,Pañales,Vino"
TRX-000615,"Cafe,Cerveza,Chocolate,Huevos,Pasta"
TRX-000616,"Cafe,Leche,Pan"
TRX-000617,"Cerveza,Chocolate,Pasta,Pañales"
TRX-000618,Huevos
TRX-000619,"Cafe,Cerveza,Pañales"
TRX-000620,"Cafe,Leche,Pan"
TRX-000621,"Chocolate,Leche,Manzanas,Pan"
TRX-000622,"Arroz,Cerveza,Manzanas,Pañales,Vino"
TRX-000623,"Arroz,Cafe,Chocolate,Pañales,Queso"
TRX-000624,"Cerveza,Pañales"
TRX-000625,"Arroz,Cerveza,Huevos,Pan"
TRX-000626,"Pan,Pasta,Vino"
TRX-000627,"Chocolate,Vino"
TRX-000628,"Cerveza,Pañales"
TRX-000629,"Cerveza,Pañales"
TRX-000630,"Cafe,Manzanas,Vino"
TRX-000631,"Cerveza,Pasta,Pañales,Vino"
TRX-000632,"Arroz,Huevos,Pasta,Pañales,Queso"
TRX-000633,Leche
TRX-000634,"Cafe,Queso,Vino"
TRX-000635,Huevos
TRX-000636,Pañales
TRX-000637,"Cafe,Leche,Pan"
TRX-000638,Pañales
TRX-000639,"Arroz,Cafe,Cerveza,Manzanas,Pasta"
TRX-000640,"Cerveza,Pan,Pasta,Queso,Vino"
TRX-000641,"Cerveza,Pasta,Pañales"
TRX-000642,Huevos
TRX-000643,Leche
TRX-000644,"Arroz,Huevos,Manzanas,Pan,Queso"
TRX-000645,"Cerveza,Pañales"
TRX-000646,"Arroz,Chocolate,Pan,Pañales,Queso"
TRX-000647,"Cafe,Leche,Pan"
TRX-000648,Cafe
TRX-000649,"Cafe,Leche,Pan,Pasta"
TRX-000650,"Cerveza,Pañales"
TRX-000651,"Cafe,Cerveza,Manzanas,Pan,Pañales"
TRX-000652,"Chocolate,Leche,Queso,Vino"
TRX-000653,"Cerveza,Huevos,Vino"
TRX-000654,"Cerveza,Chocolate,Huevos,Pasta,Pañales"
TRX-000655,"Cerveza,Pañales"
TRX-000656,"Pan,Pañales"
TRX-000657,"Cafe,Leche,Pan"
TRX-000658,"Cafe,Leche,Pan"
TRX-000659,"Cafe,Leche,Pan"
TRX-000660,"Cafe,Leche,Pan"
TRX-000661,"Huevos,Pasta,Pañales,Queso,Vino"
TRX-000662,"Pasta,Pañales"
TRX-000663,"Cerveza,Chocolate,Pan,Pañales"
TRX-000664,"Arroz,Cafe,Cerveza,Chocolate"
TRX-000665,"Cafe,Leche,Queso,Vino"
TRX-000666,"Cafe,Chocolate,Leche,Pan"
TRX-000667,"Arroz,Chocolate,Huevos,Queso"
TRX-000668,Leche
TRX-000669,"Cerveza,Manzanas,Queso"
TRX-000670,"Cafe,Leche,Pan"
TRX-000671,"Cafe,Leche,Pan"
TRX-000672,"Cerveza,Pañales"
TRX-000673,"Manzanas,Pan,Queso"
TRX-000674,Pañales
TRX-000675,"Arroz,Cafe,Cerveza,Leche,Pan"
TRX-000676,"Cafe,Leche,Pan"
TRX-000677,"Cerveza,Chocolate,Pan,Pasta,Queso"
TRX-000678,"Arroz,Cafe,Pañales"
TRX-000679,"Cafe,Leche,Pan"
TRX-000680,"Arroz,Pasta,Queso"
TRX-000681,"Cafe,Cerveza,Leche,Pan,Pasta"
TRX-000682,"Cerveza,Pañales"
TRX-000683,"Pan,Vino"
TRX-000684,"Cerveza,Pañales"
TRX-000685,"Cafe,Leche,Pan"
TRX-000686,"Cerveza,Pañales,Vino"
TRX-000687,"Pan,Queso"
TRX-000688,"Cerveza,Pañales"
TRX-000689,"Cerveza,Pañales"
TRX-000690,"Arroz,Cafe,Huevos,Pan,Pasta"
TRX-000691,"Cafe,Huevos,Leche,Pan,Pasta"
TRX-000692,"Cafe,Leche,Pan"
TRX-000693,"Cafe,Leche,Pan"
TRX-000694,"Cerveza,Pañales"
TRX-000695,"Cafe,Huevos,Manzanas,Pañales"
TRX-000696,"Arroz,Chocolate,Huevos,Manzanas,Queso"
TRX-000697,"Arroz,Leche,Pan,Queso,Vino"
TRX-000698,"Cerveza,Pañales,Vino"
TRX-000699,"Cafe,Cerveza,Pañales,Vino"
TRX-000700,"Cafe,Leche,Pan"
TRX-000701,"Huevos,Pan,Queso"
TRX-000702,"Cerveza,Pañales"
TRX-000703,"Chocolate,Pañales"
TRX-000704,"Arroz,Cafe,Leche,Pan,Queso"
TRX-000705,"Arroz,Huevos,Leche,Pasta,Queso"
TRX-000706,"Cafe,Chocolate,Leche,Pan"
TRX-000707,"Arroz,Leche"
TRX-000708,"Cafe,Leche,Pan"
TRX-000709,"Leche,Pasta"
TRX-000710,"Pan,Pasta,Queso,Vino"
TRX-000711,"Chocolate,Manzanas"
TRX-000712,"Arroz,Cafe,Huevos,Leche,Manzanas"
TRX-000713,"Arroz,Cafe,Cerveza,Manzanas,Pañales"
TRX-000714,"Arroz,Cafe,Pañales"
TRX-000715,"Cerveza,Pañales,Vino"
TRX-000716,"Cerveza,Chocolate,Huevos,Pan,Pañales"
TRX-000717,"Cafe,Manzanas"
TRX-000718,"Cerveza,Pañales"
TRX-000719,"Cafe,Cerveza,Pan,Pasta,Pañales"
TRX-000720,"Cafe,Chocolate,Leche,Manzanas,Pañales"
TRX-000721,"Cerveza,Pañales"
TRX-000722,"Chocolate,Manzanas,Pañales"
TRX-000723,"Leche,Pañales"
TRX-000724,Chocolate
TRX-000725,"Cafe,Pañales"
TRX-000726,"Huevos,Leche,Manzanas,Pan,Pañales"
TRX-000727,"Pan,Vino"
TRX-000728,"Cafe,Cerveza,Manzanas,Pañales"
TRX-000729,"Cerveza,Pañales,Queso"
TRX-000730,"Arroz,Chocolate,Pañales"
TRX-000731,"Arroz,Cafe,Queso"
TRX-000732,"Cafe,Leche,Pan,Pañales"
TRX-000733,"Arroz,Cerveza,Huevos,Pan"
TRX-000734,"Cafe,Leche,Pan"
TRX-000735,"Cafe,Huevos,Pasta,Queso"
TRX-000736,"Cafe,Leche,Pan,Pasta,Pañales"
TRX-000737,"Cafe,Cerveza,Huevos,Leche,Pan"
TRX-000738,"Cerveza,Pañales"
TRX-000739,"Cafe,Leche,Pan,Vino"
TRX-000740,"Cafe,Leche,Pan"
TRX-000741,Arroz
TRX-000742,"Arroz,Chocolate,Manzanas,Pañales"
TRX-000743,"Cafe,Cerveza,Chocolate,Huevos,Pañales"
TRX-000744,"Cafe,Cerveza,Pan"
TRX-000745,"Arroz,Leche,Pan,Pañales"
TRX-000746,"Cafe,Leche,Manzanas,Queso"
TRX-000747,"Cafe,Cerveza,Manzanas,Pasta,Queso"
TRX-000748,"Cafe,Chocolate,Huevos,Leche,Pan"
TRX-000749,Arroz
TRX-000750,"Cafe,Huevos,Leche,Pan"
TRX-000751,"Cafe,Cerveza,Chocolate,Pasta,Queso"
TRX-000752,"Cafe,Leche,Pan"
TRX-000753,"Cerveza,Pañales,Queso,Vino"
TRX-000754,"Arroz,Cafe,Leche,Pan"
TRX-000755,"Cerveza,Pañales"
TRX-000756,"Cerveza,Pasta,Pañales,Vino"
TRX-000757,"Cafe,Pan,Vino"
TRX-000758,"Cafe,Huevos,Leche,Pan"
TRX-000759,"Cafe,Leche,Manzanas,Pan"
TRX-000760,"Arroz,Cerveza,Leche,Pasta,Pañales"
TRX-000761,"Arroz,Leche,Manzanas,Queso"
TRX-000762,"Cafe,Leche,Pan,Pañales"
TRX-000763,"Cerveza,Manzanas,Pañales,Vino"
TRX-000764,"Cafe,Leche,Pan"
TRX-000765,"Cerveza,Leche,Pan,Pañales"
TRX-000766,Huevos
TRX-000767,"Cerveza,Manzanas,Pan,Pasta,Pañales"
TRX-000768,Huevos
TRX-000769,"Cafe,Leche,Pan"
TRX-000770,"Chocolate,Huevos"
TRX-000771,"Cerveza,Pañales"
TRX-000772,"Cafe,Leche,Pan,Pañales"
TRX-000773,"Leche,Manzanas,Pasta"
TRX-000774,"Cafe,Chocolate,Pan,Pasta,Pañales"
TRX-000775,"Huevos,Pan"
TRX-000776,"Cerveza,Pañales"
TRX-000777,"Cerveza,Pañales"
TRX-000778,"Arroz,Cerveza,Leche"
TRX-000779,"Cafe,Leche,Pan"
TRX-000780,"Cerveza,Pañales"
TRX-000781,"Cafe,Leche,Pan"
TRX-000782,"Cafe,Leche,Pan"
TRX-000783,"Cafe,Leche,Pan"
TRX-000784,"Arroz,Huevos,Pan,Pañales"
TRX-000785,"Pasta,Pañales"
TRX-000786,"Cafe,Leche,Pan"
TRX-000787,"Cafe,Chocolate,Vino"
TRX-000788,"Cafe,Leche,Pan"
TRX-000789,"Cafe,Leche,Pan"
TRX-000790,"Arroz,Cerveza,Pan,Pañales"
TRX-000791,"Huevos,Manzanas,Pan,Vino"
TRX-000792,"Cafe,Leche,Pan"
TRX-000793,"Cerveza,Chocolate,Pañales"
TRX-000794,"Cafe,Leche,Pan,Queso"
TRX-000795,"Arroz,Cafe,Chocolate"
TRX-000796,"Cerveza,Huevos,Pañales"
TRX-000797,"Cerveza,Huevos,Pasta,Pañales,Queso"
TRX-000798,Manzanas
TRX-000799,"Cafe,Leche,Pan"
TRX-000800,"Pan,Pasta,Vino"
TRX-000801,Cerveza
TRX-000802,Manzanas
TRX-000803,"Manzanas,Queso,Vino"
TRX-000804,"Cafe,Pasta,Pañales,Queso,Vino"
TRX-000805,"Cafe,Leche,Pan,Pañales"
TRX-000806,Pasta
TRX-000807,"Cafe,Leche,Pan,Vino"
TRX-000808,"Cafe,Leche,Pan"
TRX-000809,"Cerveza,Leche,Pañales,Queso"
TRX-000810,"Arroz,Cerveza,Chocolate,Queso"
TRX-000811,"Cerveza,Pañales"
TRX-000812,"Cafe,Leche,Pan"
TRX-000813,"Cerveza,Pañales"
TRX-000814,"Pasta,Vino"
TRX-000815,"Cerveza,Leche,Pasta,Pañales,Queso"
TRX-000816,"Arroz,Cerveza,Leche"
TRX-000817,"Cafe,Leche,Pan,Pañales"
TRX-000818,"Cafe,Chocolate,Vino"
TRX-000819,"Cerveza,Pañales"
TRX-000820,"Cafe,Leche,Pan"
TRX-000821,Cerveza
TRX-000822,"Cafe,Chocolate,Leche,Manzanas,Pasta"
TRX-000823,"Cafe,Huevos,Leche,Pan"
TRX-000824,"Cafe,Leche,Pan"
TRX-000825,"Cafe,Huevos,Leche,Manzanas,Vino"
TRX-000826,Vino
TRX-000827,"Cerveza,Pasta,Pañales"
TRX-000828,"Cerveza,Pañales,Queso,Vino"
TRX-000829,"Cafe,Leche,Pan"
TRX-000830,"Arroz,Cafe"
TRX-000831,"Cafe,Cerveza,Manzanas,Pañales"
TRX-000832,"Cafe,Leche,Pan,Pasta,Vino"
TRX-000833,"Cafe,Leche,Pan"
TRX-000834,"Arroz,Cerveza,Pañales"
TRX-000835,Cafe
TRX-000836,"Cafe,Leche,Pan"
TRX-000837,"Cafe,Cerveza,Vino"
TRX-000838,"Pan,Pasta,Queso"
TRX-000839,"Cafe,Leche,Manzanas,Pan"
TRX-000840,"Queso,Vino"
TRX-000841,"Cafe,Pasta"
TRX-000842,"Cafe,Leche,Pan"
TRX-000843,"Cerveza,Manzanas"
TRX-000844,"Cerveza,Pañales"
TRX-000845,"Cerveza,Huevos,Pañales,Queso"
TRX-000846,"Cerveza,Huevos,Pasta"
TRX-000847,"Cerveza,Huevos,Pasta,Pañales"
TRX-000848,"Cerveza,Chocolate,Pañales"
TRX-000849,"Chocolate,Pan,Queso,Vino"
TRX-000850,"Arroz,Pasta,Queso"
TRX-000851,"Cerveza,Pañales"
TRX-000852,"Cerveza,Pañales"
TRX-000853,"Cerveza,Chocolate,Pañales"
TRX-000854,"Cerveza,Pañales"
TRX-000855,"Cerveza,Pañales"
TRX-000856,"Manzanas,Pan,Queso,Vino"
TRX-000857,"Arroz,Cerveza,Huevos,Pañales,Queso"
TRX-000858,"Cafe,Leche,Pan"
TRX-000859,"Cerveza,Chocolate,Pasta"
TRX-000860,"Cerveza,Huevos,Pañales"
TRX-000861,"Cafe,Leche,Pan"
TRX-000862,"Cafe,Leche,Pan"
TRX-000863,Huevos
TRX-000864,"Cafe,Leche,Pan,Vino"
TRX-000865,Pan
TRX-000866,"Cerveza,Huevos,Manzanas,Pañales,Vino"
TRX-000867,"Cafe,Leche,Vino"
TRX-000868,"Cafe,Leche,Pan"
TRX-000869,"Huevos,Manzanas,Pañales,Vino"
TRX-000870,Arroz
TRX-000871,"Arroz,Manzanas,Pan"
TRX-000872,"Pan,Pasta"
TRX-000873,"Cerveza,Pañales"
TRX-000874,"Chocolate,Pañales"
TRX-000875,"Cafe,Leche,Pan"
TRX-000876,"Cerveza,Chocolate,Huevos,Manzanas,Queso"
TRX-000877,"Cerveza,Pañales"
TRX-000878,"Cafe,Huevos,Leche,Pan"
TRX-000879,"Cafe,Leche,Pan"
TRX-000880,"Cafe,Huevos,Manzanas,Queso,Vino"
TRX-000881,"Cafe,Leche,Pan,Queso"
TRX-000882,Chocolate
TRX-000883,"Cafe,Cerveza,Pañales"
TRX-000884,"Arroz,Huevos,Manzanas,Queso"
TRX-000885,"Arroz,Manzanas,Pasta"
TRX-000886,"Cafe,Cerveza,Leche,Pan,Pañales"
TRX-000887,"Cafe,Leche,Pan"
TRX-000888,"Cafe,Chocolate,Leche,Pan,Vino"
TRX-000889,"Cafe,Leche,Pan"
TRX-000890,"Arroz,Pan"
TRX-000891,"Cafe,Leche,Pan,Queso"
TRX-000892,"Cerveza,Pañales"
TRX-000893,"Cafe,Leche,Pan"
TRX-000894,"Arroz,Cafe,Cerveza,Chocolate,Huevos"
TRX-000895,Pan
TRX-000896,"Cafe,Leche,Pan"
TRX-000897,Queso
TRX-000898,"Arroz,Cafe,Huevos,Pasta,Pañales"
TRX-000899,"Arroz,Chocolate,Manzanas"
TRX-000900,"Cerveza,Huevos,Pasta,Pañales"
TRX-000901,"Manzanas,Queso"
TRX-000902,"Arroz,Chocolate,Leche,Vino"
TRX-000903,"Cerveza,Pañales"
TRX-000904,Pañales
TRX-000905,Chocolate
TRX-000906,"Cafe,Leche,Pan"
TRX-000907,"Cerveza,Pañales"
TRX-000908,"Cerveza,Pañales"
TRX-000909,"Arroz,Cafe,Cerveza,Pan,Queso"
TRX-000910,"Cerveza,Pan,Pañales"
TRX-000911,"Cerveza,Chocolate,Pañales"
TRX-000912,"Huevos,Pan"
TRX-000913,"Cerveza,Huevos,Pañales"
TRX-000914,"Chocolate,Leche,Manzanas,Pasta"
TRX-000915,Queso
TRX-000916,"Cafe,Leche,Pan"
TRX-000917,"Pan,Pasta"
TRX-000918,Arroz
TRX-000919,Pan
TRX-000920,"Arroz,Chocolate,Manzanas"
TRX-000921,"Cerveza,Pañales"
TRX-000922,"Cerveza,Huevos,Pañales"
TRX-000923,"Cerveza,Chocolate,Pañales,Vino"
TRX-000924,"Cerveza,Chocolate,Pasta"
TRX-000925,"Cerveza,Pañales"
TRX-000926,"Cafe,Cerveza,Huevos,Manzanas,Pañales"
TRX-000927,"Cerveza,Pañales"
TRX-000928,"Cerveza,Pañales"
TRX-000929,"Manzanas,Pan,Pasta,Pañales,Vino"
TRX-000930,"Cafe,Leche,Pan"
TRX-000931,"Manzanas,Queso"
TRX-000932,Pasta
TRX-000933,"Leche,Pasta"
TRX-000934,"Cerveza,Leche,Pan,Pasta,Pañales"
TRX-000935,"Leche,Pasta,Pañales,Vino"
TRX-000936,"Cafe,Leche,Pan"
TRX-000937,"Cerveza,Pan,Pañales"
TRX-000938,"Cerveza,Pañales"
TRX-000939,"Cafe,Cerveza,Leche,Pan"
TRX-000940,"Cerveza,Pañales"
TRX-000941,"Huevos,Leche,Pan,Queso"
TRX-000942,"Arroz,Cafe,Leche,Pan,Pasta"
TRX-000943,"Arroz,Cerveza,Huevos,Pañales"
TRX-000944,"Cafe,Leche,Pan"
TRX-000945,"Pañales,Queso"
TRX-000946,"Cerveza,Manzanas,Pañales"
TRX-000947,"Cafe,Leche,Pan"
TRX-000948,"Cerveza,Manzanas,Pan,Pasta,Pañales"
TRX-000949,Leche
TRX-000950,"Cafe,Leche,Pan,Queso,Vino"
TRX-000951,"Cafe,Huevos,Leche,Pan"
TRX-000952,"Cerveza,Huevos,Pan,Pañales"
TRX-000953,"Cerveza,Pañales"
TRX-000954,"Arroz,Cafe,Pan"
TRX-000955,"Cerveza,Pasta,Pañales"
TRX-000956,"Huevos,Leche,Pañales"
TRX-000957,"Cafe,Cerveza,Leche,Pan"
TRX-000958,"Cafe,Leche,Pan,Pasta,Queso"
TRX-000959,"Cafe,Leche,Pan"
TRX-000960,"Cafe,Chocolate,Huevos,Leche,Pan"
TRX-000961,"Cerveza,Pañales"
TRX-000962,"Cafe,Leche,Pan,Pasta"
TRX-000963,"Cafe,Leche,Pan"
TRX-000964,Arroz
TRX-000965,"Cafe,Manzanas,Pañales,Queso"
TRX-000966,"Cerveza,Pañales"
TRX-000967,"Cerveza,Pañales"
TRX-000968,"Cafe,Leche,Pan"
TRX-000969,"Cafe,Cerveza,Pañales"
TRX-000970,"Arroz,Huevos,Manzanas,Queso"
TRX-000971,"Cafe,Leche,Pan"
TRX-000972,Huevos
TRX-000973,"Cerveza,Pañales,Vino"
TRX-000974,"Cafe,Leche,Pan"
TRX-000975,"Cafe,Leche,Pan"
TRX-000976,"Arroz,Cafe,Chocolate,Pan,Queso"
TRX-000977,"Cerveza,Manzanas"
TRX-000978,"Cafe,Leche,Pan"
TRX-000979,"Arroz,Chocolate,Pan,Vino"
TRX-000980,"Cerveza,Leche,Pan,Vino"
TRX-000981,"Chocolate,Huevos,Pan,Pañales"
TRX-000982,"Cerveza,Pañales"
TRX-000983,"Arroz,Cafe,Pan,Pañales,Queso"
TRX-000984,"Cerveza,Pañales"
TRX-000985,"Cafe,Huevos,Manzanas,Pan,Pañales"
TRX-000986,"Cerveza,Pañales"
TRX-000987,"Cerveza,Pañales"
TRX-000988,"Cerveza,Pasta,Pañales"
TRX-000989,"Cafe,Leche,Pan"
TRX-000990,"Huevos,Pañales,Vino"
TRX-000991,"Cafe,Leche,Pan"
TRX-000992,"Cerveza,Pañales"
TRX-000993,Pan
TRX-000994,"Huevos,Leche"
TRX-000995,"Cafe,Leche,Pan"
TRX-000996,"Arroz,Chocolate,Queso"
TRX-000997,"Cerveza,Pañales"
TRX-000998,"Cafe,Leche,Pan"
TRX-000999,"Cafe,Leche,Pan,Queso"
TRX-001000,"Huevos,Leche"
TRX-001001,"Cafe,Chocolate,Huevos,Manzanas,Pañales"
TRX-001002,"Cafe,Leche,Pan"
TRX-001003,"Cafe,Leche,Pan"
TRX-001004,"Cafe,Leche,Pan"
TRX-001005,"Leche,Pan,Pasta,Pañales,Vino"
TRX-001006,"Cerveza,Huevos,Pan,Pañales"
TRX-001007,"Cafe,Leche"
TRX-001008,Arroz
TRX-001009,"Cafe,Leche,Pan"
TRX-001010,"Cerveza,Pan,Pañales"
TRX-001011,"Arroz,Leche,Pan"
TRX-001012,"Cerveza,Huevos,Pan,Pañales"
TRX-001013,"Cerveza,Pan,Pasta,Pañales,Vino"
TRX-001014,"Huevos,Vino"
TRX-001015,"Chocolate,Pasta"
TRX-001016,"Huevos,Leche,Manzanas,Pasta,Vino"
TRX-001017,"Huevos,Pasta,Pañales,Vino"
TRX-001018,"Cafe,Chocolate,Leche,Pan,Pañales"
TRX-001019,"Cerveza,Leche,Manzanas,Pan,Queso"
TRX-001020,"Cerveza,Pañales"
TRX-001021,"Cafe,Leche,Pan"
TRX-001022,"Cafe,Leche,Pan"
TRX-001023,"Cafe,Leche,Pan"
TRX-001024,"Chocolate,Huevos,Pan,Queso"
TRX-001025,Arroz
TRX-001026,"Cafe,Leche,Pan"
TRX-001027,"Cafe,Cerveza,Manzanas,Queso,Vino"
TRX-001028,"Arroz,Huevos,Queso"
TRX-001029,"Cerveza,Pañales,Vino"
TRX-001030,"Cafe,Leche,Pan"
TRX-001031,"Cafe,Leche,Pan"
TRX-001032,"Cafe,Leche,Pan"
TRX-001033,"Cafe,Huevos,Leche,Pan"
TRX-001034,"Cafe,Pan,Pasta,Queso,Vino"
TRX-001035,"Arroz,Cerveza,Chocolate,Pan,Pañales"
TRX-001036,"Cafe,Pañales"
TRX-001037,"Cafe,Leche,Pan"
TRX-001038,"Cerveza,Pañales"
TRX-001039,"Cafe,Leche,Pan,Vino"
TRX-001040,"Cafe,Cerveza,Manzanas,Pañales,Vino"
TRX-001041,"Cafe,Huevos,Leche,Pan,Pasta"
TRX-001042,"Arroz,Cerveza,Pasta,Pañales,Vino"
TRX-001043,"Cafe,Leche,Manzanas,Pan,Vino"
TRX-001044,"Cerveza,Pañales"
TRX-001045,"Cafe,Leche,Pan"
TRX-001046,"Cafe,Leche,Pan"
TRX-001047,"Arroz,Cerveza,Pañales,Vino"
TRX-001048,"Pañales,Queso,Vino"
TRX-001049,"Cafe,Leche,Pan"
TRX-001050,"Cafe,Leche,Pan"
TRX-001051,"Pañales,Queso"
TRX-001052,"Cafe,Leche,Pan"
TRX-001053,"Arroz,Huevos,Pan,Pasta"
TRX-001054,"Cafe,Leche,Pan"
TRX-001055,"Cerveza,Pañales,Vino"
TRX-001056,"Cafe,Leche,Pan"
TRX-001057,"Cafe,Leche,Pan"
TRX-001058,"Cafe,Leche,Pan"
TRX-001059,"Cafe,Leche,Pan,Pasta,Pañales"
TRX-001060,"Cerveza,Pañales"
TRX-001061,"Arroz,Cafe,Cerveza,Chocolate,Leche"
TRX-001062,"Pan,Pañales,Queso"
TRX-001063,"Cafe,Pan,Pañales,Queso,Vino"
TRX-001064,"Chocolate,Leche,Pasta,Queso"
TRX-001065,"Cafe,Chocolate,Pañales"
TRX-001066,"Cafe,Leche,Pan"
TRX-001067,"Cerveza,Huevos,Pasta"
TRX-001068,"Chocolate,Queso"
TRX-001069,"Cafe,Leche,Pan"
TRX-001070,"Cerveza,Pañales"
TRX-001071,"Cerveza,Pañales,Queso"
TRX-001072,"Arroz,Cerveza,Leche,Pan"
TRX-001073,"Pasta,Vino"
TRX-001074,"Cafe,Pan,Pasta,Pañales"
TRX-001075,Leche
TRX-001076,"Cerveza,Pañales"
TRX-001077,"Cerveza,Chocolate,Manzanas,Pasta,Pañales"
TRX-001078,"Arroz,Leche,Pan,Pasta,Pañales"
TRX-001079,"Cerveza,Pañales"
TRX-001080,"Cafe,Leche,Pan,Pañales"
TRX-001081,"Cafe,Leche,Pan"
TRX-001082,"Chocolate,Leche,Pañales,Queso"
TRX-001083,"Cafe,Cerveza,Chocolate,Pan"
TRX-001084,"Arroz,Cafe,Leche,Manzanas,Pan"
TRX-001085,Manzanas
TRX-001086,Cerveza
TRX-001087,"Cerveza,Pan"
TRX-001088,"Cafe,Leche,Pan"
TRX-001089,Pañales
TRX-001090,"Cafe,Leche,Pan"
TRX-001091,"Arroz,Cerveza,Huevos,Leche,Pan"
TRX-001092,"Cerveza,Pañales"
TRX-001093,Chocolate
TRX-001094,"Cerveza,Leche,Pasta,Queso"
TRX-001095,"Cerveza,Manzanas,Pan,Pañales,Vino"
TRX-001096,"Cerveza,Chocolate,Leche,Pañales"
TRX-001097,"Cafe,Leche,Pan"
TRX-001098,"Cerveza,Huevos,Leche,Vino"
TRX-001099,"Arroz,Cerveza,Pan,Pasta,Pañales"
TRX-001100,"Arroz,Cafe,Leche"
TRX-001101,"Arroz,Manzanas,Queso"
TRX-001102,"Cafe,Leche,Pan"
TRX-001103,"Arroz,Cerveza,Pañales,Vino"
TRX-001104,"Huevos,Leche,Pan,Pasta,Pañales"
TRX-001105,"Huevos,Leche,Pañales"
TRX-001106,"Arroz,Cafe,Cerveza,Leche,Pan"
TRX-001107,"Cerveza,Pañales"
TRX-001108,"Cafe,Vino"
TRX-001109,"Cafe,Chocolate,Leche,Pañales,Queso"
TRX-001110,"Cerveza,Pañales"
TRX-001111,"Leche,Pasta"
TRX-001112,"Cafe,Manzanas,Vino"
TRX-001113,"Cerveza,Pan,Pañales,Queso"
TRX-001114,"Cerveza,Pañales,Vino"
TRX-001115,"Cafe,Leche,Pan"
TRX-001116,"Arroz,Cerveza,Pañales"
TRX-001117,"Manzanas,Queso"
TRX-001118,"Huevos,Queso,Vino"
TRX-001119,"Cerveza,Pasta,Pañales"
TRX-001120,"Cafe,Leche,Pan"
TRX-001121,"Cafe,Leche,Pan"
TRX-001122,"Cerveza,Pan,Pañales"
TRX-001123,"Cafe,Leche,Pan"
TRX-001124,Vino
TRX-001125,"Cerveza,Pasta,Pañales,Vino"
TRX-001126,"Cerveza,Pañales,Queso"
TRX-001127,"Cerveza,Manzanas,Queso"
TRX-001128,Vino
TRX-001129,"Cafe,Leche,Pan"
TRX-001130,"Cafe,Leche,Pan"
TRX-001131,"Arroz,Manzanas"
TRX-001132,"Cafe,Manzanas,Pan,Vino"
TRX-001133,"Arroz,Cafe,Leche,Pan"
TRX-001134,"Arroz,Cafe,Leche,Manzanas,Vino"
TRX-001135,"Cerveza,Pañales"
TRX-001136,"Cafe,Huevos,Leche,Pan,Pasta"
TRX-001137,"Cafe,Leche,Pan"
TRX-001138,"Chocolate,Pañales"
TRX-001139,"Cerveza,Huevos,Leche,Pasta"
TRX-001140,"Cerveza,Pañales"
TRX-001141,"Cerveza,Huevos,Leche,Pañales"
TRX-001142,"Manzanas,Pan"
TRX-001143,"Chocolate,Huevos,Queso"
TRX-001144,"Cerveza,Leche,Pan,Queso"
TRX-001145,"Pasta,Queso,Vino"
TRX-001146,"Cafe,Leche,Pan"
TRX-001147,Manzanas
TRX-001148,"Cerveza,Pañales"
TRX-001149,"Arroz,Chocolate,Pasta"
TRX-001150,"Cafe,Leche,Pan,Pasta"
TRX-001151,Cafe
TRX-001152,"Cafe,Leche,Pan"
TRX-001153,"Cerveza,Huevos,Leche,Pañales"
TRX-001154,"Arroz,Cerveza,Chocolate,Manzanas,Pasta"
TRX-001155,Leche
TRX-001156,"Cafe,Leche,Pan"
TRX-001157,"Cerveza,Pan,Pañales"
TRX-001158,"Cerveza,Manzanas,Pañales"
TRX-001159,"Cerveza,Pañales"
TRX-001160,"Cafe,Leche,Pan"
TRX-001161,"Cafe,Huevos,Queso,Vino"
TRX-001162,"Cafe,Leche,Pan"
TRX-001163,Pañales
TRX-001164,"Arroz,Vino"
TRX-001165,Vino
TRX-001166,"Manzanas,Queso"
TRX-001167,"Cafe,Leche,Pan,Pañales"
TRX-001168,"Cerveza,Pañales"
TRX-001169,"Cafe,Huevos,Leche,Pan"
TRX-001170,"Cerveza,Pañales"
TRX-001171,"Cafe,Leche,Pan,Vino"
TRX-001172,"Chocolate,Leche,Pasta"
TRX-001173,"Cerveza,Pañales"
TRX-001174,"Cafe,Cerveza,Leche,Manzanas,Pan"
TRX-001175,"Cafe,Leche,Pan"
TRX-001176,"Cafe,Huevos,Leche,Manzanas,Pan"
TRX-001177,"Cerveza,Pañales"
TRX-001178,"Leche,Manzanas,Queso,Vino"
TRX-001179,"Cafe,Leche,Pan"
TRX-001180,"Cafe,Chocolate,Leche,Pan"
TRX-001181,"Cerveza,Pañales"
TRX-001182,"Manzanas,Pan,Pasta,Queso,Vino"
TRX-001183,"Cerveza,Leche,Manzanas,Pañales"
TRX-001184,"Chocolate,Manzanas,Pañales"
TRX-001185,"Cerveza,Pañales"
TRX-001186,"Arroz,Pan,Pasta,Vino"
TRX-001187,Pañales
TRX-001188,Huevos
TRX-001189,"Cerveza,Pañales"
TRX-001190,"Cerveza,Manzanas,Pan,Pasta,Queso"
TRX-001191,Chocolate
TRX-001192,"Cafe,Chocolate,Leche,Pan"
TRX-001193,"Huevos,Pan"
TRX-001194,"Arroz,Cerveza,Pan,Pañales,Queso"
TRX-001195,"Cerveza,Pañales"
TRX-001196,Arroz
TRX-001197,"Cafe,Leche,Pan,Pasta"
TRX-001198,"Cafe,Leche,Pan"
TRX-001199,"Arroz,Cafe,Queso"
TRX-001200,"Cerveza,Leche,Pañales"
TRX-001201,"Cerveza,Pañales"
TRX-001202,"Huevos,Manzanas,Vino"
TRX-001203,"Cafe,Manzanas,Pan"
TRX-001204,"Cafe,Leche,Pan"
TRX-001205,"Cafe,Leche,Pan"
TRX-001206,"Arroz,Chocolate,Manzanas,Pasta,Vino"
TRX-001207,"Cerveza,Huevos,Leche"
TRX-001208,"Cafe,Leche,Pan,Pañales"
TRX-001209,Cafe
TRX-001210,"Cerveza,Pan,Pañales"
TRX-001211,"Arroz,Cafe,Huevos,Queso"
TRX-001212,"Cafe,Leche,Pan"
TRX-001213,"Cafe,Leche,Pan"
TRX-001214,"Cerveza,Chocolate,Pañales"
TRX-001215,Pasta
TRX-001216,"Cafe,Huevos,Leche,Pan,Pasta"
TRX-001217,"Chocolate,Manzanas,Pan,Pañales,Queso"
TRX-001218,"Cafe,Leche,Pan"
TRX-001219,"Cerveza,Leche,Pasta"
TRX-001220,"Cerveza,Huevos,Pañales,Queso"
TRX-001221,"Cafe,Cerveza,Leche,Pan,Vino"
TRX-001222,"Arroz,Cerveza,Chocolate"
TRX-001223,"Chocolate,Pañales"
TRX-001224,"Cafe,Leche,Pan"
TRX-001225,Pan
TRX-001226,"Cerveza,Pañales"
TRX-001227,"Cafe,Cerveza,Huevos,Leche,Pan"
TRX-001228,"Cafe,Leche,Pan"
TRX-001229,"Cerveza,Pañales"
TRX-001230,"Cerveza,Pañales"
TRX-001231,"Cerveza,Pan,Pasta,Pañales"
TRX-001232,"Cafe,Leche,Pan"
TRX-001233,"Cafe,Leche,Pan"
TRX-001234,"Arroz,Pasta,Queso,Vino"
TRX-001235,"Arroz,Chocolate,Huevos,Pañales,Vino"
TRX-001236,"Chocolate,Huevos,Manzanas,Pan,Pañales"
TRX-001237,"Cafe,Huevos,Leche,Pasta"
TRX-001238,"Cerveza,Pañales,Vino"
TRX-001239,"Arroz,Leche"
TRX-001240,"Arroz,Cafe,Leche,Pan,Vino"
TRX-001241,"Leche,Pasta,Vino"
TRX-001242,"Cafe,Leche,Pan"
TRX-001243,"Cerveza,Huevos,Pasta"
TRX-001244,"Cerveza,Chocolate,Pañales,Queso"
TRX-001245,"Cerveza,Leche,Pañales,Queso"
TRX-001246,"Cafe,Leche,Pan"
TRX-001247,"Cafe,Leche,Pan"
TRX-001248,"Cerveza,Pañales"
TRX-001249,"Cerveza,Pañales"
TRX-001250,Manzanas
TRX-001251,"Cafe,Cerveza,Pasta,Queso,Vino"
TRX-001252,"Arroz,Queso"
TRX-001253,"Cafe,Leche,Pan"
TRX-001254,"Cerveza,Manzanas"
TRX-001255,"Manzanas,Pasta,Pañales,Queso"
TRX-001256,"Cerveza,Pañales"
TRX-001257,"Arroz,Cerveza,Huevos,Pan,Vino"
TRX-001258,"Cafe,Leche,Pan"
TRX-001259,"Cafe,Leche,Pan"
TRX-001260,"Cerveza,Huevos,Pasta,Pañales"
TRX-001261,"Cerveza,Manzanas,Pasta,Queso"
TRX-001262,"Pan,Vino"
TRX-001263,"Cafe,Chocolate,Leche,Manzanas,Pan"
TRX-001264,"Huevos,Vino"
TRX-001265,"Chocolate,Leche,Manzanas,Queso"
TRX-001266,"Cafe,Cerveza,Chocolate,Leche,Pan"
TRX-001267,"Arroz,Queso,Vino"
TRX-001268,Leche
TRX-001269,"Cafe,Leche,Manzanas,Pasta,Pañales"
TRX-001270,"Cafe,Chocolate,Leche,Pan,Vino"
TRX-001271,"Cafe,Huevos,Leche,Pan"
TRX-001272,"Cerveza,Pañales"
TRX-001273,"Cafe,Pasta,Pañales,Queso"
TRX-001274,"Cerveza,Pañales"
TRX-001275,"Cerveza,Pañales"
TRX-001276,"Arroz,Cerveza,Leche,Pasta,Pañales"
TRX-001277,"Cafe,Leche,Manzanas,Pan,Vino"
TRX-001278,"Cerveza,Huevos,Pan,Queso,Vino"
TRX-001279,"Cerveza,Pañales"
TRX-001280,"Cafe,Cerveza,Chocolate,Pan"
TRX-001281,"Cerveza,Huevos,Pañales,Queso"
TRX-001282,"Cafe,Leche,Pan,Vino"
TRX-001283,"Cafe,Cerveza,Chocolate,Leche,Vino"
TRX-001284,"Cerveza,Leche,Pasta,Pañales"
TRX-001285,"Leche,Pañales"
TRX-001286,"Arroz,Chocolate"
TRX-001287,"Cafe,Leche,Pan,Queso"
TRX-001288,"Leche,Pañales,Queso"
TRX-001289,"Cafe,Chocolate,Manzanas,Pan,Vino"
TRX-001290,"Cerveza,Chocolate,Pan,Pañales"
TRX-001291,"Arroz,Cerveza,Leche,Pañales,Queso"
TRX-001292,Cerveza
TRX-001293,"Cafe,Leche,Pan"
TRX-001294,"Cerveza,Pañales"
TRX-001295,"Cerveza,Pañales"
TRX-001296,"Cerveza,Pañales"
TRX-001297,"Cafe,Leche,Pan"
TRX-001298,"Manzanas,Pasta"
TRX-001299,"Cerveza,Pañales,Queso"
TRX-001300,"Cafe,Cerveza,Pasta"
TRX-001301,"Cerveza,Chocolate,Huevos,Manzanas,Queso"
TRX-001302,"Cerveza,Chocolate,Leche,Pasta"
TRX-001303,"Arroz,Cerveza,Pañales"
TRX-001304,"Cafe,Chocolate,Pan"
TRX-001305,"Leche,Queso,Vino"
TRX-001306,"Cafe,Cerveza,Huevos,Manzanas,Pañales"
TRX-001307,"Cerveza,Pañales"
TRX-001308,"Cerveza,Pañales"
TRX-001309,"Huevos,Manzanas"
TRX-001310,"Arroz,Huevos,Pañales,Queso"
TRX-001311,"Cafe,Leche,Pan"
TRX-001312,"Cafe,Huevos,Leche,Pan"
TRX-001313,"Cerveza,Pañales"
TRX-001314,"Chocolate,Pasta"
TRX-001315,"Cerveza,Pañales"
TRX-001316,"Cafe,Leche,Manzanas,Pan,Pasta"
TRX-001317,"Cafe,Leche,Pan"
TRX-001318,"Cafe,Leche,Pan"
TRX-001319,Arroz
TRX-001320,Pañales
TRX-001321,"Cafe,Leche,Pan,Pañales"
TRX-001322,"Cafe,Pan"
TRX-001323,"Pasta,Vino"
TRX-001324,"Cafe,Leche,Pan,Queso"
TRX-001325,"Arroz,Cerveza,Manzanas,Pan,Pañales"
TRX-001326,Huevos
TRX-001327,Pañales
TRX-001328,"Cafe,Leche,Pan,Queso"
TRX-001329,"Cerveza,Vino"
TRX-001330,"Cerveza,Chocolate"
TRX-001331,"Cerveza,Pañales,Queso"
TRX-001332,"Cerveza,Chocolate,Pasta,Queso,Vino"
TRX-001333,"Cerveza,Manzanas,Pañales"
TRX-001334,"Cafe,Leche,Pan"
TRX-001335,"Cafe,Chocolate"
TRX-001336,"Leche,Queso"
TRX-001337,"Arroz,Manzanas,Pañales,Queso"
TRX-001338,Vino
TRX-001339,Vino
TRX-001340,"Huevos,Pan,Queso"
TRX-001341,"Chocolate,Huevos,Pan,Pañales,Queso"
TRX-001342,"Cafe,Leche,Pan"
TRX-001343,"Cafe,Huevos,Leche,Pan"
TRX-001344,"Cerveza,Chocolate,Pañales"
TRX-001345,Queso
TRX-001346,"Cerveza,Pañales"
TRX-001347,"Cerveza,Chocolate,Leche,Pañales,Vino"
TRX-001348,"Cerveza,Pañales"
TRX-001349,"Cafe,Cerveza,Leche,Pan,Pañales"
TRX-001350,"Cafe,Leche,Manzanas,Pan"
TRX-001351,"Chocolate,Huevos,Manzanas,Queso"
TRX-001352,"Cerveza,Pañales"
TRX-001353,"Cafe,Leche,Pan"
TRX-001354,"Cerveza,Pan"
TRX-001355,"Arroz,Huevos"
TRX-001356,"Manzanas,Vino"
TRX-001357,Pan
TRX-001358,"Cafe,Chocolate,Huevos,Manzanas"
TRX-001359,"Cafe,Leche,Pan"
TRX-001360,"Cerveza,Pañales"
TRX-001361,"Arroz,Cerveza,Pan,Pasta,Pañales"
TRX-001362,"Cerveza,Pañales,Queso,Vino"
TRX-001363,"Cafe,Leche,Pan"
TRX-001364,"Arroz,Cerveza,Leche,Pan,Pañales"
TRX-001365,"Cerveza,Pañales"
TRX-001366,"Cafe,Leche,Pan"
TRX-001367,"Cafe,Leche,Pan"
TRX-001368,"Cerveza,Huevos,Leche,Manzanas,Pañales"
TRX-001369,"Arroz,Huevos,Manzanas,Pasta"
TRX-001370,"Pasta,Pañales"
TRX-001371,"Huevos,Queso,Vino"
TRX-001372,"Cafe,Leche,Pan"
TRX-001373,"Cafe,Leche,Manzanas,Pasta,Queso"
TRX-001374,"Cafe,Leche,Pan"
TRX-001375,"Cafe,Leche,Pan"
TRX-001376,"Cafe,Leche,Pan,Pañales"
TRX-001377,"Cafe,Leche,Manzanas,Pan,Pasta"
TRX-001378,"Arroz,Cafe,Leche,Pan,Vino"
TRX-001379,"Cerveza,Pasta,Pañales"
TRX-001380,Pañales
TRX-001381,Manzanas
TRX-001382,"Cafe,Leche,Pan,Queso"
TRX-001383,"Cafe,Leche,Pan"
TRX-001384,"Cafe,Leche,Manzanas,Pan,Queso"
TRX-001385,"Cerveza,Pan,Pañales"
TRX-001386,"Arroz,Cerveza,Chocolate,Pan"
TRX-001387,"Cafe,Leche,Pan"
TRX-001388,"Cafe,Leche,Pan"
TRX-001389,"Leche,Pan,Queso,Vino"
TRX-001390,"Arroz,Chocolate,Leche,Pan,Pañales"
TRX-001391,"Cerveza,Leche,Manzanas,Pañales"
TRX-001392,"Cafe,Leche,Pan"
TRX-001393,"Arroz,Cafe,Leche,Pañales"
TRX-001394,Queso
TRX-001395,Cafe
TRX-001396,"Cerveza,Pasta,Pañales"
TRX-001397,"Cafe,Leche,Pan"
TRX-001398,"Cerveza,Leche,Manzanas"
TRX-001399,"Arroz,Cerveza,Pañales,Queso"
TRX-001400,"Cafe,Leche,Pan,Pañales"
TRX-001401,Leche
TRX-001402,"Cafe,Cerveza,Leche,Pan"
TRX-001403,"Cafe,Chocolate,Huevos,Pañales"
TRX-001404,"Cafe,Cerveza,Huevos,Pan,Pañales"
TRX-001405,Leche
TRX-001406,"Cerveza,Pañales"
TRX-001407,"Manzanas,Pan,Vino"
TRX-001408,Vino
TRX-001409,"Arroz,Vino"
TRX-001410,"Cafe,Leche,Pan"
TRX-001411,"Cerveza,Pañales"
TRX-001412,"Cafe,Leche,Pan"
TRX-001413,"Cafe,Leche,Pan"
TRX-001414,"Arroz,Cafe,Pañales,Queso"
TRX-001415,"Chocolate,Leche,Manzanas,Pañales,Vino"
TRX-001416,Manzanas
TRX-001417,"Cafe,Leche,Pan"
TRX-001418,"Cafe,Pasta"
TRX-001419,"Cerveza,Pan,Pañales,Queso"
TRX-001420,"Cafe,Chocolate,Leche,Pan,Pañales"
TRX-001421,"Cafe,Cerveza,Manzanas,Vino"
TRX-001422,"Arroz,Cerveza,Chocolate"
TRX-001423,Leche
TRX-001424,"Cerveza,Huevos,Pan,Pañales"
TRX-001425,"Chocolate,Huevos,Manzanas,Queso"
TRX-001426,"Chocolate,Huevos,Pan,Queso"
TRX-001427,"Cerveza,Huevos,Leche,Pan,Vino"
TRX-001428,"Cerveza,Chocolate,Leche,Pasta,Pañales"
TRX-001429,Vino
TRX-001430,"Cafe,Leche,Pan"
TRX-001431,"Cerveza,Huevos,Pañales,Queso"
TRX-001432,"Cerveza,Leche,Pañales"
TRX-001433,"Cerveza,Chocolate,Manzanas,Pan,Pasta"
TRX-001434,"Cerveza,Huevos,Pañales"
TRX-001435,"Cafe,Leche,Pan"
TRX-001436,"Cerveza,Chocolate,Leche,Pan,Pasta"
TRX-001437,"Cerveza,Pan,Pasta,Pañales"
TRX-001438,"Cerveza,Pañales"
TRX-001439,Huevos
TRX-001440,"Manzanas,Pañales,Queso"
TRX-001441,"Arroz,Cerveza,Manzanas,Pan,Queso"
TRX-001442,"Pan,Pañales,Queso,Vino"
TRX-001443,"Arroz,Chocolate,Pan,Pasta,Pañales"
TRX-001444,Pasta
TRX-001445,"Cafe,Chocolate,Leche,Pan"
TRX-001446,"Cerveza,Pañales"
TRX-001447,"Cafe,Leche,Pan"
TRX-001448,"Cafe,Leche,Pan"
TRX-001449,"Manzanas,Pasta"
TRX-001450,"Cerveza,Pañales"
TRX-001451,"Arroz,Vino"
TRX-001452,"Cafe,Leche,Pan"
TRX-001453,"Cafe,Leche,Pan,Pasta"
TRX-001454,"Arroz,Cafe,Huevos,Leche,Pan"
TRX-001455,"Cafe,Leche,Pan"
TRX-001456,Pan
TRX-001457,"Cafe,Leche,Manzanas,Queso,Vino"
TRX-001458,"Cafe,Huevos,Manzanas,Queso,Vino"
TRX-001459,"Cerveza,Pañales"
TRX-001460,Leche
TRX-001461,"Cafe,Huevos,Leche,Pan"
TRX-001462,"Cerveza,Pañales,Queso,Vino"
TRX-001463,"Cafe,Cerveza,Leche,Pan,Queso"
TRX-001464,"Cerveza,Leche,Pan,Pañales"
TRX-001465,"Cafe,Cerveza,Pañales"
TRX-001466,"Cafe,Leche,Pan,Queso"
TRX-001467,"Arroz,Huevos,Leche"
TRX-001468,Pan
TRX-001469,"Arroz,Cerveza,Pañales"
TRX-001470,"Pañales,Vino"
TRX-001471,"Cafe,Leche,Pan"
TRX-001472,"Cerveza,Huevos,Pasta,Pañales"
TRX-001473,"Cerveza,Pan,Pañales"
TRX-001474,"Huevos,Pan,Pasta,Queso,Vino"
TRX-001475,"Cerveza,Pañales"
TRX-001476,"Cafe,Huevos,Manzanas,Pañales"
TRX-001477,"Cafe,Leche,Pan,Pañales"
TRX-001478,"Huevos,Manzanas,Pasta"
TRX-001479,"Chocolate,Leche,Pasta,Queso"
TRX-001480,"Arroz,Cafe,Leche,Pan"
TRX-001481,"Arroz,Cerveza,Manzanas,Queso,Vino"
TRX-001482,"Pan,Pasta,Queso,Vino"
TRX-001483,"Cerveza,Manzanas,Queso"
TRX-001484,"Cerveza,Pañales"
TRX-001485,"Cerveza,Pañales"
TRX-001486,"Cerveza,Pañales"
TRX-001487,"Cafe,Chocolate,Leche,Pan,Vino"
TRX-001488,"Cafe,Manzanas,Vino"
TRX-001489,Cafe
TRX-001490,"Cerveza,Manzanas,Pañales"
TRX-001491,"Cerveza,Pañales,Vino"
TRX-001492,Queso
TRX-001493,"Cafe,Cerveza,Pan,Pañales"
TRX-001494,"Cafe,Leche,Pan"
TRX-001495,"Cerveza,Chocolate,Pañales"
TRX-001496,Pan
TRX-001497,"Cafe,Leche,Pan"
TRX-001498,"Arroz,Queso,Vino"
TRX-001499,Manzanas
TRX-001500,"Leche,Queso"
TRX-001501,Vino
TRX-001502,"Cerveza,Pañales"
TRX-001503,"Arroz,Leche,Queso"
TRX-001504,"Cafe,Leche,Pan"
TRX-001505,"Cerveza,Leche,Pan,Queso"
TRX-001506,"Cerveza,Leche,Pañales"
TRX-001507,"Cafe,Leche,Pan"
TRX-001508,"Arroz,Cafe,Chocolate,Pan,Pasta"
TRX-001509,"Cerveza,Pañales,Queso,Vino"
TRX-001510,"Arroz,Chocolate,Huevos,Leche,Queso"
TRX-001511,"Cerveza,Chocolate,Leche,Pasta,Pañales"
TRX-001512,"Cafe,Leche,Pan"
TRX-001513,"Cafe,Cerveza,Pañales"
TRX-001514,"Cafe,Leche,Pan"
TRX-001515,"Cafe,Leche,Pan"
TRX-001516,"Cerveza,Chocolate,Pañales"
TRX-001517,"Cerveza,Huevos,Queso,Vino"
TRX-001518,"Cerveza,Leche,Manzanas,Pasta,Vino"
TRX-001519,"Arroz,Cafe,Cerveza,Queso,Vino"
TRX-001520,"Cafe,Leche,Pan"
TRX-001521,"Cafe,Leche,Pan"
TRX-001522,"Huevos,Pasta"
TRX-001523,"Arroz,Cerveza,Pan,Pañales,Vino"
TRX-001524,"Cerveza,Pañales,Queso"
TRX-001525,"Huevos,Pan,Pasta,Pañales"
TRX-001526,"Cerveza,Pañales"
TRX-001527,"Arroz,Cafe,Cerveza,Leche,Pan"
TRX-001528,"Cerveza,Manzanas,Pan,Pasta"
TRX-001529,"Cafe,Leche,Pan"
TRX-001530,"Cafe,Leche,Pan"
TRX-001531,"Cafe,Cerveza,Leche,Pan"
TRX-001532,"Cafe,Leche,Pan"
TRX-001533,"Chocolate,Pasta,Vino"
TRX-001534,"Cerveza,Pañales"
TRX-001535,"Cerveza,Chocolate,Pan,Queso"
TRX-001536,"Cafe,Cerveza,Manzanas,Queso"
TRX-001537,"Arroz,Cafe,Pasta"
TRX-001538,Leche
TRX-001539,"Cafe,Cerveza,Pañales"
TRX-001540,"Arroz,Chocolate,Pasta,Queso,Vino"
TRX-001541,"Arroz,Chocolate,Manzanas,Pasta,Queso"
TRX-001542,"Cafe,Leche,Pan"
TRX-001543,"Cafe,Leche,Pan"
TRX-001544,"Cafe,Cerveza,Pañales"
TRX-001545,"Cerveza,Pañales"
TRX-001546,Manzanas
TRX-001547,"Cafe,Leche,Pan"
TRX-001548,"Cerveza,Pasta,Pañales,Vino"
TRX-001549,"Arroz,Chocolate,Queso"
TRX-001550,"Cafe,Leche,Pan"
TRX-001551,"Cafe,Leche,Pan"
TRX-001552,"Cerveza,Pañales"
TRX-001553,"Cerveza,Huevos,Vino"
TRX-001554,"Cafe,Leche,Pan"
TRX-001555,"Arroz,Cafe,Pan,Queso,Vino"
TRX-001556,"Cerveza,Huevos,Manzanas,Pasta,Pañales"
TRX-001557,"Cerveza,Pan,Pañales,Queso,Vino"
TRX-001558,"Cafe,Cerveza,Pañales"
TRX-001559,"Cafe,Leche,Pan"
TRX-001560,Leche
TRX-001561,"Cafe,Chocolate"
TRX-001562,"Cafe,Cerveza,Pasta"
TRX-001563,"Chocolate,Pan,Pañales,Queso,Vino"
TRX-001564,Vino
TRX-001565,"Cerveza,Pañales"
TRX-001566,"Cerveza,Pan,Pañales"
TRX-001567,"Cerveza,Chocolate,Pañales,Queso"
TRX-001568,Huevos
TRX-001569,"Cerveza,Pañales"
TRX-001570,"Leche,Pasta,Vino"
TRX-001571,"Manzanas,Pan,Pañales,Vino"
TRX-001572,"Cerveza,Leche,Manzanas,Pañales,Vino"
TRX-001573,"Cafe,Cerveza,Pasta"
TRX-001574,"Cerveza,Pañales"
TRX-001575,"Cafe,Leche,Pan"
TRX-001576,"Cafe,Leche,Pan"
TRX-001577,"Cafe,Leche,Pan"
TRX-001578,"Cerveza,Pañales"
TRX-001579,"Arroz,Huevos"
TRX-001580,"Cerveza,Pañales,Vino"
TRX-001581,"Cafe,Leche,Manzanas,Pan,Queso"
TRX-001582,"Cafe,Leche,Pan,Pañales"
TRX-001583,"Cerveza,Huevos,Pañales"
TRX-001584,"Leche,Manzanas"
TRX-001585,"Cerveza,Pan,Pañales,Queso,Vino"
TRX-001586,Vino
TRX-001587,"Huevos,Queso"
TRX-001588,"Cafe,Leche,Manzanas,Pan"
TRX-001589,"Cafe,Chocolate,Huevos,Manzanas,Queso"
TRX-001590,"Cerveza,Chocolate,Manzanas,Pasta"
TRX-001591,"Cerveza,Pan,Pasta,Pañales"
TRX-001592,"Pañales,Queso,Vino"
TRX-001593,"Cerveza,Pan,Pañales,Vino"
TRX-001594,"Cerveza,Leche"
TRX-001595,Chocolate
TRX-001596,Vino
TRX-001597,"Cafe,Leche,Pan"
TRX-001598,"Cerveza,Huevos,Manzanas,Pan,Pañales"
TRX-001599,Vino
TRX-001600,"Arroz,Cerveza,Leche,Pañales,Queso"
TRX-001601,"Arroz,Pan,Queso"
TRX-001602,"Cerveza,Pañales"
TRX-001603,"Cerveza,Huevos,Pañales,Queso,Vino"
TRX-001604,"Leche,Manzanas,Pan"
TRX-001605,"Arroz,Cafe,Leche,Pan"
TRX-001606,Pañales
TRX-001607,"Cafe,Cerveza,Huevos,Leche,Pan"
TRX-001608,"Cafe,Manzanas"
TRX-001609,"Huevos,Manzanas"
TRX-001610,"Arroz,Cafe,Chocolate,Leche,Pan"
TRX-001611,"Cafe,Leche,Pan"
TRX-001612,"Cerveza,Pañales,Queso"
TRX-001613,"Cerveza,Pasta,Vino"
TRX-001614,"Cerveza,Pañales"
TRX-001615,"Cerveza,Pañales"
TRX-001616,"Cafe,Leche,Pan"
TRX-001617,"Cafe,Cerveza,Leche,Pan"
TRX-001618,"Cerveza,Chocolate,Huevos,Leche,Pañales"
TRX-001619,"Manzanas,Queso"
TRX-001620,"Cafe,Cerveza,Pañales"
TRX-001621,"Cerveza,Pañales"
TRX-001622,"Cafe,Leche,Pan"
TRX-001623,"Arroz,Pasta,Queso"
TRX-001624,"Arroz,Cafe,Cerveza,Leche,Pan"
TRX-001625,Queso
TRX-001626,"Cerveza,Huevos,Pasta,Vino"
TRX-001627,"Cerveza,Pañales"
TRX-001628,"Cafe,Pan,Pasta,Pañales,Vino"
TRX-001629,"Cerveza,Pañales"
TRX-001630,"Cerveza,Pañales,Vino"
TRX-001631,"Cerveza,Huevos,Pañales,Vino"
TRX-001632,"Huevos,Queso"
TRX-001633,"Cafe,Leche,Pan"
TRX-001634,"Cerveza,Pañales"
TRX-001635,"Huevos,Pasta"
TRX-001636,"Huevos,Leche,Manzanas,Queso"
TRX-001637,"Huevos,Pasta"
TRX-001638,"Huevos,Leche,Manzanas,Queso,Vino"
TRX-001639,"Arroz,Chocolate,Queso"
TRX-001640,Pan
TRX-001641,Manzanas
TRX-001642,"Cafe,Leche,Pan"
TRX-001643,"Cafe,Cerveza,Leche,Pan,Pañales"
TRX-001644,"Cerveza,Leche,Pan,Pañales"
TRX-001645,"Cerveza,Huevos,Pañales,Queso"
TRX-001646,"Cafe,Cerveza,Leche,Pan"
TRX-001647,"Cafe,Leche,Pan"
TRX-001648,"Huevos,Leche,Pasta"
TRX-001649,"Cafe,Leche,Pan"
TRX-001650,"Huevos,Pan"
TRX-001651,"Pan,Queso"
TRX-001652,"Cerveza,Pañales"
TRX-001653,"Cafe,Leche,Pan"
TRX-001654,"Cerveza,Pañales"
TRX-001655,"Cerveza,Pan,Pañales,Vino"
TRX-001656,Huevos
TRX-001657,"Arroz,Chocolate,Pan,Pañales,Vino"
TRX-001658,"Arroz,Cafe,Cerveza,Huevos,Pasta"
TRX-001659,"Cerveza,Huevos,Leche,Manzanas,Pan"
TRX-001660,"Cafe,Cerveza,Pañales"
TRX-001661,Huevos
TRX-001662,"Cerveza,Chocolate"
TRX-001663,"Arroz,Cerveza,Manzanas,Pañales"
TRX-001664,"Cafe,Cerveza,Leche,Pan"
TRX-001665,"Arroz,Huevos,Manzanas"
TRX-001666,"Cafe,Leche,Pan"
TRX-001667,"Cafe,Huevos,Queso"
TRX-001668,"Cafe,Cerveza,Leche,Pan,Vino"
TRX-001669,"Cerveza,Huevos,Pan,Pañales,Vino"
TRX-001670,"Cafe,Cerveza,Huevos,Manzanas,Queso"
TRX-001671,"Arroz,Huevos,Pan,Pañales"
TRX-001672,"Arroz,Cafe,Chocolate,Pañales"
TRX-001673,Pañales
TRX-001674,"Arroz,Chocolate,Pan,Queso"
TRX-001675,Queso
TRX-001676,"Cafe,Leche,Pan"
TRX-001677,"Cerveza,Pañales"
TRX-001678,"Chocolate,Queso"
TRX-001679,"Arroz,Cerveza,Huevos,Leche,Pañales"
TRX-001680,"Arroz,Leche,Pasta,Queso"
TRX-001681,Cafe
TRX-001682,"Cerveza,Pañales"
TRX-001683,"Cafe,Cerveza,Manzanas,Pañales"
TRX-001684,"Cafe,Cerveza,Leche,Manzanas,Pan"
TRX-001685,"Cafe,Chocolate,Pañales,Vino"
TRX-001686,"Cerveza,Huevos,Leche,Manzanas,Pañales"
TRX-001687,"Cerveza,Pañales,Vino"
TRX-001688,"Arroz,Cerveza,Chocolate,Huevos,Pan"
TRX-001689,"Arroz,Cerveza,Pañales"
TRX-001690,"Pan,Queso"
TRX-001691,"Cerveza,Pañales"
TRX-001692,"Cafe,Manzanas"
TRX-001693,"Leche,Pan,Pasta,Queso"
TRX-001694,"Cafe,Leche,Pan"
TRX-001695,"Cafe,Leche,Pan"
TRX-001696,"Cafe,Chocolate,Pan,Pañales"
TRX-001697,Cafe
TRX-001698,"Cafe,Leche,Pan,Pañales,Queso"
TRX-001699,"Cerveza,Pañales,Queso"
TRX-001700,"Cafe,Leche,Manzanas,Pasta,Vino"
TRX-001701,"Arroz,Cafe,Cerveza,Pasta,Pañales"
TRX-001702,"Cafe,Leche,Pan"
TRX-001703,"Cerveza,Pañales"
TRX-001704,"Cafe,Leche,Pan"
TRX-001705,"Cafe,Leche,Pan"
TRX-001706,"Cafe,Leche,Pan"
TRX-001707,"Cafe,Chocolate,Huevos,Pañales,Vino"
TRX-001708,"Cafe,Huevos"
TRX-001709,"Cerveza,Pañales"
TRX-001710,"Cafe,Leche,Pan"
TRX-001711,"Cafe,Leche,Pan,Queso"
TRX-001712,"Cafe,Huevos,Pasta,Queso,Vino"
TRX-001713,Vino
TRX-001714,"Arroz,Cerveza,Chocolate,Huevos,Manzanas"
TRX-001715,"Cafe,Chocolate,Leche,Pan"
TRX-001716,"Cerveza,Leche,Manzanas,Pasta,Queso"
TRX-001717,"Cerveza,Pasta,Pañales"
TRX-001718,"Cafe,Huevos,Leche,Pan"
TRX-001719,"Cafe,Leche,Pan"
TRX-001720,"Cafe,Leche,Pan,Pasta"
TRX-001721,"Arroz,Cerveza,Manzanas,Vino"
TRX-001722,"Cafe,Leche,Pan"
TRX-001723,"Chocolate,Huevos,Manzanas,Pasta"
TRX-001724,"Cafe,Leche,Pan,Queso"
TRX-001725,Leche
TRX-001726,"Cerveza,Manzanas,Pasta,Pañales"
TRX-001727,"Cafe,Leche,Pan"
TRX-001728,"Cafe,Leche,Manzanas,Pan"
TRX-001729,"Cafe,Cerveza,Huevos,Pasta,Pañales"
TRX-001730,"Arroz,Chocolate,Pan,Pasta,Pañales"
TRX-001731,"Cerveza,Pañales"
TRX-001732,"Cafe,Leche,Pan"
TRX-001733,"Cerveza,Pañales"
TRX-001734,"Pan,Vino"
TRX-001735,"Cafe,Leche,Pan"
TRX-001736,"Arroz,Cerveza,Pañales"
TRX-001737,"Cerveza,Chocolate,Manzanas,Pañales"
TRX-001738,"Cafe,Vino"
TRX-001739,"Cafe,Leche,Pan"
TRX-001740,"Cerveza,Pañales"
TRX-001741,"Cafe,Leche,Pan"
TRX-001742,"Cafe,Leche,Pan"
TRX-001743,"Cerveza,Pañales"
TRX-001744,"Cerveza,Pañales,Vino"
TRX-001745,"Cerveza,Pañales"
TRX-001746,"Cafe,Leche,Pan"
TRX-001747,"Cerveza,Pañales"
TRX-001748,"Cerveza,Chocolate,Pañales,Queso"
TRX-001749,"Arroz,Cerveza,Manzanas,Queso"
TRX-001750,"Cafe,Leche,Pan"
TRX-001751,"Cerveza,Pañales"
TRX-001752,"Cerveza,Pasta"
TRX-001753,"Cafe,Pasta,Vino"
TRX-001754,"Cerveza,Pan,Pañales"
TRX-001755,"Cerveza,Pañales"
TRX-001756,"Cafe,Leche,Pan"
TRX-001757,"Cerveza,Pan,Pasta,Pañales"
TRX-001758,"Cerveza,Pañales"
TRX-001759,"Arroz,Cafe,Pasta,Queso"
TRX-001760,"Arroz,Cafe,Cerveza,Huevos,Pañales"
TRX-001761,"Queso,Vino"
TRX-001762,"Cerveza,Pañales"
TRX-001763,"Cafe,Leche,Pan"
TRX-001764,"Cerveza,Pañales"
TRX-001765,"Cerveza,Leche,Manzanas,Pañales"
TRX-001766,Arroz
TRX-001767,"Arroz,Chocolate,Huevos,Leche,Pasta"
TRX-001768,"Cafe,Chocolate,Leche,Pan,Pañales"
TRX-001769,"Cafe,Leche,Pan,Vino"
TRX-001770,"Cafe,Leche,Pan,Vino"
TRX-001771,"Cerveza,Pan,Pañales"
TRX-001772,Chocolate
TRX-001773,"Cerveza,Pañales"
TRX-001774,"Cerveza,Leche,Pañales"
TRX-001775,"Arroz,Cafe,Pasta,Pañales"
TRX-001776,"Cerveza,Pañales"
TRX-001777,"Pan,Pasta,Vino"
TRX-001778,"Cerveza,Pañales"
TRX-001779,"Cafe,Leche,Pan"
TRX-001780,"Manzanas,Pan,Pasta,Pañales,Queso"
TRX-001781,"Cafe,Leche,Pan"
TRX-001782,"Cafe,Leche,Pan"
TRX-001783,"Leche,Manzanas"
TRX-001784,"Pan,Queso"
TRX-001785,"Arroz,Cafe,Cerveza,Chocolate"
TRX-001786,"Cafe,Leche,Pan,Pasta"
TRX-001787,"Cafe,Cerveza,Huevos,Manzanas,Queso"
TRX-001788,"Cerveza,Pañales,Vino"
TRX-001789,"Cerveza,Leche,Pañales"
TRX-001790,"Pasta,Pañales"
TRX-001791,"Cafe,Leche,Pan"
TRX-001792,"Arroz,Cafe,Manzanas,Pan,Vino"
TRX-001793,"Manzanas,Pañales,Vino"
TRX-001794,"Arroz,Manzanas,Pañales"
TRX-001795,"Cafe,Cerveza,Pañales"
TRX-001796,"Cerveza,Pasta,Pañales"
TRX-001797,"Cafe,Leche,Pan"
TRX-001798,"Leche,Manzanas,Pan,Vino"
TRX-001799,Queso
TRX-001800,"Arroz,Cafe,Huevos,Leche,Queso"
TRX-001801,"Arroz,Cafe,Leche,Pan,Vino"
TRX-001802,"Cafe,Manzanas,Pasta,Queso,Vino"
TRX-001803,"Cafe,Pan,Vino"
TRX-001804,"Cafe,Queso"
TRX-001805,"Arroz,Cafe,Huevos,Pañales,Vino"
TRX-001806,"Cafe,Leche,Pan"
TRX-001807,"Cafe,Leche,Pan"
TRX-001808,"Chocolate,Huevos,Manzanas"
TRX-001809,"Cafe,Leche,Pan,Pasta,Queso"
TRX-001810,"Arroz,Chocolate,Huevos,Queso,Vino"
TRX-001811,"Arroz,Cafe,Huevos,Leche,Pan"
TRX-001812,"Arroz,Cerveza,Huevos,Pañales"
TRX-001813,"Cafe,Leche,Pan"
TRX-001814,"Arroz,Cafe,Chocolate,Pasta,Pañales"
TRX-001815,"Cerveza,Pañales"
TRX-001816,"Arroz,Cafe,Manzanas,Vino"
TRX-001817,"Cafe,Leche,Pan"
TRX-001818,"Cafe,Leche,Pan"
TRX-001819,"Cafe,Leche,Pan"
TRX-001820,"Cafe,Huevos,Leche,Pan"
TRX-001821,"Cerveza,Chocolate,Pañales,Queso"
TRX-001822,"Cerveza,Pañales,Queso"
TRX-001823,"Cerveza,Chocolate,Leche,Pañales"
TRX-001824,"Pan,Vino"
TRX-001825,"Cafe,Chocolate,Pasta,Queso"
TRX-001826,"Cafe,Leche,Pan"
TRX-001827,"Leche,Pan,Pañales"
TRX-001828,"Arroz,Cerveza,Manzanas,Pañales,Vino"
TRX-001829,"Chocolate,Huevos,Leche,Queso"
TRX-001830,"Cafe,Pan,Pasta,Vino"
TRX-001831,"Cerveza,Pan,Vino"
TRX-001832,"Chocolate,Pasta"
TRX-001833,Cerveza
TRX-001834,"Cerveza,Manzanas,Pañales,Vino"
TRX-001835,"Cafe,Leche,Pan,Pañales"
TRX-001836,"Cerveza,Huevos,Leche,Pañales,Vino"
TRX-001837,"Cafe,Chocolate,Pan,Pañales,Vino"
TRX-001838,"Cafe,Leche,Pan"
TRX-001839,"Cafe,Leche,Pan"
TRX-001840,"Cerveza,Pasta,Pañales"
TRX-001841,"Cafe,Leche,Pan,Queso"
TRX-001842,"Arroz,Pasta,Pañales,Queso,Vino"
TRX-001843,"Cafe,Leche,Pan"
TRX-001844,"Huevos,Manzanas,Pasta,Pañales"
TRX-001845,"Cafe,Cerveza,Pañales,Queso"
TRX-001846,"Cerveza,Pañales"
TRX-001847,"Cafe,Leche,Pan"
TRX-001848,"Arroz,Cafe,Huevos,Leche,Manzanas"
TRX-001849,"Cafe,Huevos,Manzanas,Pasta,Queso"
TRX-001850,"Arroz,Cafe,Huevos,Leche,Pan"
TRX-001851,"Cafe,Leche,Pan"
TRX-001852,"Cerveza,Leche,Pañales"
TRX-001853,"Cerveza,Pan"
TRX-001854,"Arroz,Manzanas,Vino"
TRX-001855,"Cafe,Leche,Pan"
TRX-001856,"Cafe,Cerveza,Huevos,Queso,Vino"
TRX-001857,Pasta
TRX-001858,"Arroz,Cerveza,Leche,Pasta,Queso"
TRX-001859,"Arroz,Cerveza,Manzanas,Pasta"
TRX-001860,"Arroz,Leche,Queso"
TRX-001861,"Cerveza,Pañales"
TRX-001862,Pasta
TRX-001863,Leche
TRX-001864,"Cerveza,Pan,Pañales"
TRX-001865,Pan
TRX-001866,"Leche,Queso"
TRX-001867,"Cerveza,Chocolate,Huevos,Pan,Queso"
TRX-001868,"Cerveza,Leche,Pasta,Pañales"
TRX-001869,"Cafe,Leche,Pan"
TRX-001870,"Cafe,Leche,Pan,Pasta,Queso"
TRX-001871,"Chocolate,Huevos,Pañales,Queso"
TRX-001872,"Arroz,Cerveza,Huevos,Pañales,Vino"
TRX-001873,"Cafe,Leche,Pan"
TRX-001874,"Pan,Vino"
TRX-001875,"Arroz,Chocolate,Manzanas,Vino"
TRX-001876,"Arroz,Cerveza,Chocolate,Queso"
TRX-001877,"Huevos,Vino"
TRX-001878,"Cerveza,Pañales"
TRX-001879,"Cerveza,Pasta,Pañales,Queso"
TRX-001880,"Cafe,Leche,Vino"
TRX-001881,"Cafe,Huevos,Leche,Manzanas,Pan"
TRX-001882,"Chocolate,Leche"
TRX-001883,"Arroz,Cerveza,Leche,Pañales,Queso"
TRX-001884,"Arroz,Manzanas,Pan"
TRX-001885,"Cerveza,Chocolate,Pañales"
TRX-001886,"Cerveza,Manzanas,Pañales"
TRX-001887,"Cafe,Leche,Pan"
TRX-001888,"Chocolate,Huevos,Pañales"
TRX-001889,"Cafe,Cerveza"
TRX-001890,"Arroz,Cafe,Cerveza"
TRX-001891,"Arroz,Cafe,Chocolate,Manzanas,Pañales"
TRX-001892,"Cafe,Cerveza,Pañales,Vino"
TRX-001893,"Arroz,Chocolate,Pañales,Queso,Vino"
TRX-001894,"Cerveza,Huevos,Pasta"
TRX-001895,"Arroz,Cerveza,Chocolate,Pasta"
TRX-001896,"Cafe,Leche,Pan"
TRX-001897,"Cafe,Cerveza,Chocolate,Leche,Pan"
TRX-001898,"Cafe,Leche,Pan"
TRX-001899,"Chocolate,Manzanas,Pañales"
TRX-001900,"Cafe,Cerveza,Chocolate,Pañales,Queso"
TRX-001901,"Cerveza,Leche,Pasta,Pañales"
TRX-001902,"Cerveza,Pasta,Pañales"
TRX-001903,"Cafe,Cerveza,Pan,Pañales,Vino"
TRX-001904,"Arroz,Vino"
TRX-001905,"Arroz,Cafe,Cerveza,Pañales"
TRX-001906,"Cerveza,Leche"
TRX-001907,"Cerveza,Pasta,Pañales,Vino"
TRX-001908,"Pañales,Queso"
TRX-001909,"Cerveza,Huevos,Pañales"
TRX-001910,"Manzanas,Pasta"
TRX-001911,Queso
TRX-001912,"Cerveza,Pañales"
TRX-001913,"Pan,Queso"
TRX-001914,"Cafe,Leche,Pan"
TRX-001915,Cafe
TRX-001916,Vino
TRX-001917,"Cerveza,Pañales"
TRX-001918,"Cafe,Huevos,Leche,Pan"
TRX-001919,"Chocolate,Leche,Pasta,Queso"
TRX-001920,"Cerveza,Pañales"
TRX-001921,"Cafe,Leche,Pan"
TRX-001922,"Cafe,Leche,Pan"
TRX-001923,"Cafe,Cerveza,Pañales"
TRX-001924,"Pan,Pañales"
TRX-001925,"Cerveza,Chocolate,Pasta,Pañales,Queso"
TRX-001926,"Leche,Pañales"
TRX-001927,"Cafe,Leche,Pan"
TRX-001928,"Cafe,Leche,Pasta,Vino"
TRX-001929,"Cafe,Cerveza,Pañales,Queso"
TRX-001930,"Cerveza,Manzanas,Pañales,Queso"
TRX-001931,"Arroz,Chocolate,Huevos,Manzanas,Vino"
TRX-001932,Cafe
TRX-001933,"Cafe,Leche,Pan"
TRX-001934,"Cerveza,Huevos,Pañales"
TRX-001935,"Cafe,Leche,Pan"
TRX-001936,"Cafe,Leche,Pan"
TRX-001937,"Arroz,Huevos,Pan,Pasta,Pañales"
TRX-001938,"Huevos,Pasta,Vino"
TRX-001939,"Cerveza,Leche,Pan,Pasta,Vino"
TRX-001940,Vino
TRX-001941,"Cafe,Leche,Pan,Pañales,Vino"
TRX-001942,"Cafe,Leche,Pan"
TRX-001943,"Cafe,Leche,Pan"
TRX-001944,"Chocolate,Leche,Pasta,Pañales,Queso"
TRX-001945,"Cafe,Leche,Pan"
TRX-001946,"Cerveza,Pañales"
TRX-001947,"Chocolate,Pañales"
TRX-001948,"Cafe,Leche,Pan,Pasta"
TRX-001949,"Arroz,Chocolate,Pasta,Queso"
TRX-001950,"Cafe,Cerveza,Leche,Pan"
TRX-001951,"Cerveza,Pañales"
TRX-001952,"Arroz,Leche,Manzanas,Pañales,Vino"
TRX-001953,"Cerveza,Pañales"
TRX-001954,"Cerveza,Vino"
TRX-001955,"Cerveza,Pañales"
TRX-001956,"Cafe,Leche,Vino"
TRX-001957,"Cerveza,Pasta,Pañales"
TRX-001958,Manzanas
TRX-001959,Pañales
TRX-001960,Pan
TRX-001961,"Cafe,Leche,Pan,Pasta"
TRX-001962,"Cerveza,Pasta,Pañales"
TRX-001963,"Cafe,Leche,Pan,Pañales,Queso"
TRX-001964,"Cafe,Leche,Pan"
TRX-001965,"Chocolate,Huevos,Leche,Pañales,Queso"
TRX-001966,"Leche,Manzanas,Pañales,Queso"
TRX-001967,"Cafe,Leche,Pan"
TRX-001968,"Cerveza,Pañales"
TRX-001969,"Chocolate,Pan,Vino"
TRX-001970,"Cafe,Leche,Pan"
TRX-001971,"Cerveza,Pañales"
TRX-001972,"Cafe,Leche,Pan"
TRX-001973,"Cerveza,Pañales"
TRX-001974,"Leche,Pan,Vino"
TRX-001975,"Cafe,Leche,Pan"
TRX-001976,"Cafe,Leche,Pan"
TRX-001977,"Arroz,Cerveza,Pan,Pañales"
TRX-001978,"Chocolate,Huevos,Pasta,Queso"
TRX-001979,Vino
TRX-001980,"Arroz,Huevos,Pasta,Queso"
TRX-001981,"Pan,Pasta,Vino"
TRX-001982,"Huevos,Pañales"
TRX-001983,"Arroz,Cerveza,Pañales"
TRX-001984,"Cafe,Leche,Pan,Pasta"
TRX-001985,"Cafe,Pasta"
TRX-001986,"Arroz,Leche,Pasta"
TRX-001987,"Arroz,Huevos,Vino"
TRX-001988,"Cafe,Leche,Manzanas"
TRX-001989,"Manzanas,Pan"
TRX-001990,"Cerveza,Chocolate,Leche,Pañales"
TRX-001991,"Cafe,Pan,Pañales"
TRX-001992,"Cafe,Leche,Pan"
TRX-001993,"Cafe,Leche,Pan,Pañales,Queso"
TRX-001994,"Cerveza,Leche,Pan"
TRX-001995,"Arroz,Cerveza,Pañales"
TRX-001996,"Cerveza,Leche,Pañales"
TRX-001997,"Chocolate,Pasta"
TRX-001998,"Cafe,Cerveza,Huevos"
TRX-001999,Chocolate
TRX-002000,"Huevos,Pan,Pasta,Queso"
TRX-002001,"Chocolate,Leche,Queso"
TRX-002002,"Cerveza,Chocolate,Pan,Pañales"
TRX-002003,"Cafe,Cerveza,Pañales,Vino"
TRX-002004,"Cerveza,Chocolate,Pañales,Queso"
TRX-002005,Huevos
TRX-002006,"Arroz,Huevos,Pan,Vino"
TRX-002007,"Cafe,Leche,Pan,Pasta"
TRX-002008,"Cerveza,Pañales"
TRX-002009,Arroz
TRX-002010,"Cafe,Leche,Pan"
TRX-002011,"Cerveza,Queso"
TRX-002012,"Cafe,Leche,Pan"
TRX-002013,"Arroz,Chocolate,Manzanas,Pasta"
TRX-002014,"Cerveza,Pañales"
TRX-002015,"Chocolate,Leche,Pan,Pasta,Queso"
TRX-002016,"Cerveza,Leche,Manzanas,Pañales,Queso"
TRX-002017,"Cafe,Chocolate"
TRX-002018,"Cerveza,Huevos,Manzanas,Pañales"
TRX-002019,"Cafe,Huevos,Pan,Pañales,Vino"
TRX-002020,"Cafe,Cerveza,Pan,Pañales"
TRX-002021,"Arroz,Huevos,Pan,Pañales,Queso"
TRX-002022,"Arroz,Pañales"
TRX-002023,"Arroz,Manzanas"
TRX-002024,"Arroz,Chocolate,Manzanas"
TRX-002025,"Cafe,Cerveza,Leche,Manzanas,Pan"
TRX-002026,"Cafe,Leche,Pan"
TRX-002027,"Cafe,Leche,Pan"
TRX-002028,"Cerveza,Pañales"
TRX-002029,Pasta
TRX-002030,"Cafe,Cerveza,Chocolate,Pañales"
TRX-002031,"Chocolate,Huevos,Manzanas"
TRX-002032,"Cerveza,Pañales"
TRX-002033,"Leche,Pasta,Vino"
TRX-002034,"Cafe,Leche,Pan"
TRX-002035,"Leche,Pañales"
TRX-002036,"Cerveza,Pasta,Pañales,Vino"
TRX-002037,"Cerveza,Pañales"
TRX-002038,"Cerveza,Pañales"
TRX-002039,"Cerveza,Pañales,Vino"
TRX-002040,"Cafe,Leche,Pan"
TRX-002041,"Arroz,Cerveza,Pañales"
TRX-002042,"Cafe,Cerveza,Leche,Pañales,Vino"
TRX-002043,Vino
TRX-002044,"Arroz,Cafe,Chocolate,Huevos,Manzanas"
TRX-002045,"Cafe,Leche,Pan"
TRX-002046,"Pasta,Queso"
TRX-002047,"Cafe,Cerveza,Queso"
TRX-002048,Chocolate
TRX-002049,"Cerveza,Huevos,Pan"
TRX-002050,"Cafe,Leche,Manzanas,Queso"
TRX-002051,"Cafe,Chocolate,Leche,Pasta"
TRX-002052,"Cafe,Leche,Pan"
TRX-002053,"Cafe,Leche,Pan"
TRX-002054,"Cafe,Leche,Pan"
TRX-002055,"Arroz,Leche,Pan,Queso"
TRX-002056,"Cafe,Leche,Pan,Queso"
TRX-002057,Pasta
TRX-002058,"Cerveza,Pañales"
TRX-002059,"Leche,Pañales,Queso"
TRX-002060,"Cafe,Leche,Pan"
TRX-002061,"Cerveza,Chocolate,Manzanas,Pan,Vino"
TRX-002062,"Arroz,Cerveza,Vino"
TRX-002063,"Cerveza,Huevos,Leche,Pañales,Queso"
TRX-002064,"Arroz,Cafe,Leche,Pasta,Vino"
TRX-002065,"Cafe,Leche,Pan"
TRX-002066,"Cafe,Leche,Pan"
TRX-002067,"Leche,Manzanas,Pan,Queso"
TRX-002068,Vino
TRX-002069,"Cafe,Leche,Pan"
TRX-002070,"Pan,Pañales"
TRX-002071,"Cafe,Leche,Pan"
TRX-002072,Manzanas
TRX-002073,"Huevos,Manzanas,Pan"
TRX-002074,Chocolate
TRX-002075,"Cafe,Leche,Pan"
TRX-002076,"Manzanas,Vino"
TRX-002077,"Cerveza,Pañales"
TRX-002078,"Cerveza,Pañales"
TRX-002079,"Arroz,Cafe,Pan"
TRX-002080,"Cafe,Chocolate,Leche,Pan"
TRX-002081,"Arroz,Cerveza,Leche,Pasta,Pañales"
TRX-002082,"Cerveza,Pan"
TRX-002083,"Cafe,Cerveza,Chocolate,Pañales"
TRX-002084,Arroz
TRX-002085,"Arroz,Chocolate,Huevos,Pañales"
TRX-002086,"Arroz,Pañales,Queso,Vino"
TRX-002087,"Arroz,Cafe,Pañales,Vino"
TRX-002088,"Cafe,Chocolate,Leche,Pan"
TRX-002089,"Cerveza,Pañales"
TRX-002090,"Cerveza,Pasta,Pañales"
TRX-002091,"Cerveza,Pañales,Queso"
TRX-002092,"Cafe,Leche,Pan"
TRX-002093,"Cafe,Pasta,Pañales,Queso"
TRX-002094,"Cafe,Leche,Queso"
TRX-002095,"Arroz,Chocolate,Leche,Pañales"
TRX-002096,"Chocolate,Manzanas,Pasta"
TRX-002097,"Cerveza,Pañales"
TRX-002098,"Cafe,Leche,Pan"
TRX-002099,Cerveza
TRX-002100,"Huevos,Leche,Pan"
TRX-002101,"Arroz,Cafe,Leche,Pasta,Queso"
TRX-002102,Arroz
TRX-002103,"Chocolate,Leche,Pasta,Pañales,Queso"
TRX-002104,"Cafe,Leche,Pan"
TRX-002105,"Cerveza,Chocolate,Leche,Pañales"
TRX-002106,"Cerveza,Pasta,Pañales"
TRX-002107,"Cerveza,Chocolate,Pañales,Queso"
TRX-002108,"Cafe,Leche,Pan,Pañales"
TRX-002109,"Cafe,Leche,Pan,Queso"
TRX-002110,"Chocolate,Huevos"
TRX-002111,Manzanas
TRX-002112,"Cerveza,Pañales"
TRX-002113,"Chocolate,Pañales,Queso"
TRX-002114,"Cafe,Chocolate,Leche,Pan,Pañales"
TRX-002115,"Cafe,Cerveza,Chocolate"
TRX-002116,"Cerveza,Pan,Pañales,Vino"
TRX-002117,"Arroz,Pañales"
TRX-002118,"Cafe,Leche,Pan,Pañales"
TRX-002119,Chocolate
TRX-002120,"Leche,Pan"
TRX-002121,"Cerveza,Pañales"
TRX-002122,"Huevos,Leche,Manzanas,Pan,Queso"
TRX-002123,"Cerveza,Pañales"
TRX-002124,"Cafe,Cerveza,Pañales,Queso"
TRX-002125,"Cerveza,Pasta,Pañales"
TRX-002126,"Cafe,Cerveza,Pan"
TRX-002127,"Cerveza,Pañales"
TRX-002128,"Cerveza,Chocolate,Pañales,Vino"
TRX-002129,"Cerveza,Leche,Pañales"
TRX-002130,"Cerveza,Huevos,Vino"
TRX-002131,"Cerveza,Huevos,Pañales,Queso,Vino"
TRX-002132,"Arroz,Cerveza,Pañales,Vino"
TRX-002133,"Cafe,Leche,Pan"
TRX-002134,"Cafe,Pan"
TRX-002135,Manzanas
TRX-002136,"Chocolate,Leche"
TRX-002137,"Cafe,Cerveza,Leche,Pan"
TRX-002138,"Cerveza,Pañales"
TRX-002139,Pasta
TRX-002140,"Cafe,Leche,Pan"
TRX-002141,"Cafe,Leche,Pan"
TRX-002142,"Arroz,Leche,Manzanas,Queso,Vino"
TRX-002143,"Cerveza,Chocolate,Manzanas"
TRX-002144,"Arroz,Cerveza,Chocolate,Manzanas"
TRX-002145,"Huevos,Leche,Pan,Pañales,Queso"
TRX-002146,"Cerveza,Pañales"
TRX-002147,"Huevos,Pan,Pañales,Vino"
TRX-002148,"Cerveza,Leche,Pan,Pañales,Vino"
TRX-002149,"Leche,Pasta,Pañales"
TRX-002150,"Cerveza,Chocolate,Pañales"
TRX-002151,"Cafe,Leche,Pan"
TRX-002152,Chocolate
TRX-002153,"Manzanas,Pasta,Pañales,Queso"
TRX-002154,"Cafe,Leche,Pan"
TRX-002155,"Arroz,Cerveza,Chocolate,Manzanas,Pañales"
TRX-002156,"Cerveza,Pan,Pañales"
TRX-002157,"Cafe,Chocolate,Leche,Vino"
TRX-002158,"Arroz,Manzanas,Pasta,Pañales"
TRX-002159,"Huevos,Pan,Pasta,Pañales"
TRX-002160,"Manzanas,Pañales"
TRX-002161,"Cafe,Cerveza,Chocolate,Pan,Queso"
TRX-002162,"Cafe,Vino"
TRX-002163,"Cafe,Leche,Pan"
TRX-002164,"Cafe,Cerveza,Huevos,Manzanas"
TRX-002165,"Cafe,Cerveza,Pañales,Queso,Vino"
TRX-002166,"Cafe,Leche,Pan"
TRX-002167,Pasta
TRX-002168,"Huevos,Pan,Vino"
TRX-002169,"Cerveza,Huevos,Leche,Manzanas,Pañales"
TRX-002170,"Cafe,Chocolate,Vino"
TRX-002171,"Chocolate,Huevos,Manzanas,Pañales,Vino"
TRX-002172,"Cafe,Leche,Pan"
TRX-002173,"Cafe,Queso"
TRX-002174,"Cerveza,Pasta,Pañales"
TRX-002175,"Cerveza,Pañales,Queso,Vino"
TRX-002176,"Cafe,Leche,Pan"
TRX-002177,"Cerveza,Leche,Pasta,Pañales,Queso"
TRX-002178,"Chocolate,Manzanas"
TRX-002179,"Cerveza,Pasta,Pañales"
TRX-002180,Arroz
TRX-002181,"Cerveza,Pañales"
TRX-002182,"Cerveza,Pañales"
TRX-002183,"Cafe,Leche,Pan,Pasta"
TRX-002184,Chocolate
TRX-002185,"Cerveza,Pan,Pañales"
TRX-002186,"Cafe,Leche,Pan"
TRX-002187,"Cafe,Leche,Pan"
TRX-002188,"Cerveza,Huevos,Manzanas"
TRX-002189,"Cafe,Huevos,Leche,Pan"
TRX-002190,Cafe
TRX-002191,"Cafe,Chocolate,Manzanas,Pasta"
TRX-002192,"Cafe,Huevos"
TRX-002193,"Cafe,Cerveza,Pan,Pasta,Vino"
TRX-002194,"Cerveza,Huevos,Pan"
TRX-002195,"Cafe,Leche,Pan"
TRX-002196,"Chocolate,Leche,Pañales"
TRX-002197,"Arroz,Huevos,Pan,Pasta,Vino"
TRX-002198,"Huevos,Manzanas"
TRX-002199,"Huevos,Manzanas,Vino"
TRX-002200,Leche
TRX-002201,"Leche,Pañales"
TRX-002202,"Cafe,Leche,Pan"
TRX-002203,"Cafe,Leche,Pan"
TRX-002204,"Cafe,Leche,Pan"
TRX-002205,"Cafe,Leche,Pan"
TRX-002206,Manzanas
TRX-002207,"Cafe,Leche,Pan"
TRX-002208,"Arroz,Manzanas"
TRX-002209,"Cerveza,Pañales,Queso"
TRX-002210,"Cerveza,Pañales"
TRX-002211,Queso
TRX-002212,"Cafe,Leche,Manzanas,Pasta"
TRX-002213,"Arroz,Cafe,Pañales"
TRX-002214,"Cafe,Manzanas,Pañales,Vino"
TRX-002215,"Chocolate,Queso"
TRX-002216,"Cerveza,Pasta,Pañales"
TRX-002217,"Cafe,Leche,Pan"
TRX-002218,Pan
TRX-002219,"Cafe,Leche,Pan"
TRX-002220,"Cafe,Leche,Pan"
TRX-002221,Arroz
TRX-002222,"Cerveza,Leche,Pan,Pañales,Vino"
TRX-002223,"Chocolate,Vino"
TRX-002224,"Arroz,Chocolate,Pasta,Pañales"
TRX-002225,"Cafe,Leche,Pan"
TRX-002226,"Cafe,Cerveza,Queso"
TRX-002227,Chocolate
TRX-002228,"Cerveza,Pañales"
TRX-002229,"Cafe,Leche,Pan"
TRX-002230,"Cafe,Leche,Pan"
TRX-002231,Chocolate
TRX-002232,"Cerveza,Chocolate,Leche,Pan"
TRX-002233,"Arroz,Cerveza,Manzanas,Pañales"
TRX-002234,Chocolate
TRX-002235,"Cerveza,Chocolate,Huevos,Pan"
TRX-002236,"Cafe,Leche,Pan"
TRX-002237,"Cafe,Chocolate,Huevos,Pasta,Vino"
TRX-002238,"Cerveza,Pasta,Pañales"
TRX-002239,Cafe
TRX-002240,"Huevos,Pañales,Vino"
TRX-002241,Cafe
TRX-002242,Vino
TRX-002243,"Cerveza,Pañales,Vino"
TRX-002244,Leche
TRX-002245,"Cerveza,Pañales"
TRX-002246,Pan
TRX-002247,"Arroz,Chocolate,Leche,Queso"
TRX-002248,"Cafe,Chocolate,Leche,Pan"
TRX-002249,"Cerveza,Pañales"
TRX-002250,"Arroz,Cerveza,Chocolate,Pañales"
TRX-002251,"Cafe,Leche,Pan,Pañales"
TRX-002252,"Cafe,Cerveza,Chocolate,Manzanas,Pañales"
TRX-002253,"Cafe,Leche,Pan"
TRX-002254,"Cerveza,Pañales"
TRX-002255,"Cafe,Cerveza,Leche,Pañales"
TRX-002256,"Cafe,Leche,Pan"
TRX-002257,"Arroz,Cafe,Manzanas,Pan,Queso"
TRX-002258,"Cafe,Chocolate,Leche,Manzanas,Pan"
TRX-002259,"Cafe,Leche,Pan"
TRX-002260,"Cafe,Leche,Pan"
TRX-002261,"Cafe,Chocolate,Huevos,Vino"
TRX-002262,Arroz
TRX-002263,"Pasta,Pañales,Queso,Vino"
TRX-002264,"Arroz,Leche,Queso"
TRX-002265,"Cafe,Chocolate,Leche,Pan"
TRX-002266,"Cerveza,Pañales"
TRX-002267,"Cafe,Huevos,Leche,Pan,Vino"
TRX-002268,Vino
TRX-002269,"Cafe,Leche,Vino"
TRX-002270,"Cafe,Leche,Pan"
TRX-002271,Manzanas
TRX-002272,"Chocolate,Pan,Pasta,Queso"
TRX-002273,"Chocolate,Leche,Pañales"
TRX-002274,"Cerveza,Pañales"
TRX-002275,"Cafe,Leche,Pan"
TRX-002276,Cerveza
TRX-002277,"Cerveza,Leche,Pasta,Queso,Vino"
TRX-002278,"Chocolate,Leche,Pañales,Queso,Vino"
TRX-002279,"Cerveza,Leche,Pañales"
TRX-002280,"Cerveza,Pañales"
TRX-002281,"Cerveza,Queso"
TRX-002282,Pasta
TRX-002283,"Arroz,Chocolate,Manzanas,Pasta"
TRX-002284,Cerveza
TRX-002285,Arroz
TRX-002286,"Cerveza,Pasta,Pañales,Queso"
TRX-002287,"Arroz,Cerveza,Huevos,Leche,Pan"
TRX-002288,"Arroz,Cafe,Leche,Pasta,Pañales"
TRX-002289,"Cafe,Leche,Pan"
TRX-002290,Pan
TRX-002291,"Cafe,Leche,Pan"
TRX-002292,"Arroz,Manzanas,Queso,Vino"
TRX-002293,"Cerveza,Pañales"
TRX-002294,"Cerveza,Huevos,Pañales"
TRX-002295,"Cerveza,Manzanas,Pan,Pasta,Vino"
TRX-002296,"Cafe,Cerveza,Pan,Pañales"
TRX-002297,"Cafe,Leche,Pan"
TRX-002298,"Arroz,Cerveza,Pañales"
TRX-002299,Pasta
TRX-002300,"Cafe,Leche,Pan"
TRX-002301,"Cafe,Leche,Pan"
TRX-002302,"Arroz,Pan,Pasta,Queso,Vino"
TRX-002303,"Leche,Pasta,Pañales"
TRX-002304,"Cerveza,Chocolate,Huevos,Pañales"
TRX-002305,Manzanas
TRX-002306,"Cafe,Leche,Pan"
TRX-002307,"Huevos,Leche,Pasta,Vino"
TRX-002308,"Cafe,Leche,Pan"
TRX-002309,"Cafe,Leche,Pan"
TRX-002310,"Cerveza,Chocolate,Huevos,Manzanas,Vino"
TRX-002311,"Cerveza,Queso"
TRX-002312,"Cerveza,Pasta,Queso,Vino"
TRX-002313,"Cafe,Leche,Pan"
TRX-002314,"Cafe,Leche,Pan"
TRX-002315,"Manzanas,Pan,Pañales,Queso"
TRX-002316,"Cerveza,Pañales"
TRX-002317,"Cafe,Huevos,Leche,Manzanas,Vino"
TRX-002318,"Pan,Pasta,Pañales,Vino"
TRX-002319,Cerveza
TRX-002320,"Chocolate,Leche,Pañales"
TRX-002321,"Cafe,Leche,Pan,Queso"
TRX-002322,"Arroz,Huevos,Pan"
TRX-002323,Cafe
TRX-002324,"Cerveza,Pañales"
TRX-002325,"Chocolate,Huevos,Pañales,Vino"
TRX-002326,"Cafe,Leche,Pan,Queso"
TRX-002327,"Cafe,Leche,Pan"
TRX-002328,"Cafe,Cerveza,Leche,Pan,Queso"
TRX-002329,"Cafe,Huevos,Leche"
TRX-002330,"Cafe,Leche,Manzanas,Pan"
TRX-002331,"Cafe,Cerveza,Manzanas,Pasta,Vino"
TRX-002332,"Cerveza,Leche,Pan,Pañales"
TRX-002333,"Cafe,Leche,Manzanas,Pan"
TRX-002334,"Cafe,Leche,Pan"
TRX-002335,"Cafe,Cerveza,Vino"
TRX-002336,"Arroz,Cafe,Chocolate,Pañales"
TRX-002337,"Pan,Pasta,Pañales"
TRX-002338,"Arroz,Cerveza"
TRX-002339,"Cafe,Leche,Pan"
TRX-002340,"Arroz,Cafe,Chocolate,Vino"
TRX-002341,"Chocolate,Manzanas,Pan"
TRX-002342,"Cafe,Cerveza,Chocolate,Leche,Pan"
TRX-002343,"Arroz,Chocolate,Leche,Pan"
TRX-002344,"Cerveza,Pasta,Pañales"
TRX-002345,"Cafe,Leche,Pan"
TRX-002346,"Cerveza,Pañales"
TRX-002347,"Arroz,Manzanas,Pañales"
TRX-002348,"Cafe,Cerveza,Pañales"
TRX-002349,Pan
TRX-002350,"Cafe,Leche,Pan"
TRX-002351,"Arroz,Cerveza,Chocolate,Huevos,Pañales"
TRX-002352,"Manzanas,Pan,Queso,Vino"
TRX-002353,"Cafe,Cerveza,Chocolate,Pan,Pañales"
TRX-002354,"Pasta,Queso"
TRX-002355,"Queso,Vino"
TRX-002356,"Arroz,Chocolate"
TRX-002357,"Cerveza,Pan,Pañales,Queso"
TRX-002358,"Cafe,Pan,Vino"
TRX-002359,"Cafe,Cerveza,Manzanas"
TRX-002360,"Cafe,Leche,Pan"
TRX-002361,"Cafe,Huevos,Pañales"
TRX-002362,"Chocolate,Leche,Pan,Queso,Vino"
TRX-002363,"Arroz,Cafe,Chocolate,Leche,Pan"
TRX-002364,"Arroz,Cerveza,Leche,Pañales"
TRX-002365,"Cerveza,Pañales"
TRX-002366,"Cafe,Leche,Pan"
TRX-002367,"Cerveza,Pañales"
TRX-002368,"Cerveza,Chocolate"
TRX-002369,"Cerveza,Chocolate,Pañales,Queso"
TRX-002370,"Arroz,Chocolate,Leche,Manzanas,Pañales"
TRX-002371,"Cafe,Leche,Pan,Queso"
TRX-002372,"Cafe,Leche,Pan"
TRX-002373,"Cafe,Leche,Pan"
TRX-002374,"Arroz,Cafe,Cerveza,Pan,Vino"
TRX-002375,"Cafe,Huevos,Leche,Manzanas"
TRX-002376,"Cafe,Queso"
TRX-002377,"Cerveza,Chocolate,Pañales,Queso,Vino"
TRX-002378,Queso
TRX-002379,"Cerveza,Manzanas,Pañales,Vino"
TRX-002380,"Cerveza,Pan,Pañales"
TRX-002381,"Cafe,Leche,Pan"
TRX-002382,"Cafe,Leche,Pan"
TRX-002383,Pan
TRX-002384,Leche
TRX-002385,"Cafe,Leche,Pan,Pañales"
TRX-002386,"Cerveza,Manzanas,Pan,Pasta,Pañales"
TRX-002387,Pasta
TRX-002388,"Cerveza,Chocolate,Pañales"
TRX-002389,"Cerveza,Manzanas,Pañales"
TRX-002390,"Cerveza,Pasta,Pañales,Vino"
TRX-002391,"Cafe,Leche,Pan"
TRX-002392,"Cafe,Leche,Pan"
TRX-002393,"Chocolate,Leche,Manzanas,Pasta"
TRX-002394,"Cerveza,Pañales"
TRX-002395,"Cerveza,Huevos,Leche,Pañales"
TRX-002396,"Cafe,Chocolate,Manzanas,Pasta"
TRX-002397,"Cafe,Leche,Pan"
TRX-002398,"Arroz,Chocolate,Manzanas,Pan,Pañales"
TRX-002399,"Cerveza,Manzanas,Pañales,Queso,Vino"
TRX-002400,"Arroz,Queso,Vino"
TRX-002401,"Cerveza,Huevos,Manzanas,Queso"
TRX-002402,"Cerveza,Pañales"
TRX-002403,"Cerveza,Chocolate,Leche,Pañales"
TRX-002404,"Cerveza,Chocolate,Huevos,Pañales"
TRX-002405,Pan
TRX-002406,"Cerveza,Chocolate,Manzanas,Pan,Pañales"
TRX-002407,"Arroz,Huevos,Leche,Vino"
TRX-002408,"Cafe,Leche,Pan"
TRX-002409,"Arroz,Manzanas,Queso"
TRX-002410,Cafe
TRX-002411,"Cafe,Cerveza,Chocolate,Pasta,Vino"
TRX-002412,"Cafe,Leche,Pan"
TRX-002413,"Chocolate,Huevos,Leche,Pasta,Queso"
TRX-002414,"Cerveza,Pañales"
TRX-002415,"Arroz,Cerveza,Chocolate,Pañales,Vino"
TRX-002416,"Cerveza,Huevos,Pasta,Vino"
TRX-002417,Cerveza
TRX-002418,"Cafe,Leche,Manzanas,Pasta,Queso"
TRX-002419,"Leche,Manzanas,Pasta"
TRX-002420,"Cerveza,Pañales"
TRX-002421,"Cafe,Manzanas,Vino"
TRX-002422,"Leche,Manzanas,Pasta,Pañales,Queso"
TRX-002423,"Cafe,Pan"
TRX-002424,"Cerveza,Pañales"
TRX-002425,"Cerveza,Chocolate,Pan,Pañales"
TRX-002426,"Arroz,Huevos,Leche,Manzanas,Queso"
TRX-002427,"Cafe,Cerveza,Leche,Manzanas,Pan"
TRX-002428,Pañales
TRX-002429,"Chocolate,Leche,Pañales,Queso,Vino"
TRX-002430,"Leche,Manzanas,Pan"
TRX-002431,"Cerveza,Pañales"
TRX-002432,"Arroz,Cerveza,Huevos,Pan,Pañales"
TRX-002433,Pan
TRX-002434,"Cafe,Leche,Pan"
TRX-002435,"Cerveza,Chocolate,Pañales"
TRX-002436,"Huevos,Leche,Manzanas,Pasta"
TRX-002437,"Cerveza,Pañales"
TRX-002438,"Cerveza,Chocolate,Pañales,Queso,Vino"
TRX-002439,"Cafe,Leche,Pan"
TRX-002440,"Cafe,Leche,Pan"
TRX-002441,"Arroz,Cerveza,Chocolate,Pañales"
TRX-002442,"Arroz,Cafe,Chocolate,Manzanas,Pañales"
TRX-002443,"Cerveza,Pan,Pañales,Vino"
TRX-002444,"Cerveza,Pañales,Queso"
TRX-002445,"Cerveza,Manzanas,Pan,Pañales"
TRX-002446,"Huevos,Manzanas,Pan,Pasta"
TRX-002447,Chocolate
TRX-002448,Pasta
TRX-002449,"Cafe,Cerveza,Chocolate,Leche,Pan"
TRX-002450,"Cerveza,Pan"
TRX-002451,"Cerveza,Pañales"
TRX-002452,"Arroz,Cafe,Cerveza,Leche,Manzanas"
TRX-002453,"Arroz,Cafe,Huevos,Pan,Vino"
TRX-002454,"Arroz,Cerveza,Pan"
TRX-002455,"Cafe,Cerveza"
TRX-002456,"Cerveza,Pañales,Vino"
TRX-002457,"Arroz,Pañales,Queso,Vino"
TRX-002458,"Cafe,Cerveza,Pañales"
TRX-002459,"Cafe,Leche,Manzanas,Pan,Vino"
TRX-002460,"Cafe,Leche,Pan,Pasta"
TRX-002461,"Chocolate,Huevos,Leche"
TRX-002462,"Cafe,Cerveza,Pañales,Queso"
TRX-002463,"Arroz,Leche,Manzanas,Pan,Pañales"
TRX-002464,"Cafe,Chocolate,Leche,Pan,Vino"
TRX-002465,"Arroz,Cafe,Leche,Pañales,Vino"
TRX-002466,"Pan,Pañales"
TRX-002467,"Cafe,Leche,Pan"
TRX-002468,"Arroz,Cerveza,Chocolate,Pañales"
TRX-002469,"Arroz,Queso"
TRX-002470,"Cerveza,Pañales"
TRX-002471,"Arroz,Vino"
TRX-002472,"Cafe,Chocolate,Leche,Manzanas,Pan"
TRX-002473,"Cafe,Chocolate,Huevos,Pan"
TRX-002474,"Cafe,Leche,Pan"
TRX-002475,"Cerveza,Pañales"
TRX-002476,"Cafe,Leche,Pan"
TRX-002477,"Cafe,Leche,Pan"
TRX-002478,"Cafe,Leche,Pan,Pañales,Vino"
TRX-002479,"Cafe,Chocolate,Leche,Manzanas,Vino"
TRX-002480,"Cafe,Cerveza,Chocolate,Pañales,Queso"
TRX-002481,"Cerveza,Pañales"
TRX-002482,"Cafe,Leche,Pan"
TRX-002483,"Cerveza,Pañales"
TRX-002484,"Cerveza,Pañales"
TRX-002485,"Cafe,Cerveza,Leche,Pan"
TRX-002486,"Cafe,Cerveza,Chocolate,Pasta,Pañales"
TRX-002487,"Cafe,Chocolate,Leche,Pan,Vino"
TRX-002488,"Cerveza,Pañales"
TRX-002489,"Chocolate,Leche,Pasta,Queso"
TRX-002490,"Cerveza,Leche,Pañales"
TRX-002491,"Cafe,Leche,Pan"
TRX-002492,"Cafe,Leche,Pan,Vino"
TRX-002493,"Cafe,Chocolate,Leche,Pan,Pañales"
TRX-002494,"Cafe,Manzanas,Pan"
TRX-002495,"Cafe,Cerveza,Chocolate,Vino"
TRX-002496,"Cafe,Leche,Pan,Queso"
TRX-002497,"Cerveza,Huevos,Manzanas,Vino"
TRX-002498,"Cafe,Leche,Pan,Queso"
TRX-002499,"Cerveza,Manzanas,Pañales,Vino"
TRX-002500,"Huevos,Leche,Manzanas"
TRX-002501,"Chocolate,Huevos,Pan,Pasta,Pañales"
TRX-002502,"Arroz,Chocolate,Pañales,Vino"
TRX-002503,"Cafe,Leche,Pan"
TRX-002504,"Arroz,Cerveza,Pañales"
TRX-002505,"Cerveza,Pañales"
TRX-002506,"Cafe,Manzanas"
TRX-002507,"Cafe,Cerveza,Chocolate,Pañales"
TRX-002508,"Cafe,Leche,Pan"
TRX-002509,"Cafe,Leche,Pan,Queso"
TRX-002510,"Cerveza,Pañales"
TRX-002511,"Chocolate,Leche,Manzanas"
TRX-002512,"Cerveza,Pañales"
TRX-002513,"Pan,Pasta,Queso"
TRX-002514,Chocolate
TRX-002515,"Cafe,Chocolate,Pan"
TRX-002516,Leche
TRX-002517,Pan
TRX-002518,"Cafe,Leche,Pan"
TRX-002519,"Cafe,Leche,Pan"
TRX-002520,"Cafe,Cerveza,Manzanas"
TRX-002521,"Cerveza,Pañales"
TRX-002522,"Cafe,Huevos,Leche,Manzanas,Pan"
TRX-002523,Huevos
TRX-002524,"Arroz,Cafe,Cerveza,Pañales"
TRX-002525,Queso
TRX-002526,Leche
TRX-002527,"Cerveza,Huevos,Pañales"
TRX-002528,"Arroz,Leche"
TRX-002529,"Huevos,Pan,Pañales"
TRX-002530,"Cerveza,Pañales"
TRX-002531,"Arroz,Cerveza,Queso,Vino"
TRX-002532,"Cerveza,Pañales"
TRX-002533,"Cerveza,Pañales"
TRX-002534,"Cafe,Leche,Pasta,Pañales,Vino"
TRX-002535,"Cerveza,Pañales"
TRX-002536,"Cerveza,Huevos,Pañales"
TRX-002537,"Arroz,Pañales,Vino"
TRX-002538,"Cafe,Huevos,Manzanas,Pasta"
TRX-002539,"Cerveza,Chocolate,Pasta,Pañales,Vino"
TRX-002540,"Cafe,Leche,Pan,Pañales"
TRX-002541,"Cerveza,Pañales"
TRX-002542,"Arroz,Vino"
TRX-002543,"Cerveza,Chocolate,Pañales,Vino"
TRX-002544,"Cafe,Leche,Pan"
TRX-002545,"Huevos,Leche"
TRX-002546,"Cerveza,Pañales"
TRX-002547,"Cerveza,Queso,Vino"
TRX-002548,"Leche,Pasta,Pañales,Queso"
TRX-002549,"Cafe,Leche,Pan"
TRX-002550,"Cerveza,Pañales"
TRX-002551,"Chocolate,Leche,Manzanas,Pan"
TRX-002552,"Cerveza,Chocolate,Queso,Vino"
TRX-002553,Cerveza
TRX-002554,"Cerveza,Pañales"
TRX-002555,"Cafe,Leche,Pan"
TRX-002556,"Cerveza,Pañales"
TRX-002557,"Arroz,Chocolate,Leche,Manzanas,Pan"
TRX-002558,"Arroz,Cerveza,Leche,Pañales,Vino"
TRX-002559,"Arroz,Pañales"
TRX-002560,"Arroz,Cafe,Leche,Pan,Vino"
TRX-002561,"Pasta,Pañales"
TRX-002562,"Cafe,Cerveza,Huevos,Pasta"
TRX-002563,"Manzanas,Queso"
TRX-002564,"Cerveza,Chocolate,Leche,Pañales,Vino"
TRX-002565,"Cafe,Cerveza,Pañales"
TRX-002566,"Cerveza,Pasta,Pañales,Queso"
TRX-002567,"Huevos,Leche,Pan,Pasta,Pañales"
TRX-002568,"Cafe,Leche,Pan"
TRX-002569,"Arroz,Leche,Manzanas,Vino"
TRX-002570,"Chocolate,Pasta"
TRX-002571,"Cafe,Leche,Pan"
TRX-002572,"Cerveza,Pan,Vino"
TRX-002573,"Arroz,Cerveza,Huevos,Manzanas,Queso"
TRX-002574,"Arroz,Cerveza,Huevos,Leche,Pasta"
TRX-002575,"Arroz,Cerveza,Huevos,Pasta"
TRX-002576,"Cerveza,Chocolate,Leche,Queso"
TRX-002577,"Cafe,Leche,Pan,Queso,Vino"
TRX-002578,"Cafe,Leche,Pan"
TRX-002579,"Cafe,Pan,Pasta"
TRX-002580,"Cerveza,Pañales"
TRX-002581,"Chocolate,Huevos,Pan,Pañales,Vino"
TRX-002582,"Cerveza,Huevos,Manzanas"
TRX-002583,"Manzanas,Queso,Vino"
TRX-002584,"Huevos,Manzanas,Pasta,Pañales"
TRX-002585,"Arroz,Huevos,Pañales,Vino"
TRX-002586,"Cerveza,Leche,Pan,Pañales,Vino"
TRX-002587,"Cerveza,Pasta,Pañales"
TRX-002588,"Arroz,Cerveza,Chocolate,Vino"
TRX-002589,"Chocolate,Pan,Pasta,Vino"
TRX-002590,"Chocolate,Huevos,Pan,Queso"
TRX-002591,"Chocolate,Leche,Pasta,Vino"
TRX-002592,"Cafe,Leche,Pan"
TRX-002593,"Cerveza,Pañales"
TRX-002594,"Cafe,Leche,Pan"
TRX-002595,"Arroz,Chocolate,Leche"
TRX-002596,"Cerveza,Leche,Pañales,Vino"
TRX-002597,"Arroz,Huevos,Queso"
TRX-002598,"Pan,Pasta"
TRX-002599,"Cerveza,Huevos,Leche,Manzanas,Pasta"
TRX-002600,"Cafe,Leche,Pan"
TRX-002601,"Manzanas,Pan"
TRX-002602,"Cafe,Leche,Pan,Vino"
TRX-002603,Pan
TRX-002604,"Cafe,Leche,Pan"
TRX-002605,"Cafe,Leche,Pan"
TRX-002606,"Cerveza,Pañales"
TRX-002607,"Cerveza,Leche,Pañales,Queso"
TRX-002608,Leche
TRX-002609,Queso
TRX-002610,"Cafe,Leche,Pan"
TRX-002611,"Cafe,Leche,Pan"
TRX-002612,Manzanas
TRX-002613,"Cafe,Chocolate,Leche,Pan"
TRX-002614,"Cerveza,Leche,Queso"
TRX-002615,"Huevos,Manzanas,Pañales,Queso"
TRX-002616,Arroz
TRX-002617,"Cerveza,Pañales"
TRX-002618,"Cerveza,Huevos,Manzanas"
TRX-002619,"Cerveza,Pan,Pasta"
TRX-002620,"Cafe,Leche,Pan"
TRX-002621,"Cerveza,Manzanas,Pañales"
TRX-002622,"Cerveza,Pañales"
TRX-002623,"Huevos,Manzanas,Pañales,Queso"
TRX-002624,"Cafe,Leche,Pan,Pasta,Pañales"
TRX-002625,"Arroz,Leche,Manzanas,Pasta,Queso"
TRX-002626,"Cerveza,Huevos"
TRX-002627,"Cerveza,Pañales"
TRX-002628,"Cerveza,Pañales,Queso"
TRX-002629,"Huevos,Pan"
TRX-002630,"Cerveza,Pañales"
TRX-002631,"Pañales,Queso"
TRX-002632,Huevos
TRX-002633,"Cafe,Cerveza,Pan,Queso"
TRX-002634,"Cerveza,Chocolate,Pan,Pasta,Queso"
TRX-002635,"Cerveza,Pañales"
TRX-002636,"Arroz,Huevos"
TRX-002637,"Arroz,Cafe,Manzanas,Pan,Queso"
TRX-002638,"Leche,Pañales"
TRX-002639,"Arroz,Chocolate,Huevos,Leche"
TRX-002640,"Cafe,Leche,Pan,Pañales"
TRX-002641,"Cafe,Cerveza,Manzanas,Pañales,Vino"
TRX-002642,"Cerveza,Pan,Queso,Vino"
TRX-002643,"Cafe,Cerveza,Huevos,Pañales"
TRX-002644,"Cafe,Leche,Pan"
TRX-002645,"Chocolate,Huevos,Pan,Queso,Vino"
TRX-002646,"Cafe,Chocolate,Pañales,Vino"
TRX-002647,"Cafe,Leche,Pan"
TRX-002648,Vino
TRX-002649,"Arroz,Cafe,Pasta"
TRX-002650,"Cafe,Leche,Pan"
TRX-002651,"Cerveza,Pasta,Pañales,Vino"
TRX-002652,"Cerveza,Pasta,Pañales"
TRX-002653,"Cafe,Leche,Pan"
TRX-002654,"Arroz,Cafe,Leche,Pan,Pañales"
TRX-002655,"Cerveza,Vino"
TRX-002656,"Cafe,Cerveza,Leche,Vino"
TRX-002657,"Cafe,Leche,Pan"
TRX-002658,"Chocolate,Huevos,Pasta,Queso"
TRX-002659,"Cerveza,Pañales"
TRX-002660,"Cafe,Leche,Pan"
TRX-002661,"Cafe,Leche,Manzanas,Pan,Vino"
TRX-002662,"Cafe,Leche,Pan"
TRX-002663,"Arroz,Cerveza,Chocolate,Pañales"
TRX-002664,"Pan,Pasta,Vino"
TRX-002665,"Cafe,Leche,Manzanas,Pan"
TRX-002666,"Cafe,Chocolate,Leche,Pan,Pañales"
TRX-002667,"Arroz,Chocolate,Huevos,Manzanas,Pan"
TRX-002668,"Arroz,Cafe,Huevos"
TRX-002669,"Cerveza,Pañales"
TRX-002670,Cerveza
TRX-002671,"Cerveza,Pañales"
TRX-002672,"Cerveza,Pañales"
TRX-002673,"Cerveza,Pasta,Pañales"
TRX-002674,Arroz
TRX-002675,"Cerveza,Chocolate,Pan,Pañales"
TRX-002676,"Cerveza,Pañales,Vino"
TRX-002677,"Cafe,Leche,Pan"
TRX-002678,"Cerveza,Pañales"
TRX-002679,"Huevos,Pan,Pasta"
TRX-002680,"Cerveza,Chocolate,Leche,Queso"
TRX-002681,"Cafe,Leche,Pan"
TRX-002682,"Cerveza,Chocolate,Huevos,Leche,Pasta"
TRX-002683,"Arroz,Chocolate"
TRX-002684,"Cafe,Leche,Pan"
TRX-002685,"Cerveza,Huevos,Leche,Manzanas,Queso"
TRX-002686,"Cafe,Leche,Pan"
TRX-002687,"Cafe,Chocolate,Leche,Pan"
TRX-002688,"Arroz,Cafe,Huevos,Manzanas,Pan"
TRX-002689,"Cerveza,Huevos,Pañales"
TRX-002690,"Cerveza,Pañales"
TRX-002691,Cafe
TRX-002692,"Cafe,Leche"
TRX-002693,Leche
TRX-002694,"Cerveza,Huevos,Manzanas,Pañales,Vino"
TRX-002695,"Cafe,Leche,Pan"
TRX-002696,"Cafe,Leche,Pan"
TRX-002697,"Cafe,Huevos,Leche,Manzanas,Pan"
TRX-002698,"Arroz,Huevos,Vino"
TRX-002699,"Arroz,Cerveza,Pañales,Queso"
TRX-002700,"Arroz,Cafe,Leche,Manzanas,Pan"
TRX-002701,"Huevos,Manzanas,Pan,Pañales"
TRX-002702,"Huevos,Leche,Manzanas,Pañales,Queso"
TRX-002703,"Cafe,Leche,Pan,Pasta"
TRX-002704,"Cerveza,Pan,Pañales,Queso"
TRX-002705,"Cafe,Cerveza,Leche,Pan"
TRX-002706,"Cafe,Leche,Pan"
TRX-002707,"Cafe,Leche,Pan,Vino"
TRX-002708,"Cafe,Cerveza,Manzanas,Pañales"
TRX-002709,"Cafe,Leche,Pan"
TRX-002710,"Arroz,Cafe,Pasta,Pañales,Vino"
TRX-002711,"Arroz,Cerveza,Chocolate,Manzanas,Queso"
TRX-002712,"Cafe,Leche,Pan"
TRX-002713,Cerveza
TRX-002714,"Chocolate,Pañales"
TRX-002715,Cafe
TRX-002716,"Arroz,Cafe,Chocolate,Huevos,Vino"
TRX-002717,"Arroz,Cerveza,Pañales,Queso"
TRX-002718,"Cafe,Leche,Pan"
TRX-002719,"Cerveza,Chocolate,Pañales"
TRX-002720,"Arroz,Cafe,Leche,Pan"
TRX-002721,"Arroz,Cafe,Chocolate,Leche,Manzanas"
TRX-002722,"Arroz,Chocolate,Manzanas,Vino"
TRX-002723,"Arroz,Cafe,Cerveza,Chocolate,Pañales"
TRX-002724,"Pan,Pañales"
TRX-002725,"Pan,Queso,Vino"
TRX-002726,"Cerveza,Pañales"
TRX-002727,"Cafe,Leche,Pan"
TRX-002728,"Cafe,Leche,Manzanas,Pan"
TRX-002729,"Arroz,Manzanas,Pasta,Vino"
TRX-002730,"Cerveza,Vino"
TRX-002731,"Cerveza,Manzanas,Pañales,Vino"
TRX-002732,"Arroz,Leche,Manzanas,Pan,Pañales"
TRX-002733,Queso
TRX-002734,"Cafe,Huevos,Leche,Pan"
TRX-002735,"Cafe,Leche,Pan"
TRX-002736,"Cerveza,Huevos,Manzanas,Pan,Pañales"
TRX-002737,"Cerveza,Huevos,Pan"
TRX-002738,"Arroz,Huevos,Manzanas,Pasta,Pañales"
TRX-002739,Cafe
TRX-002740,"Cafe,Leche,Pan,Queso"
TRX-002741,"Cerveza,Pan,Pañales,Queso,Vino"
TRX-002742,"Cafe,Leche,Pañales,Queso"
TRX-002743,"Cafe,Chocolate,Leche,Pasta,Pañales"
TRX-002744,"Huevos,Leche"
TRX-002745,"Cerveza,Chocolate,Leche,Pañales,Queso"
TRX-002746,"Cafe,Leche,Pan"
TRX-002747,"Cafe,Cerveza,Leche,Pan"
TRX-002748,"Chocolate,Manzanas,Pan,Pasta,Pañales"
TRX-002749,Cafe
TRX-002750,"Cafe,Leche,Pan"
TRX-002751,"Cerveza,Pañales"
TRX-002752,"Cerveza,Pañales"
TRX-002753,"Huevos,Leche,Pan,Pañales,Queso"
TRX-002754,Manzanas
TRX-002755,Huevos
TRX-002756,"Cafe,Cerveza,Pañales"
TRX-002757,Pañales
TRX-002758,"Cafe,Leche,Pan,Queso"
TRX-002759,Queso
TRX-002760,"Cafe,Leche,Pan"
TRX-002761,"Cafe,Pan,Pañales"
TRX-002762,"Arroz,Cerveza,Leche,Pañales"
TRX-002763,"Cerveza,Huevos,Leche,Manzanas,Queso"
TRX-002764,"Arroz,Cafe,Leche,Pan,Pasta"
TRX-002765,Queso
TRX-002766,"Chocolate,Pan,Queso"
TRX-002767,"Arroz,Chocolate,Huevos,Pañales"
TRX-002768,"Cerveza,Pañales"
TRX-002769,Pan
TRX-002770,"Cerveza,Pañales,Vino"
TRX-002771,"Cafe,Leche,Pan"
TRX-002772,"Cafe,Leche,Pan"
TRX-002773,Pan
TRX-002774,Cafe
TRX-002775,"Leche,Pan,Queso"
TRX-002776,"Cerveza,Pañales"
TRX-002777,"Arroz,Pan"
TRX-002778,"Cafe,Leche,Pan"
TRX-002779,"Arroz,Cerveza,Pañales"
TRX-002780,Vino
TRX-002781,"Leche,Pañales"
TRX-002782,"Arroz,Chocolate,Huevos,Pañales"
TRX-002783,"Arroz,Huevos"
TRX-002784,Pañales
TRX-002785,"Cerveza,Huevos,Pañales"
TRX-002786,"Arroz,Chocolate,Leche,Pan,Vino"
TRX-002787,"Arroz,Cerveza,Leche,Vino"
TRX-002788,"Arroz,Cerveza,Pan,Pasta,Vino"
TRX-002789,"Cerveza,Pañales"
TRX-002790,"Arroz,Chocolate,Manzanas,Pasta,Pañales"
TRX-002791,"Cafe,Leche,Pan"
TRX-002792,"Cerveza,Chocolate,Vino"
TRX-002793,"Cafe,Leche,Pan"
TRX-002794,"Arroz,Cafe"
TRX-002795,Leche
TRX-002796,"Leche,Queso"
TRX-002797,Pañales
TRX-002798,"Cafe,Leche,Pan"
TRX-002799,"Cafe,Leche,Pan"
TRX-002800,"Cafe,Cerveza,Huevos,Pañales,Vino"
TRX-002801,Manzanas
TRX-002802,Pasta
TRX-002803,"Chocolate,Leche"
TRX-002804,"Huevos,Pasta,Pañales"
TRX-002805,"Cafe,Leche,Pan"
TRX-002806,"Cafe,Leche,Pan"
TRX-002807,"Cafe,Huevos,Pañales,Queso"
TRX-002808,"Cafe,Vino"
TRX-002809,"Cafe,Leche,Pan"
TRX-002810,"Pan,Pasta,Queso"
TRX-002811,"Cafe,Leche,Pan"
TRX-002812,"Pañales,Queso"
TRX-002813,"Chocolate,Leche,Pasta"
TRX-002814,"Cafe,Cerveza,Pañales,Queso"
TRX-002815,"Cerveza,Manzanas,Pasta,Pañales"
TRX-002816,"Arroz,Cerveza,Pañales,Vino"
TRX-002817,Cerveza
TRX-002818,"Cerveza,Queso"
TRX-002819,"Cafe,Leche,Manzanas,Pan"
TRX-002820,"Cafe,Leche,Pan"
TRX-002821,"Leche,Manzanas,Pan,Vino"
TRX-002822,"Cerveza,Huevos,Leche,Manzanas,Pañales"
TRX-002823,"Cafe,Leche,Pan,Pañales"
TRX-002824,"Arroz,Chocolate,Pasta,Pañales,Queso"
TRX-002825,"Chocolate,Pañales,Queso,Vino"
TRX-002826,Pan
TRX-002827,"Arroz,Leche,Manzanas,Pañales"
TRX-002828,"Cafe,Cerveza,Chocolate,Manzanas,Vino"
TRX-002829,"Cafe,Leche,Pan"
TRX-002830,"Chocolate,Pan"
TRX-002831,"Cafe,Leche,Pan,Queso"
TRX-002832,"Cafe,Leche,Pan"
TRX-002833,"Cerveza,Pañales"
TRX-002834,"Cerveza,Pañales"
TRX-002835,Cafe
TRX-002836,Arroz
TRX-002837,"Arroz,Cerveza,Pañales,Queso"
TRX-002838,"Chocolate,Manzanas,Pasta"
TRX-002839,"Manzanas,Pan,Pasta,Vino"
TRX-002840,"Cafe,Leche,Pan"
TRX-002841,"Cerveza,Pañales"
TRX-002842,"Arroz,Huevos,Pan,Queso"
TRX-002843,"Cafe,Leche,Pan"
TRX-002844,"Cafe,Leche,Pan"
TRX-002845,"Arroz,Cerveza,Pañales"
TRX-002846,"Cafe,Manzanas,Pasta"
TRX-002847,"Cerveza,Huevos,Pan,Pañales"
TRX-002848,"Cafe,Leche,Pan"
TRX-002849,"Cafe,Cerveza,Pañales,Vino"
TRX-002850,Pasta
TRX-002851,"Cafe,Leche,Pan"
TRX-002852,"Cerveza,Manzanas,Pan,Pañales,Queso"
TRX-002853,"Cafe,Leche,Pan"
TRX-002854,Cafe
TRX-002855,"Cafe,Leche,Pan,Queso"
TRX-002856,"Cerveza,Manzanas,Pasta,Pañales"
TRX-002857,Pasta
TRX-002858,"Cafe,Leche,Pan,Vino"
TRX-002859,"Arroz,Chocolate,Queso"
TRX-002860,"Cerveza,Manzanas"
TRX-002861,"Cerveza,Huevos,Leche,Manzanas,Vino"
TRX-002862,"Leche,Pasta,Queso"
TRX-002863,"Cafe,Leche,Manzanas,Pasta,Vino"
TRX-002864,"Arroz,Pasta,Queso"
TRX-002865,"Cafe,Leche,Pan"
TRX-002866,"Cafe,Cerveza,Huevos,Pan,Pañales"
TRX-002867,"Cerveza,Pañales,Vino"
TRX-002868,"Chocolate,Huevos,Manzanas,Pasta,Pañales"
TRX-002869,"Arroz,Chocolate,Pasta,Pañales,Vino"
TRX-002870,"Cafe,Chocolate,Leche,Pan"
TRX-002871,"Cafe,Leche,Pan,Pasta"
TRX-002872,"Chocolate,Manzanas,Pan,Pañales"
TRX-002873,"Manzanas,Pañales"
TRX-002874,"Cafe,Leche,Pan"
TRX-002875,Manzanas
TRX-002876,"Cerveza,Manzanas,Pañales,Vino"
TRX-002877,Pañales
TRX-002878,"Cerveza,Pañales"
TRX-002879,"Cafe,Leche,Pan"
TRX-002880,"Cafe,Leche,Pan"
TRX-002881,"Cerveza,Pañales"
TRX-002882,"Cafe,Leche,Pan"
TRX-002883,"Huevos,Pan"
TRX-002884,Cafe
TRX-002885,"Arroz,Cerveza,Leche,Pañales"
TRX-002886,"Cerveza,Chocolate,Pasta"
TRX-002887,"Cerveza,Chocolate,Huevos"
TRX-002888,"Cerveza,Pañales"
TRX-002889,Manzanas
TRX-002890,"Cafe,Huevos,Leche,Pan"
TRX-002891,"Cafe,Leche,Pan"
TRX-002892,"Cafe,Leche,Pan"
TRX-002893,"Cafe,Leche,Pan"
TRX-002894,"Cerveza,Huevos,Pasta,Pañales"
TRX-002895,"Cafe,Leche,Pan"
TRX-002896,"Cafe,Leche,Pan"
TRX-002897,"Cerveza,Pañales"
TRX-002898,"Arroz,Cafe,Pasta"
TRX-002899,"Cerveza,Pañales,Queso,Vino"
TRX-002900,"Cafe,Leche,Pan"
TRX-002901,"Cerveza,Pañales,Queso"
TRX-002902,"Chocolate,Manzanas,Vino"
TRX-002903,Chocolate
TRX-002904,"Arroz,Cafe,Leche,Vino"
TRX-002905,"Arroz,Cerveza,Huevos,Queso"
TRX-002906,"Cerveza,Manzanas,Pañales"
TRX-002907,"Arroz,Cerveza,Chocolate,Pañales"
TRX-002908,"Cafe,Leche,Pan"
TRX-002909,"Cerveza,Pañales"
TRX-002910,Pasta
TRX-002911,"Cafe,Huevos,Manzanas,Pan"
TRX-002912,"Cerveza,Pañales,Queso"
TRX-002913,"Cafe,Queso"
TRX-002914,"Arroz,Huevos,Manzanas,Pan"
TRX-002915,"Cerveza,Chocolate,Pañales,Queso"
TRX-002916,"Arroz,Cerveza,Huevos"
TRX-002917,"Cafe,Leche,Pan"
TRX-002918,"Cerveza,Pañales"
TRX-002919,Huevos
TRX-002920,"Arroz,Cafe,Cerveza,Manzanas,Pan"
TRX-002921,"Leche,Pan,Pasta"
TRX-002922,"Arroz,Cerveza,Pañales"
TRX-002923,"Arroz,Cerveza,Pañales"
TRX-002924,"Leche,Manzanas,Pañales"
TRX-002925,"Cafe,Cerveza,Pan,Pasta,Pañales"
TRX-002926,"Cafe,Leche,Pan,Queso"
TRX-002927,"Cafe,Leche,Manzanas,Pan"
TRX-002928,"Huevos,Leche,Pan,Pasta,Vino"
TRX-002929,"Cerveza,Pañales"
TRX-002930,"Cafe,Leche,Pan"
TRX-002931,"Arroz,Cerveza,Manzanas,Pañales"
TRX-002932,"Cerveza,Queso"
TRX-002933,Leche
TRX-002934,"Cerveza,Pañales"
TRX-002935,"Arroz,Pañales,Vino"
TRX-002936,"Arroz,Queso"
TRX-002937,"Cafe,Cerveza,Huevos,Leche,Queso"
TRX-002938,"Cafe,Leche,Pan,Pasta,Vino"
TRX-002939,"Cafe,Leche,Pan"
TRX-002940,"Huevos,Manzanas"
TRX-002941,"Cafe,Chocolate,Leche,Manzanas,Pasta"
TRX-002942,"Cerveza,Manzanas,Pañales"
TRX-002943,"Cerveza,Manzanas,Pasta,Pañales"
TRX-002944,"Cerveza,Pañales"
TRX-002945,"Cerveza,Pañales,Vino"
TRX-002946,Arroz
TRX-002947,"Arroz,Pasta,Pañales"
TRX-002948,"Cafe,Leche,Manzanas,Pan,Vino"
TRX-002949,"Cafe,Leche,Pan,Pañales"
TRX-002950,"Cafe,Cerveza,Pañales"
TRX-002951,"Cerveza,Chocolate,Pañales,Vino"
TRX-002952,"Cerveza,Huevos,Leche,Manzanas,Pañales"
TRX-002953,Vino
TRX-002954,"Cafe,Leche,Pan"
TRX-002955,"Cafe,Leche,Manzanas,Queso"
TRX-002956,"Cafe,Cerveza,Leche,Pañales,Vino"
TRX-002957,Huevos
TRX-002958,"Pasta,Pañales"
TRX-002959,"Arroz,Cafe,Chocolate,Pañales"
TRX-002960,"Arroz,Cafe,Chocolate,Leche,Vino"
TRX-002961,"Arroz,Cafe,Manzanas,Pan"
TRX-002962,"Cafe,Cerveza,Pañales,Vino"
TRX-002963,"Chocolate,Vino"
TRX-002964,"Cerveza,Pañales"
TRX-002965,"Huevos,Pasta,Queso"
TRX-002966,"Cafe,Vino"
TRX-002967,Chocolate
TRX-002968,"Cafe,Huevos,Vino"
TRX-002969,"Cerveza,Pan,Queso"
TRX-002970,"Cerveza,Pañales"
TRX-002971,"Cerveza,Pañales"
TRX-002972,"Cafe,Leche,Pan"
TRX-002973,"Huevos,Leche,Pan"
TRX-002974,"Cafe,Cerveza,Chocolate,Huevos,Pan"
TRX-002975,"Chocolate,Pasta,Queso"
TRX-002976,"Cafe,Leche,Pan"
TRX-002977,"Cafe,Huevos"
TRX-002978,"Cerveza,Huevos,Vino"
TRX-002979,"Cafe,Leche,Pan"
TRX-002980,"Cafe,Leche,Pan"
TRX-002981,"Cafe,Leche,Pan"
TRX-002982,"Cafe,Leche,Pan"
TRX-002983,"Cafe,Leche,Pan"
TRX-002984,"Cafe,Leche,Pan"
TRX-002985,"Cerveza,Pañales"
TRX-002986,"Cafe,Leche,Pan"
TRX-002987,"Cerveza,Pañales"
TRX-002988,"Chocolate,Leche,Pañales,Queso"
TRX-002989,Queso
TRX-002990,"Cafe,Leche,Pan"
TRX-002991,"Cerveza,Pañales"
TRX-002992,"Cafe,Queso"
TRX-002993,"Leche,Pasta"
TRX-002994,"Cerveza,Manzanas"
TRX-002995,"Cafe,Leche,Manzanas,Pan"
TRX-002996,"Cerveza,Manzanas"
TRX-002997,"Cerveza,Pañales"
TRX-002998,"Arroz,Cerveza,Huevos,Manzanas,Pan"
TRX-002999,"Cafe,Leche,Pan"
TRX-003000,"Cafe,Leche,Pan"
TRX-003001,Arroz
TRX-003002,Chocolate
TRX-003003,"Cerveza,Pañales"
TRX-003004,"Cafe,Leche,Pan,Queso"
TRX-003005,"Cafe,Leche,Pan"
TRX-003006,Vino
TRX-003007,"Cafe,Leche,Pan"
TRX-003008,"Arroz,Cerveza,Leche,Pañales"
TRX-003009,"Cafe,Leche,Pan"
TRX-003010,"Manzanas,Pañales"
TRX-003011,"Cerveza,Pañales"
TRX-003012,"Cerveza,Huevos"
TRX-003013,"Pan,Queso"
TRX-003014,"Cerveza,Huevos,Pañales,Queso"
TRX-003015,Vino
TRX-003016,"Cafe,Leche,Pan"
TRX-003017,"Cerveza,Pañales"
TRX-003018,"Arroz,Cafe,Pan"
TRX-003019,"Cafe,Leche,Pan"
TRX-003020,"Leche,Manzanas,Pasta,Vino"
TRX-003021,"Chocolate,Pan,Vino"
TRX-003022,"Cafe,Leche,Pan,Pañales"
TRX-003023,"Cerveza,Pañales"
TRX-003024,"Cafe,Cerveza,Huevos"
TRX-003025,Queso
TRX-003026,"Cerveza,Pañales"
TRX-003027,"Cerveza,Pañales"
TRX-003028,"Cerveza,Pañales"
TRX-003029,Leche
TRX-003030,"Cerveza,Pañales"
TRX-003031,"Arroz,Cerveza,Manzanas,Pañales"
TRX-003032,"Cafe,Cerveza,Pañales"
TRX-003033,"Huevos,Pan,Pañales"
TRX-003034,"Cafe,Chocolate,Leche,Pan"
TRX-003035,"Cerveza,Pañales"
TRX-003036,"Cafe,Cerveza,Chocolate,Huevos"
TRX-003037,"Chocolate,Leche,Pañales"
TRX-003038,"Cerveza,Pañales"
TRX-003039,"Cafe,Leche,Pan"
TRX-003040,"Cerveza,Pañales"
TRX-003041,"Cerveza,Pañales"
TRX-003042,"Cafe,Leche,Pan,Pasta"
TRX-003043,"Cafe,Leche,Pan"
TRX-003044,"Cafe,Leche,Pan"
TRX-003045,"Cafe,Leche,Pan"
TRX-003046,"Cafe,Leche,Pan"
TRX-003047,Chocolate
TRX-003048,"Cafe,Leche,Pan"
TRX-003049,"Cafe,Leche,Pan"
TRX-003050,"Cafe,Huevos,Leche,Pan"
TRX-003051,"Cafe,Cerveza,Pan,Pasta,Pañales"
TRX-003052,"Cerveza,Pañales"
TRX-003053,"Cerveza,Pañales"
TRX-003054,"Cafe,Leche,Pan"
TRX-003055,"Cafe,Leche,Pan"
TRX-003056,"Cerveza,Chocolate,Pañales"
TRX-003057,"Cafe,Cerveza,Chocolate,Leche,Pañales"
TRX-003058,"Cafe,Leche,Pan"
TRX-003059,"Cafe,Leche,Pan"
TRX-003060,Vino
TRX-003061,"Cerveza,Chocolate,Pañales"
TRX-003062,"Cafe,Chocolate,Huevos,Vino"
TRX-003063,"Cafe,Chocolate,Leche,Pan"
TRX-003064,"Cafe,Leche,Pan"
TRX-003065,"Arroz,Leche,Queso,Vino"
TRX-003066,"Cafe,Leche,Pan"
TRX-003067,"Cafe,Chocolate,Leche,Pasta,Queso"
TRX-003068,"Cafe,Leche,Pan,Pasta,Queso"
TRX-003069,Vino
TRX-003070,"Cafe,Leche,Pan"
TRX-003071,"Cafe,Leche,Pan"
TRX-003072,"Cerveza,Leche,Manzanas,Pan,Vino"
TRX-003073,"Cafe,Leche,Pan,Queso"
TRX-003074,"Chocolate,Manzanas,Pan,Queso"
TRX-003075,"Leche,Manzanas,Pañales,Queso,Vino"
TRX-003076,"Cerveza,Pasta,Pañales"
TRX-003077,Huevos
TRX-003078,"Cafe,Manzanas,Pan,Queso,Vino"
TRX-003079,"Arroz,Cafe,Leche,Vino"
TRX-003080,Pan
TRX-003081,"Cafe,Leche,Pan,Pasta,Queso"
TRX-003082,"Cafe,Cerveza,Pan,Queso,Vino"
TRX-003083,"Huevos,Leche,Manzanas,Vino"
TRX-003084,"Cerveza,Leche,Pasta,Queso"
TRX-003085,"Arroz,Cerveza,Chocolate,Queso,Vino"
TRX-003086,"Cerveza,Manzanas,Pañales,Vino"
TRX-003087,"Cafe,Chocolate,Leche,Pan"
TRX-003088,"Cerveza,Pasta,Pañales,Queso"
TRX-003089,"Arroz,Cerveza,Pañales,Vino"
TRX-003090,Queso
TRX-003091,"Cerveza,Pan,Pasta"
TRX-003092,Leche
TRX-003093,"Cafe,Leche,Pan"
TRX-003094,Pasta
TRX-003095,Queso
TRX-003096,"Cafe,Leche,Pan"
TRX-003097,"Cerveza,Pasta,Pañales"
TRX-003098,"Arroz,Pasta"
TRX-003099,"Cafe,Pasta,Pañales,Queso"
TRX-003100,"Cafe,Cerveza,Chocolate,Manzanas,Queso"
TRX-003101,"Arroz,Cafe,Cerveza,Chocolate,Huevos"
TRX-003102,"Chocolate,Pan,Queso,Vino"
TRX-003103,"Arroz,Pan,Pasta,Pañales,Vino"
TRX-003104,"Cerveza,Pañales"
TRX-003105,"Arroz,Cerveza,Pañales"
TRX-003106,"Cafe,Leche,Pan"
TRX-003107,"Arroz,Huevos,Pasta"
TRX-003108,"Chocolate,Queso"
TRX-003109,"Arroz,Leche,Manzanas,Queso"
TRX-003110,"Cafe,Leche,Pan"
TRX-003111,"Cerveza,Pañales"
TRX-003112,"Cafe,Chocolate,Leche,Pan,Pasta"
TRX-003113,"Arroz,Manzanas"
TRX-003114,"Chocolate,Manzanas,Pañales"
TRX-003115,Arroz
TRX-003116,"Cerveza,Manzanas"
TRX-003117,"Cerveza,Leche,Pañales,Vino"
TRX-003118,"Cafe,Leche,Pan"
TRX-003119,"Cafe,Leche,Pan"
TRX-003120,"Arroz,Cafe,Leche,Pan,Queso"
TRX-003121,"Leche,Pan,Pasta,Pañales"
TRX-003122,"Cerveza,Pan,Pañales"
TRX-003123,Pañales
TRX-003124,"Arroz,Pasta,Queso"
TRX-003125,"Arroz,Cafe,Chocolate,Queso"
TRX-003126,"Cerveza,Pañales"
TRX-003127,"Cafe,Leche,Pan"
TRX-003128,"Cerveza,Pan,Pañales"
TRX-003129,"Cerveza,Leche,Pan,Pañales"
TRX-003130,"Cafe,Leche,Pan,Vino"
TRX-003131,"Cafe,Leche,Pan,Queso"
TRX-003132,"Cerveza,Pañales"
TRX-003133,"Pañales,Vino"
TRX-003134,"Cafe,Leche,Pan,Pañales"
TRX-003135,"Arroz,Cerveza,Chocolate,Huevos,Pan"
TRX-003136,"Cafe,Leche,Manzanas,Pan,Pañales"
TRX-003137,"Huevos,Pañales"
TRX-003138,"Cerveza,Manzanas,Pañales"
TRX-003139,"Cafe,Huevos,Leche,Pan"
TRX-003140,"Cafe,Leche,Pan"
TRX-003141,"Huevos,Pañales"
TRX-003142,"Arroz,Chocolate,Pan"
TRX-003143,"Huevos,Manzanas,Queso"
TRX-003144,"Cerveza,Pañales"
TRX-003145,Arroz
TRX-003146,"Huevos,Pasta"
TRX-003147,"Cerveza,Pañales"
TRX-003148,Pañales
TRX-003149,"Arroz,Vino"
TRX-003150,"Cafe,Leche,Pan"
TRX-003151,"Cerveza,Pañales"
TRX-003152,"Cafe,Leche,Pan"
TRX-003153,"Cafe,Cerveza,Pañales"
TRX-003154,"Cerveza,Pañales"
TRX-003155,"Cafe,Queso"
TRX-003156,"Arroz,Cerveza,Manzanas,Pañales"
TRX-003157,"Arroz,Huevos,Leche,Manzanas,Pañales"
TRX-003158,"Cerveza,Huevos,Pañales"
TRX-003159,"Cafe,Leche,Pan,Queso"
TRX-003160,"Cafe,Leche,Pan"
TRX-003161,Huevos
TRX-003162,"Huevos,Leche,Queso"
TRX-003163,"Pan,Pasta"
TRX-003164,"Cafe,Cerveza,Leche,Pan,Pañales"
TRX-003165,"Cafe,Cerveza,Pañales,Queso"
TRX-003166,"Cerveza,Pañales"
TRX-003167,"Huevos,Vino"
TRX-003168,"Cafe,Leche,Pan"
TRX-003169,"Cerveza,Chocolate,Huevos,Pañales"
TRX-003170,"Cafe,Cerveza,Huevos,Pasta,Pañales"
TRX-003171,"Cafe,Leche,Pan"
TRX-003172,Queso
TRX-003173,"Arroz,Chocolate,Leche,Pañales,Queso"
TRX-003174,"Cerveza,Leche,Pasta,Pañales,Vino"
TRX-003175,"Arroz,Cafe,Queso"
TRX-003176,"Cerveza,Pañales"
TRX-003177,"Arroz,Cafe,Manzanas,Vino"
TRX-003178,"Cafe,Leche,Pan"
TRX-003179,"Cafe,Leche,Pan"
TRX-003180,"Cafe,Leche"
TRX-003181,"Cafe,Cerveza,Chocolate,Huevos,Vino"
TRX-003182,"Huevos,Pasta,Queso"
TRX-003183,"Cafe,Leche,Pan"
TRX-003184,"Cafe,Cerveza,Huevos,Pan"
TRX-003185,"Pan,Pañales"
TRX-003186,"Cafe,Leche,Pan"
TRX-003187,"Pañales,Queso"
TRX-003188,"Cafe,Leche,Pan"
TRX-003189,"Cerveza,Pañales"
TRX-003190,"Huevos,Leche,Manzanas,Queso"
TRX-003191,"Cerveza,Pañales"
TRX-003192,"Cafe,Chocolate,Leche,Pan,Vino"
TRX-003193,"Cafe,Leche,Pan"
TRX-003194,"Chocolate,Leche,Pasta,Vino"
TRX-003195,"Huevos,Manzanas,Pañales,Vino"
TRX-003196,"Arroz,Cerveza,Pasta,Pañales"
TRX-003197,"Manzanas,Pasta,Vino"
TRX-003198,"Cafe,Cerveza,Leche,Pan,Pañales"
TRX-003199,"Cerveza,Pañales"
TRX-003200,"Cafe,Huevos,Leche,Pan"
TRX-003201,"Cerveza,Pañales"
TRX-003202,"Cafe,Leche,Pan,Vino"
TRX-003203,"Cerveza,Pan,Pasta"
TRX-003204,"Chocolate,Huevos,Leche,Queso"
TRX-003205,"Cerveza,Huevos,Manzanas,Pañales"
TRX-003206,"Chocolate,Leche,Pasta,Pañales"
TRX-003207,"Cafe,Leche,Pan,Queso"
TRX-003208,"Huevos,Pasta,Pañales,Vino"
TRX-003209,"Cafe,Leche,Pan"
TRX-003210,"Cafe,Leche,Pan"
TRX-003211,"Cerveza,Chocolate,Pan,Vino"
TRX-003212,"Cafe,Leche,Pan"
TRX-003213,"Cerveza,Pañales,Vino"
TRX-003214,"Cafe,Leche,Pan"
TRX-003215,"Arroz,Huevos,Queso,Vino"
TRX-003216,"Cafe,Leche,Manzanas,Pan,Pañales"
TRX-003217,"Arroz,Manzanas,Pan,Pañales,Vino"
TRX-003218,"Cafe,Cerveza,Pañales"
TRX-003219,"Arroz,Chocolate"
TRX-003220,"Cerveza,Pañales"
TRX-003221,Pañales
TRX-003222,"Chocolate,Manzanas,Pasta,Queso,Vino"
TRX-003223,"Arroz,Cafe,Cerveza,Leche,Pañales"
TRX-003224,"Arroz,Chocolate,Pan,Pasta,Pañales"
TRX-003225,"Cerveza,Manzanas"
TRX-003226,"Arroz,Chocolate,Leche,Pasta,Pañales"
TRX-003227,"Leche,Pañales"
TRX-003228,"Cafe,Pan,Pañales,Queso"
TRX-003229,"Arroz,Cafe,Vino"
TRX-003230,"Pan,Pañales"
TRX-003231,"Cafe,Huevos,Leche,Pan,Vino"
TRX-003232,"Cerveza,Pañales"
TRX-003233,"Cerveza,Pañales"
TRX-003234,"Cafe,Leche,Pan"
TRX-003235,"Cafe,Cerveza,Huevos,Pañales,Queso"
TRX-003236,"Cafe,Huevos,Leche,Pan"
TRX-003237,"Cafe,Cerveza,Pañales,Vino"
TRX-003238,"Cerveza,Pañales"
TRX-003239,"Chocolate,Leche,Queso"
TRX-003240,"Cafe,Cerveza,Pañales"
TRX-003241,"Chocolate,Manzanas,Pan,Queso"
TRX-003242,"Cerveza,Pañales"
TRX-003243,"Cafe,Leche,Pan"
TRX-003244,"Arroz,Queso"
TRX-003245,"Cafe,Leche,Pan"
TRX-003246,"Cerveza,Pañales"
TRX-003247,"Cafe,Huevos,Leche,Pan"
TRX-003248,"Huevos,Pan,Queso"
TRX-003249,"Cerveza,Chocolate,Leche,Queso"
TRX-003250,"Cafe,Leche,Pan"
TRX-003251,"Cafe,Leche,Pañales"
TRX-003252,"Pasta,Queso"
TRX-003253,Chocolate
TRX-003254,"Cafe,Chocolate,Leche,Pan"
TRX-003255,"Cafe,Leche,Pan"
TRX-003256,"Cerveza,Pañales"
TRX-003257,"Cerveza,Chocolate,Huevos"
TRX-003258,"Cafe,Leche,Pan"
TRX-003259,"Cerveza,Pañales"
TRX-003260,Leche
TRX-003261,"Leche,Manzanas,Pan,Pañales,Vino"
TRX-003262,"Cerveza,Pañales"
TRX-003263,Pañales
TRX-003264,"Leche,Queso"
TRX-003265,"Chocolate,Huevos,Leche,Pasta"
TRX-003266,"Cafe,Leche,Pan,Pañales"
TRX-003267,"Arroz,Queso,Vino"
TRX-003268,"Manzanas,Pasta,Vino"
TRX-003269,"Chocolate,Manzanas,Pañales,Vino"
TRX-003270,"Cafe,Leche,Pan"
TRX-003271,"Cafe,Cerveza,Leche,Pasta,Queso"
TRX-003272,"Arroz,Cafe,Leche,Pan"
TRX-003273,Arroz
TRX-003274,Chocolate
TRX-003275,Pasta
TRX-003276,"Cafe,Leche,Vino"
TRX-003277,"Cerveza,Pañales,Queso"
TRX-003278,"Cafe,Leche,Pan"
TRX-003279,"Cafe,Chocolate,Leche,Pan"
TRX-003280,Queso
TRX-003281,"Cafe,Cerveza,Chocolate,Pan,Vino"
TRX-003282,"Cafe,Cerveza,Chocolate,Pañales,Queso"
TRX-003283,"Cerveza,Chocolate,Pañales"
TRX-003284,Arroz
TRX-003285,"Arroz,Leche,Pan,Pasta,Queso"
TRX-003286,"Arroz,Cafe,Cerveza,Huevos,Manzanas"
TRX-003287,"Cerveza,Pañales,Vino"
TRX-003288,"Cafe,Leche,Pan"
TRX-003289,"Cerveza,Pañales"
TRX-003290,"Cafe,Chocolate,Leche,Pan"
TRX-003291,"Cerveza,Huevos,Pañales,Vino"
TRX-003292,"Cafe,Leche,Pan,Pañales"
TRX-003293,Chocolate
TRX-003294,Cafe
TRX-003295,"Arroz,Cafe,Huevos,Pan,Queso"
TRX-003296,"Cafe,Leche,Pan"
TRX-003297,Huevos
TRX-003298,"Cerveza,Huevos,Leche,Pañales"
TRX-003299,"Pasta,Queso"
TRX-003300,Cerveza
TRX-003301,"Cafe,Leche,Pan"
TRX-003302,"Cafe,Leche,Pan,Pañales,Vino"
TRX-003303,"Cafe,Cerveza,Chocolate,Pañales"
TRX-003304,"Chocolate,Huevos,Leche,Pan,Pasta"
TRX-003305,"Cafe,Chocolate,Leche,Pan,Queso"
TRX-003306,"Cafe,Chocolate,Huevos,Pasta,Pañales"
TRX-003307,Pañales
TRX-003308,"Cafe,Pan,Pañales,Queso,Vino"
TRX-003309,"Huevos,Manzanas,Pan,Pañales"
TRX-003310,"Cafe,Cerveza,Leche,Queso"
TRX-003311,"Cerveza,Pan,Pañales"
TRX-003312,"Cafe,Leche,Manzanas,Pan,Vino"
TRX-003313,"Cafe,Leche"
TRX-003314,"Cafe,Leche,Pan"
TRX-003315,"Cafe,Manzanas,Pan"
TRX-003316,"Cafe,Pañales"
TRX-003317,"Cafe,Cerveza,Chocolate,Pañales"
TRX-003318,"Cerveza,Pañales"
TRX-003319,"Arroz,Cerveza,Chocolate,Pañales,Queso"
TRX-003320,"Manzanas,Pan,Pañales,Queso,Vino"
TRX-003321,"Cerveza,Pañales"
TRX-003322,"Cerveza,Chocolate,Pan,Queso"
TRX-003323,"Cerveza,Pañales"
TRX-003324,"Cerveza,Chocolate,Leche,Pañales"
TRX-003325,"Cafe,Leche,Pan"
TRX-003326,"Cafe,Leche,Pan"
TRX-003327,"Pan,Pasta,Pañales,Vino"
TRX-003328,"Cerveza,Pañales"
TRX-003329,"Cerveza,Pañales"
TRX-003330,"Cerveza,Pañales"
TRX-003331,Pañales
TRX-003332,"Arroz,Cerveza,Manzanas,Pañales"
TRX-003333,"Cafe,Leche,Pañales"
TRX-003334,"Cafe,Huevos,Leche,Pan,Pañales"
TRX-003335,"Arroz,Leche,Pañales"
TRX-003336,"Arroz,Cafe,Pasta"
TRX-003337,"Chocolate,Huevos,Manzanas,Pan,Vino"
TRX-003338,"Cafe,Chocolate,Leche,Pan"
TRX-003339,"Arroz,Cafe,Leche,Pan,Vino"
TRX-003340,"Chocolate,Leche,Manzanas,Pan"
TRX-003341,"Cafe,Leche,Pan"
TRX-003342,"Cafe,Leche,Pan"
TRX-003343,"Cerveza,Pasta,Pañales"
TRX-003344,Cafe
TRX-003345,"Cafe,Cerveza,Huevos"
TRX-003346,"Cafe,Chocolate,Huevos,Pan"
TRX-003347,"Arroz,Huevos,Pasta,Pañales,Vino"
TRX-003348,"Arroz,Vino"
TRX-003349,"Arroz,Cafe,Leche,Pan"
TRX-003350,"Cafe,Leche,Pan,Pasta"
TRX-003351,Cerveza
TRX-003352,"Arroz,Cerveza,Pan,Pañales"
TRX-003353,"Arroz,Leche"
TRX-003354,Pasta
TRX-003355,"Chocolate,Leche"
TRX-003356,Huevos
TRX-003357,"Cafe,Leche,Pan"
TRX-003358,"Arroz,Cafe,Cerveza,Leche,Pan"
TRX-003359,"Cafe,Leche,Pan"
TRX-003360,"Cerveza,Pañales"
TRX-003361,"Cerveza,Pañales"
TRX-003362,"Pasta,Vino"
TRX-003363,"Arroz,Manzanas,Pan,Pasta"
TRX-003364,"Cerveza,Chocolate,Manzanas,Pan"
TRX-003365,Manzanas
TRX-003366,"Cafe,Leche,Pan"
TRX-003367,"Cafe,Leche,Pan"
TRX-003368,"Huevos,Pasta"
TRX-003369,Cafe
TRX-003370,"Cerveza,Pañales"
TRX-003371,"Cafe,Cerveza,Pañales,Queso"
TRX-003372,"Chocolate,Huevos,Manzanas,Pasta,Queso"
TRX-003373,Leche
TRX-003374,"Huevos,Manzanas,Pan,Pañales"
TRX-003375,"Chocolate,Leche"
TRX-003376,Pañales
TRX-003377,"Cafe,Leche,Manzanas,Pan,Pañales"
TRX-003378,"Cerveza,Chocolate,Queso"
TRX-003379,"Cerveza,Pañales"
TRX-003380,"Pan,Pasta,Pañales"
TRX-003381,"Cafe,Leche,Pan"
TRX-003382,"Huevos,Leche,Vino"
TRX-003383,"Cafe,Chocolate,Leche,Pan"
TRX-003384,"Cafe,Leche,Pan"
TRX-003385,"Cafe,Leche,Pan"
TRX-003386,"Cerveza,Manzanas,Pañales,Queso"
TRX-003387,"Arroz,Cafe,Vino"
TRX-003388,"Cerveza,Chocolate,Leche,Pañales"
TRX-003389,"Cerveza,Pañales"
TRX-003390,Chocolate
TRX-003391,"Cerveza,Chocolate,Pan,Pañales"
TRX-003392,"Cerveza,Pañales"
TRX-003393,"Cafe,Leche,Pan"
TRX-003394,"Cerveza,Pañales"
TRX-003395,"Cerveza,Pañales"
TRX-003396,"Cafe,Pañales"
TRX-003397,"Cafe,Leche,Pan"
TRX-003398,"Arroz,Cafe,Cerveza,Manzanas,Queso"
TRX-003399,"Cafe,Leche,Pan"
TRX-003400,"Cafe,Leche,Pan"
TRX-003401,"Cerveza,Pañales,Queso"
TRX-003402,"Cafe,Leche,Pan"
TRX-003403,"Arroz,Leche,Pañales"
TRX-003404,Manzanas
TRX-003405,"Cafe,Leche,Pan,Pañales"
TRX-003406,"Cafe,Leche,Pan"
TRX-003407,"Chocolate,Huevos,Queso"
TRX-003408,Manzanas
TRX-003409,"Cerveza,Pañales"
TRX-003410,"Cerveza,Pañales"
TRX-003411,Queso
TRX-003412,Pañales
TRX-003413,"Cerveza,Pañales"
TRX-003414,"Pan,Queso"
TRX-003415,"Arroz,Pan"
TRX-003416,"Cerveza,Chocolate,Manzanas,Pañales"
TRX-003417,"Cafe,Leche,Pan"
TRX-003418,"Arroz,Huevos,Pan,Queso"
TRX-003419,"Arroz,Cerveza,Chocolate,Manzanas,Pañales"
TRX-003420,"Arroz,Cafe,Cerveza,Huevos,Pañales"
TRX-003421,"Cafe,Leche,Pan"
TRX-003422,"Arroz,Cerveza,Pan,Pasta,Pañales"
TRX-003423,"Cerveza,Pañales"
TRX-003424,Chocolate
TRX-003425,"Cerveza,Manzanas"
TRX-003426,"Cerveza,Huevos,Leche,Manzanas,Pasta"
TRX-003427,"Cerveza,Pañales"
TRX-003428,"Cafe,Leche,Pan"
TRX-003429,"Cerveza,Pan,Pañales,Vino"
TRX-003430,"Cafe,Leche,Pan"
TRX-003431,"Cerveza,Pañales"
TRX-003432,"Arroz,Cafe,Huevos"
TRX-003433,Pan
TRX-003434,"Cafe,Leche,Pan"
TRX-003435,"Cafe,Leche,Pan,Pasta,Queso"
TRX-003436,"Cafe,Leche,Pan"
TRX-003437,"Arroz,Cerveza,Chocolate,Pañales"
TRX-003438,"Cafe,Leche,Pan,Pasta"
TRX-003439,"Arroz,Cerveza,Chocolate,Pañales"
TRX-003440,"Arroz,Manzanas,Pasta,Vino"
TRX-003441,"Cafe,Cerveza,Huevos,Pasta"
TRX-003442,"Cafe,Leche,Pan"
TRX-003443,Chocolate
TRX-003444,"Cafe,Leche,Pan"
TRX-003445,"Arroz,Pañales,Queso"
TRX-003446,Queso
TRX-003447,"Cerveza,Pañales"
TRX-003448,"Arroz,Pan,Pañales,Queso,Vino"
TRX-003449,"Cerveza,Pañales"
TRX-003450,"Pañales,Queso"
TRX-003451,"Cafe,Leche,Pan"
TRX-003452,"Cerveza,Huevos,Pasta,Pañales,Queso"
TRX-003453,"Cerveza,Pañales"
TRX-003454,"Huevos,Pasta,Pañales,Vino"
TRX-003455,"Cerveza,Pañales"
TRX-003456,Vino
TRX-003457,"Cerveza,Pañales"
TRX-003458,"Arroz,Manzanas"
TRX-003459,"Cafe,Leche,Pan,Queso,Vino"
TRX-003460,"Cafe,Leche,Pan"
TRX-003461,"Cafe,Leche,Pan,Pañales"
TRX-003462,"Cafe,Leche,Manzanas,Pan,Queso"
TRX-003463,"Cafe,Cerveza,Leche,Pañales"
TRX-003464,"Cerveza,Pañales"
TRX-003465,"Cafe,Leche,Pan"
TRX-003466,"Cafe,Chocolate,Huevos,Leche,Pasta"
TRX-003467,"Cerveza,Chocolate,Pañales"
TRX-003468,"Arroz,Cafe,Pan,Pasta"
TRX-003469,"Cafe,Leche,Pan"
TRX-003470,"Cafe,Leche,Pan"
TRX-003471,"Arroz,Leche,Pan,Vino"
TRX-003472,"Cafe,Pasta"
TRX-003473,"Cafe,Leche,Pan"
TRX-003474,"Cerveza,Pañales"
TRX-003475,"Cerveza,Huevos,Leche,Pañales,Vino"
TRX-003476,"Cafe,Cerveza,Leche,Pan,Vino"
TRX-003477,"Arroz,Chocolate,Huevos,Leche,Manzanas"
TRX-003478,"Cafe,Leche,Pan"
TRX-003479,"Cafe,Leche,Pan"
TRX-003480,"Cafe,Leche,Pan"
TRX-003481,"Cerveza,Pañales"
TRX-003482,"Cerveza,Pañales"
TRX-003483,"Arroz,Cafe,Huevos,Leche,Pan"
TRX-003484,"Cerveza,Pañales"
TRX-003485,"Cafe,Leche,Pan"
TRX-003486,"Cafe,Leche,Pan,Vino"
TRX-003487,"Cerveza,Huevos,Manzanas,Pañales,Queso"
TRX-003488,"Pan,Pasta,Queso,Vino"
TRX-003489,"Cafe,Leche,Pan"
TRX-003490,"Cafe,Leche,Pan,Pañales"
TRX-003491,"Cafe,Leche,Pan,Queso,Vino"
TRX-003492,"Cerveza,Pasta,Pañales"
TRX-003493,"Cafe,Cerveza,Huevos,Pan"
TRX-003494,"Arroz,Cerveza,Pañales,Queso,Vino"
TRX-003495,Manzanas
TRX-003496,"Cafe,Leche,Pan"
TRX-003497,"Cerveza,Manzanas,Queso"
TRX-003498,"Cerveza,Pañales,Queso"
TRX-003499,"Cafe,Leche,Pan"
TRX-003500,"Cafe,Leche,Pan"
TRX-003501,"Cafe,Queso"
TRX-003502,"Leche,Manzanas,Pan,Queso"
TRX-003503,"Cafe,Cerveza,Leche,Pan,Vino"
TRX-003504,"Cerveza,Chocolate,Pan,Pañales,Vino"
TRX-003505,"Cafe,Huevos,Pan"
TRX-003506,"Cafe,Leche,Pan"
TRX-003507,"Arroz,Pañales"
TRX-003508,"Arroz,Cafe,Cerveza,Pasta,Pañales"
TRX-003509,"Cafe,Chocolate,Leche,Pan"
TRX-003510,"Cafe,Cerveza,Huevos,Manzanas,Pañales"
TRX-003511,"Cerveza,Pasta,Pañales"
TRX-003512,"Cerveza,Chocolate,Huevos,Queso"
TRX-003513,"Cafe,Cerveza,Pañales"
TRX-003514,"Cerveza,Leche,Pañales,Queso,Vino"
TRX-003515,"Cafe,Leche,Pan"
TRX-003516,"Arroz,Cerveza,Pasta,Pañales"
TRX-003517,"Arroz,Huevos,Leche,Manzanas,Pasta"
TRX-003518,"Arroz,Cafe,Leche,Pan"
TRX-003519,"Cafe,Cerveza,Pañales,Queso"
TRX-003520,"Cafe,Cerveza,Pan,Pasta,Pañales"
TRX-003521,"Cerveza,Pañales"
TRX-003522,"Cerveza,Pañales"
TRX-003523,Vino
TRX-003524,"Cerveza,Chocolate,Queso,Vino"
TRX-003525,"Cafe,Cerveza,Manzanas,Vino"
TRX-003526,"Arroz,Chocolate,Huevos,Pasta,Vino"
TRX-003527,"Cerveza,Pañales"
TRX-003528,Arroz
TRX-003529,"Arroz,Huevos,Queso,Vino"
TRX-003530,"Arroz,Leche,Manzanas,Pan,Pañales"
TRX-003531,"Pasta,Pañales,Queso,Vino"
TRX-003532,"Chocolate,Huevos,Leche,Pasta,Queso"
TRX-003533,"Cafe,Leche,Pan"
TRX-003534,"Cafe,Leche,Pan"
TRX-003535,"Cerveza,Pañales"
TRX-003536,"Cafe,Leche,Pan"
TRX-003537,"Cafe,Leche,Pasta,Queso,Vino"
TRX-003538,"Cafe,Leche,Pan"
TRX-003539,Pasta
TRX-003540,"Cerveza,Pasta,Pañales"
TRX-003541,Queso
TRX-003542,"Cerveza,Pañales"
TRX-003543,"Cafe,Leche,Pan"
TRX-003544,Cerveza
TRX-003545,"Cerveza,Pañales"
TRX-003546,"Cerveza,Leche,Pañales,Vino"
TRX-003547,"Arroz,Cerveza,Manzanas,Pan,Pañales"
TRX-003548,"Arroz,Pan,Pañales,Queso,Vino"
TRX-003549,"Chocolate,Manzanas,Pan,Pasta"
TRX-003550,"Huevos,Leche,Manzanas,Pañales,Queso"
TRX-003551,"Cerveza,Pañales"
TRX-003552,"Pan,Pañales"
TRX-003553,"Arroz,Chocolate,Huevos,Vino"
TRX-003554,"Arroz,Cerveza,Chocolate,Pañales"
TRX-003555,"Cerveza,Pañales"
TRX-003556,"Cerveza,Manzanas,Pan,Pañales"
TRX-003557,Pasta
TRX-003558,"Chocolate,Huevos,Pan"
TRX-003559,"Leche,Manzanas,Queso"
TRX-003560,"Cafe,Chocolate,Leche,Pan"
TRX-003561,"Huevos,Manzanas,Vino"
TRX-003562,"Cafe,Cerveza,Leche,Pan,Pañales"
TRX-003563,"Arroz,Huevos,Pan,Pañales,Vino"
TRX-003564,"Cerveza,Pañales"
TRX-003565,"Leche,Manzanas"
TRX-003566,"Cafe,Leche,Pan"
TRX-003567,"Cafe,Leche,Pan"
TRX-003568,Manzanas
TRX-003569,"Cafe,Leche,Pan"
TRX-003570,"Cerveza,Chocolate,Huevos,Leche,Manzanas"
TRX-003571,"Huevos,Manzanas,Pasta,Queso"
TRX-003572,"Cerveza,Pan,Pañales"
TRX-003573,"Cafe,Cerveza,Leche,Pan"
TRX-003574,"Huevos,Pañales"
TRX-003575,"Cerveza,Pañales"
TRX-003576,"Cafe,Leche,Pan"
TRX-003577,"Arroz,Cerveza"
TRX-003578,"Cerveza,Leche,Manzanas,Pasta,Queso"
TRX-003579,"Cerveza,Chocolate,Pañales,Queso,Vino"
TRX-003580,"Cerveza,Huevos,Pañales"
TRX-003581,"Arroz,Cafe,Cerveza,Pañales,Vino"
TRX-003582,"Cafe,Leche,Pan"
TRX-003583,"Cerveza,Huevos,Pañales"
TRX-003584,"Cerveza,Leche,Pañales"
TRX-003585,"Cafe,Pañales"
TRX-003586,"Cafe,Huevos,Pañales,Queso,Vino"
TRX-003587,"Cafe,Leche,Pan"
TRX-003588,"Cafe,Leche,Pan"
TRX-003589,"Arroz,Cafe,Pasta,Pañales"
TRX-003590,"Cerveza,Pañales"
TRX-003591,"Cafe,Leche,Pan,Vino"
TRX-003592,Pasta
TRX-003593,"Cafe,Leche,Manzanas"
TRX-003594,"Arroz,Cerveza,Chocolate"
TRX-003595,"Huevos,Pasta,Queso,Vino"
TRX-003596,"Huevos,Pan,Pañales,Vino"
TRX-003597,"Cafe,Leche,Pan"
TRX-003598,"Arroz,Cerveza,Huevos,Pasta,Queso"
TRX-003599,"Huevos,Pan"
TRX-003600,"Cafe,Leche,Pan"
TRX-003601,"Chocolate,Huevos,Leche,Manzanas"
TRX-003602,"Cerveza,Pasta,Vino"
TRX-003603,"Cafe,Leche"
TRX-003604,"Cafe,Pasta"
TRX-003605,"Cafe,Leche,Pan"
TRX-003606,"Arroz,Leche,Pasta,Pañales,Queso"
TRX-003607,"Cerveza,Pañales"
TRX-003608,Pasta
TRX-003609,Cafe
TRX-003610,"Cerveza,Pañales,Queso,Vino"
TRX-003611,"Cafe,Chocolate,Leche,Pasta"
TRX-003612,"Cafe,Leche,Manzanas,Pan,Vino"
TRX-003613,"Cafe,Vino"
TRX-003614,"Cafe,Leche,Pan"
TRX-003615,"Cerveza,Chocolate,Pan,Vino"
TRX-003616,"Chocolate,Huevos,Leche,Queso"
TRX-003617,Huevos
TRX-003618,Queso
TRX-003619,"Arroz,Cerveza,Chocolate,Huevos,Manzanas"
TRX-003620,"Cafe,Leche,Pan"
TRX-003621,"Cafe,Leche,Manzanas,Pan,Pasta"
TRX-003622,Cerveza
TRX-003623,"Arroz,Cafe,Chocolate,Huevos,Queso"
TRX-003624,"Cafe,Chocolate,Leche,Pan,Pañales"
TRX-003625,"Cafe,Leche,Pan"
TRX-003626,Pasta
TRX-003627,"Cerveza,Pañales"
TRX-003628,"Arroz,Chocolate,Huevos,Leche,Queso"
TRX-003629,"Cafe,Cerveza,Chocolate,Huevos,Queso"
TRX-003630,"Arroz,Cafe,Manzanas,Queso"
TRX-003631,"Chocolate,Leche,Queso"
TRX-003632,"Arroz,Pan,Vino"
TRX-003633,"Cafe,Leche,Pan"
TRX-003634,"Cerveza,Chocolate,Pasta,Queso"
TRX-003635,"Cerveza,Pañales"
TRX-003636,"Cafe,Leche,Pan"
TRX-003637,"Cerveza,Leche,Pañales"
TRX-003638,"Cafe,Huevos,Leche,Pan,Vino"
TRX-003639,"Pasta,Queso"
TRX-003640,"Cerveza,Pasta,Pañales,Vino"
TRX-003641,Pañales
TRX-003642,"Cafe,Huevos,Manzanas,Pañales,Vino"
TRX-003643,Pan
TRX-003644,"Cerveza,Huevos,Pan,Pañales"
TRX-003645,"Cafe,Cerveza,Pasta,Pañales"
TRX-003646,"Cafe,Leche,Pan"
TRX-003647,"Arroz,Cerveza,Huevos,Pasta,Vino"
TRX-003648,"Cafe,Pan"
TRX-003649,"Cafe,Leche,Pan"
TRX-003650,"Cafe,Pan"
TRX-003651,Arroz
TRX-003652,"Cerveza,Leche,Pasta,Pañales"
TRX-003653,"Manzanas,Queso,Vino"
TRX-003654,"Arroz,Huevos,Vino"
TRX-003655,"Cafe,Leche,Pan"
TRX-003656,"Cerveza,Pañales"
TRX-003657,"Cerveza,Chocolate,Huevos,Pañales"
TRX-003658,"Chocolate,Pañales"
TRX-003659,"Cafe,Leche,Pan"
TRX-003660,"Chocolate,Manzanas,Pan,Pañales,Queso"
TRX-003661,"Cerveza,Pañales"
TRX-003662,"Cerveza,Pasta,Pañales"
TRX-003663,"Leche,Pan"
TRX-003664,"Arroz,Huevos,Manzanas,Pan,Queso"
TRX-003665,"Cafe,Cerveza,Huevos,Pasta"
TRX-003666,"Cerveza,Huevos,Pañales,Vino"
TRX-003667,"Arroz,Huevos,Leche,Pan"
TRX-003668,"Cerveza,Chocolate,Pasta"
TRX-003669,"Arroz,Cafe,Leche,Pan,Pasta"
TRX-003670,Chocolate
TRX-003671,"Cafe,Leche,Pan"
TRX-003672,"Cerveza,Leche,Manzanas,Pan,Queso"
TRX-003673,"Cafe,Leche,Pan"
TRX-003674,"Arroz,Cafe,Chocolate,Pasta"
TRX-003675,"Cafe,Leche,Manzanas,Pan"
TRX-003676,"Huevos,Leche,Pan,Queso"
TRX-003677,Cafe
TRX-003678,"Arroz,Cafe,Chocolate,Pasta"
TRX-003679,Vino
TRX-003680,"Cerveza,Pañales"
TRX-003681,"Cerveza,Leche,Pasta,Pañales,Queso"
TRX-003682,"Chocolate,Leche,Pasta,Vino"
TRX-003683,"Cafe,Leche,Pan"
TRX-003684,"Cafe,Leche,Pan"
TRX-003685,"Cerveza,Vino"
TRX-003686,"Cerveza,Pañales"
TRX-003687,"Arroz,Chocolate,Leche,Manzanas,Queso"
TRX-003688,"Cerveza,Pañales"
TRX-003689,Arroz
TRX-003690,"Cafe,Leche,Pan"
TRX-003691,"Cafe,Leche,Pan"
TRX-003692,"Cerveza,Pañales"
TRX-003693,"Cafe,Cerveza,Vino"
TRX-003694,Pan
TRX-003695,"Cerveza,Pañales"
TRX-003696,"Cafe,Leche,Pan"
TRX-003697,"Cerveza,Pañales"
TRX-003698,"Huevos,Leche,Pan,Pasta"
TRX-003699,Huevos
TRX-003700,"Cerveza,Chocolate,Leche,Pan,Queso"
TRX-003701,"Cerveza,Leche,Pan,Pañales"
TRX-003702,"Huevos,Pan,Pañales,Queso"
TRX-003703,"Cafe,Huevos,Leche,Pan"
TRX-003704,Manzanas
TRX-003705,"Cafe,Cerveza,Pañales"
TRX-003706,"Cerveza,Pañales,Queso"
TRX-003707,"Cafe,Huevos,Leche,Manzanas,Pan"
TRX-003708,"Cafe,Cerveza,Leche,Pañales"
TRX-003709,"Cafe,Leche,Pan,Pasta"
TRX-003710,"Cafe,Leche,Pan"
TRX-003711,"Cafe,Cerveza,Pañales"
TRX-003712,"Arroz,Cerveza,Chocolate,Manzanas,Queso"
TRX-003713,"Cafe,Leche,Pan"
TRX-003714,"Cafe,Chocolate,Pasta"
TRX-003715,"Cafe,Leche,Pan"
TRX-003716,"Cafe,Chocolate,Manzanas,Pasta,Pañales"
TRX-003717,"Chocolate,Manzanas,Vino"
TRX-003718,"Cafe,Leche,Pan"
TRX-003719,"Cafe,Chocolate,Leche,Pasta,Queso"
TRX-003720,"Arroz,Cafe,Chocolate,Huevos,Vino"
TRX-003721,"Huevos,Pasta,Pañales"
TRX-003722,"Cerveza,Pan,Queso,Vino"
TRX-003723,Chocolate
TRX-003724,"Leche,Pan,Pañales"
TRX-003725,"Arroz,Cerveza,Pasta"
TRX-003726,"Arroz,Manzanas"
TRX-003727,"Cerveza,Pan,Pañales"
TRX-003728,"Cafe,Leche,Pan,Queso"
TRX-003729,"Cafe,Leche,Pan"
TRX-003730,"Cerveza,Pañales"
TRX-003731,"Cafe,Manzanas,Pasta,Pañales"
TRX-003732,"Cerveza,Chocolate,Leche,Pañales"
TRX-003733,"Cafe,Leche,Pan"
TRX-003734,"Cerveza,Pasta,Pañales"
TRX-003735,"Cerveza,Pañales"
TRX-003736,"Chocolate,Huevos,Pan,Pasta,Pañales"
TRX-003737,"Huevos,Pan"
TRX-003738,"Cerveza,Pan,Vino"
TRX-003739,"Huevos,Leche,Pan,Pasta"
TRX-003740,"Arroz,Cafe,Manzanas,Pasta,Pañales"
TRX-003741,Huevos
TRX-003742,"Cafe,Leche,Pan"
TRX-003743,"Cafe,Leche,Pan"
TRX-003744,"Arroz,Cerveza,Huevos,Pañales,Vino"
TRX-003745,"Cafe,Leche,Pan"
TRX-003746,"Chocolate,Pan,Pañales"
TRX-003747,"Cerveza,Pañales,Queso"
TRX-003748,"Cerveza,Pañales,Vino"
TRX-003749,"Arroz,Chocolate,Manzanas,Pasta,Vino"
TRX-003750,"Arroz,Cafe,Huevos,Pañales"
TRX-003751,"Cerveza,Pañales"
TRX-003752,"Cerveza,Chocolate"
TRX-003753,"Cafe,Leche,Pan"
TRX-003754,"Leche,Manzanas,Queso"
TRX-003755,"Cafe,Huevos,Manzanas,Pan,Queso"
TRX-003756,"Arroz,Cafe,Huevos,Leche,Queso"
TRX-003757,"Cerveza,Chocolate,Huevos,Vino"
TRX-003758,"Cerveza,Chocolate,Leche"
TRX-003759,"Arroz,Cafe,Cerveza,Leche,Vino"
TRX-003760,"Cerveza,Pañales"
TRX-003761,"Cerveza,Huevos,Pañales,Vino"
TRX-003762,"Cerveza,Pañales"
TRX-003763,"Arroz,Cerveza,Pasta,Pañales"
TRX-003764,"Cerveza,Pañales"
TRX-003765,"Cerveza,Pañales"
TRX-003766,"Cafe,Leche,Pan,Pasta"
TRX-003767,"Cafe,Leche,Pan"
TRX-003768,"Cerveza,Pan,Pasta,Pañales,Vino"
TRX-003769,Pasta
TRX-003770,"Huevos,Leche,Manzanas,Queso"
TRX-003771,"Cafe,Cerveza,Leche,Pasta"
TRX-003772,Manzanas
TRX-003773,"Cafe,Leche,Manzanas"
TRX-003774,"Chocolate,Huevos,Manzanas,Pasta,Queso"
TRX-003775,"Cafe,Huevos,Leche,Pan"
TRX-003776,"Arroz,Cafe,Pan,Vino"
TRX-003777,"Cafe,Leche,Pan"
TRX-003778,"Huevos,Pañales,Vino"
TRX-003779,"Cerveza,Pan,Pañales"
TRX-003780,"Cafe,Chocolate,Leche,Pan,Vino"
TRX-003781,"Cerveza,Pañales"
TRX-003782,"Cerveza,Pasta,Pañales,Vino"
TRX-003783,"Arroz,Cafe,Cerveza,Manzanas,Vino"
TRX-003784,"Cafe,Leche"
TRX-003785,Huevos
TRX-003786,"Cafe,Leche,Pan"
TRX-003787,"Cafe,Huevos,Pan,Queso,Vino"
TRX-003788,"Arroz,Chocolate,Pañales"
TRX-003789,"Cerveza,Pañales"
TRX-003790,"Arroz,Cafe,Chocolate,Huevos,Queso"
TRX-003791,Pasta
TRX-003792,"Arroz,Cafe,Cerveza,Huevos,Pan"
TRX-003793,"Cafe,Cerveza,Pan,Pañales"
TRX-003794,"Pañales,Vino"
TRX-003795,"Arroz,Chocolate"
TRX-003796,"Cerveza,Chocolate,Leche,Pañales"
TRX-003797,"Cerveza,Manzanas,Pasta,Pañales,Vino"
TRX-003798,"Cerveza,Chocolate,Pan,Pasta,Pañales"
TRX-003799,"Cafe,Leche,Pan"
TRX-003800,"Arroz,Chocolate,Queso"
TRX-003801,"Cerveza,Chocolate,Pasta,Pañales"
TRX-003802,"Cerveza,Manzanas"
TRX-003803,"Cafe,Leche,Manzanas,Pan,Pasta"
TRX-003804,Cafe
TRX-003805,"Cerveza,Leche,Pasta,Queso"
TRX-003806,"Huevos,Manzanas,Pan"
TRX-003807,"Huevos,Leche,Pan,Pasta,Pañales"
TRX-003808,"Cerveza,Pañales"
TRX-003809,"Cafe,Leche,Pan"
TRX-003810,"Cerveza,Pañales"
TRX-003811,"Huevos,Pasta"
TRX-003812,"Cafe,Leche,Pan,Pasta,Pañales"
TRX-003813,"Cerveza,Pañales"
TRX-003814,"Cafe,Leche,Pan"
TRX-003815,"Cerveza,Manzanas,Pan,Queso"
TRX-003816,Pan
TRX-003817,"Cafe,Leche,Pan"
TRX-003818,"Cafe,Leche,Pan"
TRX-003819,"Chocolate,Pasta,Pañales"
TRX-003820,"Cafe,Leche,Pan"
TRX-003821,"Cafe,Leche,Pan"
TRX-003822,"Cerveza,Pañales,Vino"
TRX-003823,Leche
TRX-003824,"Arroz,Cafe,Leche,Manzanas,Pan"
TRX-003825,"Cafe,Manzanas,Pan,Pasta,Pañales"
TRX-003826,"Leche,Manzanas,Pasta"
TRX-003827,"Leche,Pañales"
TRX-003828,Cerveza
TRX-003829,"Cafe,Chocolate,Queso,Vino"
TRX-003830,"Cafe,Leche,Pan"
TRX-003831,"Arroz,Cafe,Cerveza,Leche,Queso"
TRX-003832,"Cafe,Pasta,Vino"
TRX-003833,Manzanas
TRX-003834,"Cerveza,Pasta,Pañales"
TRX-003835,"Cerveza,Huevos,Leche,Pasta,Pañales"
TRX-003836,"Cafe,Leche,Pan"
TRX-003837,"Manzanas,Pasta"
TRX-003838,"Manzanas,Pasta"
TRX-003839,"Cerveza,Manzanas,Vino"
TRX-003840,"Arroz,Cafe,Leche,Pan,Pañales"
TRX-003841,"Cerveza,Pañales"
TRX-003842,"Cerveza,Pañales"
TRX-003843,"Cafe,Leche,Manzanas,Pan,Pasta"
TRX-003844,Cafe
TRX-003845,"Leche,Pasta,Vino"
TRX-003846,"Chocolate,Huevos,Manzanas,Pasta,Vino"
TRX-003847,"Cafe,Cerveza,Pan,Pasta,Pañales"
TRX-003848,Pasta
TRX-003849,"Cafe,Leche,Pan"
TRX-003850,"Cerveza,Leche,Manzanas,Pañales"
TRX-003851,"Chocolate,Manzanas,Pasta"
TRX-003852,"Cafe,Leche,Pan,Vino"
TRX-003853,"Cafe,Leche,Pan,Pasta"
TRX-003854,"Arroz,Cafe,Leche,Pan,Vino"
TRX-003855,"Cafe,Leche,Pan"
TRX-003856,"Cafe,Pan"
TRX-003857,Manzanas
TRX-003858,"Cerveza,Pañales"
TRX-003859,Cerveza
TRX-003860,"Cerveza,Manzanas,Pañales"
TRX-003861,Arroz
TRX-003862,"Cerveza,Pañales"
TRX-003863,"Arroz,Cafe,Leche,Pan"
TRX-003864,"Arroz,Chocolate,Leche,Pan"
TRX-003865,"Huevos,Manzanas,Pañales,Queso"
TRX-003866,"Cafe,Leche,Pan"
TRX-003867,"Cafe,Leche,Pan"
TRX-003868,"Cafe,Huevos,Pan,Queso"
TRX-003869,"Cerveza,Chocolate,Leche,Pañales"
TRX-003870,"Queso,Vino"
TRX-003871,"Cafe,Cerveza,Pañales"
TRX-003872,Pan
TRX-003873,"Cerveza,Chocolate,Pasta"
TRX-003874,"Cerveza,Pañales"
TRX-003875,"Arroz,Cafe,Leche,Pañales,Queso"
TRX-003876,"Arroz,Huevos,Leche"
TRX-003877,"Cerveza,Pañales"
TRX-003878,"Cerveza,Leche,Pasta,Pañales"
TRX-003879,"Chocolate,Pasta,Queso"
TRX-003880,"Cafe,Leche,Manzanas,Pan,Queso"
TRX-003881,"Huevos,Manzanas"
TRX-003882,"Leche,Manzanas,Queso"
TRX-003883,Arroz
TRX-003884,"Cafe,Leche,Pan"
TRX-003885,"Cerveza,Pan,Pasta,Pañales"
TRX-003886,"Cafe,Leche,Pan,Queso"
TRX-003887,"Huevos,Queso"
TRX-003888,"Cafe,Leche,Manzanas,Pan"
TRX-003889,"Cerveza,Manzanas,Pañales"
TRX-003890,"Cafe,Leche,Pan"
TRX-003891,Manzanas
TRX-003892,"Cafe,Leche,Pan"
TRX-003893,"Cafe,Leche,Pan"
TRX-003894,"Arroz,Chocolate,Leche,Pañales"
TRX-003895,"Cafe,Leche,Pan"
TRX-003896,"Arroz,Cerveza,Chocolate,Manzanas,Pasta"
TRX-003897,"Cafe,Chocolate,Pan,Pañales,Vino"
TRX-003898,"Arroz,Cafe,Cerveza,Pan,Vino"
TRX-003899,Pasta
TRX-003900,"Cafe,Leche,Pan"
TRX-003901,"Cafe,Cerveza,Pan"
TRX-003902,"Arroz,Pañales"
TRX-003903,"Cerveza,Chocolate,Leche,Pasta,Vino"
TRX-003904,"Cerveza,Pañales"
TRX-003905,Chocolate
TRX-003906,"Cafe,Cerveza,Leche,Pan"
TRX-003907,"Cerveza,Pañales"
TRX-003908,"Cafe,Leche,Pan"
TRX-003909,"Cerveza,Chocolate,Huevos,Pañales,Queso"
TRX-003910,"Arroz,Chocolate,Leche,Pan"
TRX-003911,"Cerveza,Pan,Pasta,Queso"
TRX-003912,"Arroz,Pan,Pañales,Queso"
TRX-003913,"Cafe,Leche,Pan"
TRX-003914,"Chocolate,Manzanas,Pan,Pasta"
TRX-003915,Pasta
TRX-003916,"Cerveza,Pañales"
TRX-003917,"Cerveza,Leche,Pasta,Pañales,Queso"
TRX-003918,"Cerveza,Pañales"
TRX-003919,"Cafe,Leche,Pan"
TRX-003920,"Cafe,Cerveza,Leche,Pañales,Queso"
TRX-003921,"Cafe,Leche,Pan"
TRX-003922,"Leche,Pasta,Queso,Vino"
TRX-003923,"Cerveza,Pan,Pañales,Vino"
TRX-003924,"Cafe,Leche,Pan"
TRX-003925,"Arroz,Cafe,Leche,Pan,Pasta"
TRX-003926,"Cafe,Huevos,Leche,Pan,Pañales"
TRX-003927,"Cafe,Huevos,Manzanas,Pasta,Queso"
TRX-003928,"Arroz,Cafe,Cerveza,Chocolate,Pañales"
TRX-003929,"Cerveza,Pasta,Pañales"
TRX-003930,"Chocolate,Pañales"
TRX-003931,"Cafe,Cerveza,Chocolate,Pañales,Vino"
TRX-003932,Arroz
TRX-003933,"Cerveza,Pañales"
TRX-003934,"Chocolate,Leche,Manzanas,Pan"
TRX-003935,"Leche,Queso"
TRX-003936,"Cerveza,Pañales"
TRX-003937,"Cafe,Leche,Pan"
TRX-003938,"Cafe,Cerveza,Pan,Pañales"
TRX-003939,"Cafe,Leche,Pan"
TRX-003940,"Cerveza,Huevos,Pañales,Vino"
TRX-003941,"Cafe,Leche,Pan"
TRX-003942,"Cerveza,Pañales,Vino"
TRX-003943,"Cerveza,Huevos,Pan,Pañales"
TRX-003944,"Cerveza,Pañales"
TRX-003945,Pasta
TRX-003946,"Cafe,Leche,Pan"
TRX-003947,"Cafe,Leche,Pan"
TRX-003948,"Cerveza,Pañales"
TRX-003949,"Cafe,Leche,Pan,Pañales"
TRX-003950,"Arroz,Chocolate"
TRX-003951,"Cafe,Leche,Pan"
TRX-003952,"Arroz,Huevos,Manzanas,Pasta,Pañales"
TRX-003953,"Cerveza,Pañales"
TRX-003954,Leche
TRX-003955,"Huevos,Pan,Pañales,Vino"
TRX-003956,"Cerveza,Pañales"
TRX-003957,"Cerveza,Huevos,Leche"
TRX-003958,"Arroz,Huevos"
TRX-003959,"Cafe,Leche,Pan"
TRX-003960,"Cerveza,Pañales"
TRX-003961,"Arroz,Cerveza,Pasta,Pañales,Vino"
TRX-003962,"Cafe,Leche,Pan"
TRX-003963,"Chocolate,Leche,Pan,Pasta,Vino"
TRX-003964,"Cerveza,Pañales"
TRX-003965,"Arroz,Leche,Pañales,Queso"
TRX-003966,"Arroz,Chocolate,Leche,Pañales"
TRX-003967,"Cafe,Huevos,Leche,Pan"
TRX-003968,"Cafe,Leche,Pan"
TRX-003969,"Cafe,Leche,Pan,Vino"
TRX-003970,"Chocolate,Huevos,Pan,Queso,Vino"
TRX-003971,"Cerveza,Huevos"
TRX-003972,"Cerveza,Pañales"
TRX-003973,"Huevos,Pañales"
TRX-003974,"Cafe,Leche,Pan"
TRX-003975,"Cerveza,Pañales"
TRX-003976,"Cerveza,Pañales"
TRX-003977,"Cafe,Leche,Pan"
TRX-003978,"Cafe,Leche,Pan"
TRX-003979,"Cerveza,Pañales"
TRX-003980,"Arroz,Cafe,Cerveza,Manzanas,Queso"
TRX-003981,Cerveza
TRX-003982,"Arroz,Huevos,Pan,Pasta,Queso"
TRX-003983,"Cafe,Cerveza,Chocolate,Queso,Vino"
TRX-003984,"Cerveza,Pañales"
TRX-003985,"Leche,Manzanas,Pan,Pañales,Queso"
TRX-003986,Pan
TRX-003987,"Cafe,Cerveza,Pañales"
TRX-003988,Vino
TRX-003989,"Arroz,Cerveza,Huevos,Pañales"
TRX-003990,"Cerveza,Pañales"
TRX-003991,Manzanas
TRX-003992,"Huevos,Pan,Pasta,Queso,Vino"
TRX-003993,"Cerveza,Chocolate,Leche,Pañales,Queso"
TRX-003994,"Cafe,Huevos,Manzanas"
TRX-003995,"Chocolate,Pasta"
TRX-003996,"Cafe,Leche,Pan"
TRX-003997,Pan
TRX-003998,"Cafe,Leche,Pan,Queso"
TRX-003999,"Cerveza,Chocolate,Pañales"
TRX-004000,"Arroz,Chocolate,Huevos,Leche,Pan"
