id_cliente,edad,ingreso_mensual,escolaridad,canal_contacto,score_credito,tasa_interes,monto_prestamo
CLI-000001,44.0,21901987.81,Primaria,Web,632.5,1.23,77701191.55
CLI-000002,36.0,4774766.59,Pregrado,APP,766.0,2.66,15463467.25
CLI-000003,46.0,323240.15,Secundaria,,601.3,2.42,1439715.06
CLI-000004,56.0,20740217.29,Secundaria,Web,600.9,3.41,81635521.51
CLI-000005,35.0,2201094.03,Secundaria,Call Center,662.6,4.3,12592460.72
CLI-000006,35.0,1423122.04,Pregrado,App Movil,555.8,1.48,7941333.28
CLI-000007,57.0,3427922.79,Pregrado,App Movil,730.3,2.28,14368917.62
CLI-000008,47.0,1523960.17,Pregrado,Web,563.5,2.67,5726163.32
CLI-000009,,379786.63,Secundaria,Web,626.9,2.7,1382162.4
CLI-000010,45.0,6003.33,Secundaria,Web,850.0,3.76,20630.28
CLI-000011,32.0,2507734.94,Primaria,Web,558.6,2.66,11048873.23
CLI-000012,32.0,7615303.62,Primaria,web,767.8,1.29,40493806.74
CLI-000013,41.0,3567348.83,Secundaria,Sucursal,659.7,3.54,12798392.35
CLI-000014,15.0,29988270.42,Secundaria,Call Center,671.0,4.12,94922751.43
CLI-000015,17.0,1419846.95,Pregrado,Sucursal,585.3,2.9,5912517.19
CLI-000016,31.0,1382372.46,Primaria,Web,713.9,3.12,3789940.62
CLI-000017,26.0,731031.71,Primaria,APP,620.7,1.74,3621879.44
CLI-000018,42.0,752651.47,Posgrado,Call Center,558.2,1.93,3247129.56
CLI-000019,27.0,1410081.72,Pregrado,App Movil,766.5,1.98,5974955.95
CLI-000020,21.0,6611909.04,Pregrado,Web,619.1,2.62,23482583.92
CLI-000021,56.0,9919881.32,Pregrado,Sucursal,501.2,4.26,56209589.27
CLI-000022,35.0,15507963.81,Secundaria,Sucursal,628.5,2.92,43681313.01
CLI-000023,39.0,,Pregrado,Call Center,714.6,1.83,
CLI-000024,-3.0,8950768.26,Pregrado,Web,,2.08,34178224.04
CLI-000025,31.0,1671081.75,Secundaria,Web,598.7,2.47,9328282.98
CLI-000026,39.0,502868.28,Secundaria,App Movil,571.8,3.26,2539819.27
CLI-000027,24.0,8569732.84,Secundaria,Sucursal,540.7,2.65,24548835.64
CLI-000028,43.0,4245744.97,Secundaria,Web,648.2,2.5,22971080.95
CLI-000029,31.0,756005.57,Secundaria,App Movil,662.1,3.06,3695067.13
CLI-000030,34.0,2359656.27,Secundaria,App Movil,706.7,2.0,6165915.61
CLI-000031,31.0,1422268.46,Primaria,Sucursal,638.1,1.46,4221235.03
CLI-000032,60.0,5606245.87,Primaria,App Movil,635.7,1.28,26487819.75
CLI-000033,38.0,,Primaria,App Movil,627.7,2.03,
CLI-000034,,19049683.81,Primaria,Call Center,662.2,1.5,97406367.52
CLI-000035,48.0,236462.22,Secundaria,APP,639.3,2.31,1187243.44
CLI-000036,23.0,1841820.25,Pregrado,Web,725.1,3.75,8856060.85
CLI-000037,41.0,2761866.78,Secundaria,Web,674.9,3.56,14311541.14
CLI-000038,14.0,2937622.85,Posgrado,web,658.6,3.22,13256904.31
CLI-000039,22.0,1594754.86,Pregrado,App Movil,646.7,4.01,5442531.3
CLI-000040,40.0,5487398.19,Pregrado,Sucursal,574.7,2.13,31241503.7
CLI-000041,,8725164.73,Pregrado,Sucursal,649.9,4.12,22369133.3
CLI-000042,40.0,11727619.52,Secundaria,Web,598.3,2.52,44365186.13
CLI-000043,37.0,6867985.7,Primaria,Sucursal,677.7,2.52,34690511.88
CLI-000044,34.0,7984180.96,Posgrado,Sucursal,633.3,2.54,31897171.36
CLI-000045,20.0,3358824.88,Primaria,App Movil,783.1,1.52,8689012.69
CLI-000046,29.0,7341842.8,Posgrado,Web,549.0,4.42,20050081.96
CLI-000047,32.0,1519111.01,Pregrado,,402.0,1.66,7246510.12
CLI-000048,51.0,2134832.43,Secundaria,App Movil,671.4,2.32,12546465.91
CLI-000049,42.0,1600758.89,Secundaria,Sucursal,598.5,2.25,7093799.4
CLI-000050,17.0,2645835.47,Pregrado,Call Center,662.9,1.45,11307381.01
CLI-000051,42.0,1412391.61,Primaria,App Movil,551.1,1.7,5104578.54
CLI-000052,33.0,13691982.52,Secundaria,Sucursal,802.7,1.35,46531071.07
CLI-000053,30.0,1575818.38,Pregrado,APP,619.1,2.16,4055285.77
CLI-000054,45.0,,Pregrado,App Movil,593.4,4.06,
CLI-000055,50.0,3142748.38,Secundaria,App Movil,801.2,2.32,12796914.84
CLI-000056,49.0,246935.09,Secundaria,web,717.2,1.61,788420.34
CLI-000057,28.0,492006.07,Posgrado,Web,761.2,3.33,1380430.27
CLI-000058,34.0,1040251.09,Pregrado,Web,636.2,4.49,5213787.91
CLI-000059,42.0,2621954.09,Pregrado,web,653.8,1.97,14764671.68
CLI-000060,50.0,2384922.27,,Call Center,602.3,2.12,13781755.67
CLI-000061,32.0,6753173.31,Secundaria,APP,592.9,4.41,31490017.09
CLI-000062,36.0,5649231.52,Secundaria,Web,,1.79,15166554.22
CLI-000063,25.0,2333858.33,Pregrado,Web,620.5,2.89,11886385.3
CLI-000064,24.0,1705290.61,Pregrado,Web,827.7,1.99,4920332.24
CLI-000065,48.0,1598028.4,Secundaria,Sucursal,,4.28,7741038.8
CLI-000066,54.0,6246233.88,Secundaria,Sucursal,800.7,4.44,32653939.21
CLI-000067,37.0,224604.06,Pregrado,App Movil,471.7,3.89,1132122.71
CLI-000068,50.0,54199.14,Secundaria,Web,801.6,2.24,316067.34
CLI-000069,42.0,6667098.49,Posgrado,Sucursal,459.2,2.53,33892275.15
CLI-000070,30.0,2723505.67,Primaria,App Movil,549.1,2.0,13416626.84
CLI-000071,42.0,589156.61,Secundaria,Web,509.8,4.14,2012618.55
CLI-000072,56.0,1128201.91,Primaria,web,669.4,4.22,6472145.07
CLI-000073,38.0,11321882.24,Pregrado,Web,648.5,2.58,35419416.57
CLI-000074,57.0,8242789.67,Posgrado,Sucursal,713.6,3.37,46713027.72
CLI-000075,7.0,5195960.38,Pregrado,Call Center,642.9,1.75,18675938.61
CLI-000076,48.0,2764502.74,Posgrado,App Movil,748.0,2.64,8170688.49
CLI-000077,39.0,3085503.22,Primaria,Web,575.4,3.28,16641324.05
CLI-000078,34.0,15534577.87,Primaria,App Movil,749.9,2.47,38972125.04
CLI-000079,39.0,14173596.34,Pregrado,Call Center,647.5,2.38,76711884.62
CLI-000080,14.0,1018140.28,Posgrado,Web,838.5,1.2,3480096.58
CLI-000081,35.0,6999559.05,Pregrado,Sucursal,719.8,3.85,39173203.4
CLI-000082,42.0,922751.8,Pregrado,,,4.13,4540102.31
CLI-000083,56.0,1008882.88,Secundaria,,647.3,4.4,4874560.56
CLI-000084,32.0,4734655.58,Secundaria,App Movil,569.3,3.57,17890457.03
CLI-000085,,,Posgrado,Call Center,678.7,3.01,
CLI-000086,32.0,11262594.1,Secundaria,,625.7,2.09,60877202.57
CLI-000087,49.0,391536.88,Secundaria,App Movil,707.9,4.5,1213045.19
CLI-000088,42.0,3009166.85,Pregrado,Web,543.0,3.15,11443576.4
CLI-000089,32.0,,Secundaria,Web,623.6,3.45,
CLI-000090,44.0,9847285.36,Pregrado,Web,557.2,3.45,41239329.03
CLI-000091,39.0,714966.05,Primaria,Call Center,562.2,3.99,2284539.76
CLI-000092,50.0,1918193.2,Pregrado,App Movil,698.5,1.23,5739535.69
CLI-000093,30.0,4054153.28,Pregrado,Call Center,740.0,1.93,11884190.68
CLI-000094,34.0,729259.74,Pregrado,Sucursal,463.4,3.4,4025898.51
CLI-000095,33.0,14459392.47,Secundaria,Sucursal,798.9,4.15,37745642.85
CLI-000096,20.0,10341069.01,Secundaria,Sucursal,762.3,3.46,61214474.11
CLI-000097,42.0,767179.68,Secundaria,Web,542.3,2.56,2451024.32
CLI-000098,41.0,542418.49,Secundaria,Call Center,716.1,2.39,1565489.21
CLI-000099,38.0,374966.52,Pregrado,App Movil,613.2,3.64,1694623.99
CLI-000100,35.0,10087489.13,Secundaria,App Movil,642.2,3.65,28042724.01
CLI-000101,21.0,903860.61,Primaria,Web,698.2,3.2,4165519.73
CLI-000102,33.0,2261037.69,Primaria,web,688.4,2.16,12384140.39
CLI-000103,34.0,2502153.16,Pregrado,web,604.2,4.25,6674851.55
CLI-000104,28.0,3838049.85,Primaria,App Movil,603.8,3.02,20339899.15
CLI-000105,36.0,312641.27,Posgrado,App Movil,608.5,3.81,1213257.92
CLI-000106,43.0,1080088.85,Pregrado,Sucursal,741.4,1.91,3303146.32
CLI-000107,61.0,11259281.07,Pregrado,Web,501.1,2.34,35087721.86
CLI-000108,40.0,10039824.29,Pregrado,Web,637.0,4.09,57384381.76
CLI-000109,41.0,6384048.67,Primaria,Sucursal,775.8,1.37,18431515.44
CLI-000110,37.0,82286.06,Pregrado,Web,706.3,2.89,455349.64
CLI-000111,15.0,1663284.03,Pregrado,App Movil,734.1,2.79,7326526.93
CLI-000112,38.0,4152752.12,Posgrado,App Movil,638.2,3.68,10949547.5
CLI-000113,39.0,1351753.28,Posgrado,App Movil,556.9,2.13,5576883.24
CLI-000114,68.0,10094128.14,Primaria,Web,654.5,1.92,54115360.86
CLI-000115,-3.0,4220243.89,Secundaria,App Movil,594.9,4.26,21277244.8
CLI-000116,42.0,313416.73,Pregrado,App Movil,828.5,3.09,1319715.88
CLI-000117,,10067220.2,Pregrado,App Movil,637.3,1.55,55472140.83
CLI-000118,24.0,13291090.17,Secundaria,Sucursal,701.0,1.84,38826951.58
CLI-000119,52.0,339772.41,Secundaria,APP,786.2,4.5,1931536.05
CLI-000120,47.0,3192239.45,Secundaria,Web,,1.85,17437749.19
CLI-000121,47.0,1518269.12,Pregrado,Call Center,467.6,3.21,7559414.71
CLI-000122,27.0,2095637.92,,Web,689.2,2.59,11238082.78
CLI-000123,55.0,831707.88,Pregrado,App Movil,704.3,4.12,3662304.45
CLI-000124,21.0,3624267.52,Secundaria,App Movil,616.9,3.69,17625061.22
CLI-000125,45.0,13312295.61,Primaria,App Movil,557.5,3.17,59400704.35
CLI-000126,64.0,2937107.63,Secundaria,Sucursal,674.8,1.24,10996530.55
CLI-000127,26.0,363529.58,Secundaria,App Movil,648.1,4.1,1632615.99
CLI-000128,31.0,4063867.65,Pregrado,App Movil,675.8,2.67,13821736.75
CLI-000129,39.0,,Secundaria,Call Center,559.4,4.27,
CLI-000130,,8137174.91,Pregrado,Web,676.0,2.84,28339452.37
CLI-000131,19.0,2395512.26,Posgrado,Web,715.6,3.49,7019107.87
CLI-000132,39.0,899778.1,Posgrado,Web,529.5,1.43,3263060.12
CLI-000133,25.0,890765.11,Secundaria,Web,766.8,3.66,4883134.48
CLI-000134,44.0,6150132.35,Primaria,App Movil,670.4,2.32,23578270.99
CLI-000135,27.0,1296475.12,Secundaria,App Movil,718.1,2.36,6635376.22
CLI-000136,57.0,6122419.88,Pregrado,Web,547.7,1.59,19060271.59
CLI-000137,29.0,968225.59,,Web,704.6,1.68,3858831.19
CLI-000138,34.0,1630211.16,Primaria,Sucursal,518.4,1.81,4730866.66
CLI-000139,48.0,2630876.54,Primaria,Sucursal,574.1,2.28,7853623.51
CLI-000140,23.0,12046212.73,Posgrado,,671.1,4.14,56147726.75
CLI-000141,41.0,11274084.01,Pregrado,web,627.9,2.42,52156013.68
CLI-000142,54.0,973436.1,,web,652.2,3.59,3160553.96
CLI-000143,19.0,1862734.52,Secundaria,Sucursal,804.2,1.47,7749871.91
CLI-000144,40.0,679612.82,Secundaria,Sucursal,,3.15,3752530.84
CLI-000145,41.0,2995941.64,Secundaria,Web,706.8,2.79,9316495.54
CLI-000146,,2592515.18,Primaria,Sucursal,644.7,4.43,6655600.55
CLI-000147,23.0,9702906.18,Pregrado,Web,642.3,3.99,46399132.33
CLI-000148,22.0,11169214.83,Secundaria,Call Center,571.7,2.7,30014402.5
CLI-000149,44.0,2031986.35,Primaria,App Movil,679.4,3.76,12049254.04
CLI-000150,42.0,2842384.04,Posgrado,Sucursal,850.0,1.84,13170672.48
CLI-000151,41.0,9515682.08,Secundaria,Web,657.0,3.06,39455702.71
CLI-000152,42.0,6902919.6,Pregrado,App Movil,628.6,1.45,27646012.76
CLI-000153,30.0,15384.65,Secundaria,App Movil,741.2,2.35,69319.35
CLI-000154,41.0,1620150.33,Pregrado,Web,731.8,1.95,4564264.06
CLI-000155,42.0,2300721.79,Primaria,App Movil,685.1,3.57,13240807.37
CLI-000156,29.0,1096184.75,Pregrado,Web,625.3,2.82,5140829.41
CLI-000157,60.0,934954.5,Primaria,App Movil,741.6,3.68,2939426.58
CLI-000158,44.0,161770.76,Secundaria,App Movil,659.7,2.9,722958.98
CLI-000159,24.0,4330433.85,Pregrado,Call Center,723.1,1.49,12845789.32
CLI-000160,46.0,1278913.21,Secundaria,App Movil,584.5,3.63,3275852.43
CLI-000161,26.0,225821.68,Secundaria,App Movil,603.1,3.95,1062899.62
CLI-000162,47.0,1103077.1,Posgrado,,657.8,4.18,5261337.68
CLI-000163,52.0,6800025.8,Posgrado,App Movil,551.2,3.09,30892095.88
CLI-000164,28.0,8009809.38,Primaria,App Movil,620.4,3.69,25168352.67
CLI-000165,50.0,2771330.3,Secundaria,App Movil,547.6,3.68,12781387.83
CLI-000166,43.0,2259496.32,Primaria,Call Center,526.4,1.71,6095642.72
CLI-000167,48.0,16002355.09,Secundaria,App Movil,844.9,1.74,74128257.48
CLI-000168,61.0,940168.43,,App Movil,601.3,1.43,4173463.66
CLI-000169,,,Pregrado,Sucursal,608.3,2.26,
CLI-000170,29.0,,Secundaria,Web,656.4,2.76,
CLI-000171,27.0,796560.15,,Call Center,565.1,4.49,4362165.2
CLI-000172,28.0,2003455.0,Pregrado,App Movil,609.9,2.62,11885075.4
CLI-000173,37.0,10152483.7,Pregrado,App Movil,796.8,3.6,60070658.36
CLI-000174,42.0,4012746.51,Secundaria,Sucursal,678.6,3.49,20878797.31
CLI-000175,41.0,2229937.21,Secundaria,Web,728.9,1.87,13039487.99
CLI-000176,48.0,11442245.42,Pregrado,Call Center,775.9,1.39,63338476.3
CLI-000177,38.0,208647.61,Primaria,APP,666.9,3.0,1052948.21
CLI-000178,55.0,991502.35,Secundaria,App Movil,632.3,3.51,2740358.7
CLI-000179,35.0,3504707.25,Secundaria,web,535.3,4.49,9363437.37
CLI-000180,71.0,4014983.12,Primaria,Web,619.4,2.38,21807776.24
CLI-000181,46.0,169516.91,Pregrado,Call Center,637.0,4.16,714309.59
CLI-000182,28.0,2166792.97,Pregrado,App Movil,585.4,2.46,11594776.55
CLI-000183,25.0,4399112.75,Secundaria,App Movil,773.6,3.48,15815751.51
CLI-000184,44.0,,Secundaria,Web,738.2,3.17,
CLI-000185,35.0,4269289.97,Pregrado,App Movil,728.8,1.37,21135775.43
CLI-000186,47.0,1623262.6,Primaria,Web,640.7,1.46,9258511.31
CLI-000187,44.0,412383.08,Pregrado,web,567.4,1.27,1157627.42
CLI-000188,37.0,2339676.46,Pregrado,Call Center,756.2,2.42,12903721.63
CLI-000189,28.0,578891.92,Secundaria,Web,676.8,3.66,3053970.11
CLI-000190,20.0,,Pregrado,Web,711.8,1.77,
CLI-000191,33.0,2707666.62,Pregrado,Call Center,699.5,3.2,10135495.14
CLI-000192,48.0,,Primaria,App Movil,674.9,2.15,
CLI-000193,41.0,6105684.72,Primaria,Web,810.0,3.83,15600587.03
CLI-000194,23.0,2894021.59,,App Movil,597.4,3.83,12066685.07
CLI-000195,40.0,1558674.57,Secundaria,App Movil,625.3,3.76,4417889.68
CLI-000196,43.0,7018795.34,Pregrado,Web,781.3,2.93,22312794.96
CLI-000197,27.0,,Pregrado,Sucursal,656.6,2.14,
CLI-000198,40.0,4694844.34,Secundaria,Sucursal,639.9,3.87,21120223.79
CLI-000199,39.0,202032.78,Primaria,Web,629.8,1.81,953132.78
CLI-000200,24.0,3508910.94,Secundaria,web,704.3,2.16,11074746.31
CLI-000201,42.0,6051949.12,Secundaria,App Movil,631.7,1.81,32682439.57
CLI-000202,45.0,616412.45,Pregrado,Web,622.7,3.42,3413648.51
CLI-000203,51.0,1090487.81,Posgrado,Web,703.0,3.46,4723607.79
CLI-000204,51.0,8993356.21,Pregrado,Web,657.5,3.35,51207740.39
CLI-000205,21.0,85373.07,Secundaria,App Movil,569.2,2.57,465872.32
CLI-000206,27.0,5868503.96,Posgrado,Web,652.6,1.53,29692485.79
CLI-000207,150.0,2696497.26,Pregrado,App Movil,761.6,4.21,13669261.08
CLI-000208,44.0,,Posgrado,Web,711.2,2.88,
CLI-000209,44.0,29911.7,Secundaria,Sucursal,771.4,2.54,103133.33
CLI-000210,84.0,7188135.54,Pregrado,Sucursal,,3.14,19652112.92
CLI-000211,45.0,1873256.9,Pregrado,App Movil,735.6,1.84,4740059.72
CLI-000212,52.0,3268417.29,Secundaria,Sucursal,598.1,1.64,9982018.86
CLI-000213,49.0,4750344.09,,web,551.4,2.54,26515020.02
CLI-000214,46.0,5093662.14,Primaria,Sucursal,585.8,1.95,17010586.3
CLI-000215,34.0,13117072.66,Secundaria,App Movil,660.5,2.01,77332211.72
CLI-000216,47.0,3183086.01,Posgrado,App Movil,732.2,4.15,14612015.21
CLI-000217,29.0,2143504.94,Primaria,Call Center,674.8,2.95,7138738.94
CLI-000218,35.0,12905304.92,Posgrado,Web,637.7,2.8,54717948.41
CLI-000219,32.0,,Pregrado,App Movil,567.4,3.48,
CLI-000220,39.0,1486951.54,Primaria,App Movil,706.4,4.34,8838302.34
CLI-000221,66.0,567866.11,Secundaria,Sucursal,727.1,1.57,3103631.02
CLI-000222,16.0,7764438.87,Pregrado,Sucursal,673.9,3.95,20124150.33
CLI-000223,46.0,1888747.06,Pregrado,App Movil,565.8,3.13,10987249.83
CLI-000224,19.0,4536807.03,Posgrado,Web,714.7,1.68,22791683.94
CLI-000225,32.0,2672963.47,Posgrado,APP,748.2,2.18,7453115.95
CLI-000226,51.0,931588.01,Secundaria,Web,772.6,2.79,4515623.32
CLI-000227,39.0,3866167.91,Primaria,Web,615.0,3.48,18419365.11
CLI-000228,25.0,262929.82,Posgrado,App Movil,684.9,2.0,858665.85
CLI-000229,29.0,2239918.95,Pregrado,Call Center,607.2,2.97,11545804.35
CLI-000230,46.0,3322256.67,Primaria,Sucursal,576.2,3.46,9318021.19
CLI-000231,29.0,2405694.14,Pregrado,web,776.7,2.68,10135329.27
CLI-000232,41.0,5800187.89,Posgrado,Web,695.2,4.05,14701917.36
CLI-000233,39.0,7391263.26,Pregrado,App Movil,,4.07,43538836.49
CLI-000234,30.0,6195400.25,Secundaria,Web,552.0,2.75,31785331.92
CLI-000235,64.0,166262.23,Pregrado,Call Center,,4.41,508094.43
CLI-000236,46.0,906491.52,Pregrado,App Movil,690.7,1.45,3350264.97
CLI-000237,14.0,3230559.66,Posgrado,Web,583.4,1.21,9891871.34
CLI-000238,40.0,11468662.43,,Sucursal,769.0,2.46,59443925.26
CLI-000239,30.0,7566501.05,Pregrado,App Movil,630.4,3.18,20475989.5
CLI-000240,,7763905.57,Pregrado,App Movil,686.3,3.28,42246696.62
CLI-000241,28.0,1517328.17,,Call Center,606.0,2.77,8796994.09
CLI-000242,37.0,2356833.3,Secundaria,Web,554.4,1.61,11473530.69
CLI-000243,44.0,2672086.77,Primaria,Web,723.0,1.76,8671934.49
CLI-000244,48.0,719162.66,Posgrado,Web,680.3,4.01,2704278.38
CLI-000245,24.0,132556.11,Secundaria,App Movil,669.0,4.06,552803.99
CLI-000246,34.0,12329658.42,Primaria,Web,627.7,3.42,56916005.25
CLI-000247,32.0,1156574.57,Secundaria,Sucursal,678.1,3.39,5598191.96
CLI-000248,30.0,1152352.39,Secundaria,Web,751.3,3.17,5116158.26
CLI-000249,,365657.27,Secundaria,web,595.3,1.87,1363754.89
CLI-000250,43.0,11080298.27,Secundaria,Web,694.8,2.61,62251447.88
CLI-000251,23.0,3640874.36,,Web,666.2,3.5,10139369.8
CLI-000252,49.0,4618838.6,Pregrado,Web,635.2,2.97,19084561.61
CLI-000253,63.0,10187611.93,Pregrado,Sucursal,518.4,1.26,53123067.43
CLI-000254,50.0,1781082.72,Primaria,App Movil,649.0,4.35,4832174.18
CLI-000255,20.0,4080545.79,Pregrado,Call Center,703.8,3.99,20274898.75
CLI-000256,32.0,166203.27,Pregrado,Sucursal,675.9,2.06,892343.81
CLI-000257,53.0,868326.55,Pregrado,web,534.9,3.23,4179177.14
CLI-000258,30.0,7473110.78,Secundaria,Sucursal,749.8,4.25,19021152.85
CLI-000259,,6114037.19,Secundaria,Web,781.8,1.52,19139868.67
CLI-000260,47.0,1813443.08,Pregrado,Call Center,641.2,2.86,6705016.78
CLI-000261,27.0,1986200.32,Pregrado,web,834.9,2.71,6590044.08
CLI-000262,37.0,3202978.59,Pregrado,,583.6,2.55,18799186.16
CLI-000263,-1.0,1012.34,Pregrado,Web,548.2,3.96,4839.57
CLI-000264,26.0,1159516.98,Secundaria,Sucursal,568.8,2.46,4103992.49
CLI-000265,35.0,980643.79,Pregrado,Web,669.6,1.41,5642566.75
CLI-000266,23.0,1210970.08,Primaria,Web,507.7,1.42,6166356.16
CLI-000267,58.0,6885529.94,Pregrado,Sucursal,625.1,1.34,24072675.02
CLI-000268,21.0,1377815.01,,APP,850.0,2.55,5271638.02
CLI-000269,33.0,892924.09,Pregrado,App Movil,529.7,3.57,2855572.14
CLI-000270,40.0,2947184.79,Secundaria,Call Center,606.2,1.87,17384732.79
CLI-000271,55.0,8430534.0,Secundaria,Web,567.1,3.33,36340134.94
CLI-000272,21.0,1160100.27,Pregrado,Web,627.2,3.47,6538555.29
CLI-000273,52.0,343525.7,Posgrado,App Movil,622.1,2.04,1275424.77
CLI-000274,38.0,1850877.93,Pregrado,App Movil,596.4,3.18,10203789.36
CLI-000275,26.0,5783171.09,Pregrado,Call Center,637.5,3.46,15548656.75
CLI-000276,44.0,3360182.36,Secundaria,App Movil,700.7,2.74,19950464.86
CLI-000277,40.0,7127990.67,Pregrado,App Movil,760.8,2.31,40573380.28
CLI-000278,31.0,13476670.82,Pregrado,App Movil,627.2,3.24,50823359.9
CLI-000279,39.0,6608310.52,,Web,650.5,4.43,34439392.52
CLI-000280,33.0,3888544.45,Secundaria,web,687.1,2.61,19959520.47
CLI-000281,39.0,2855656.63,Pregrado,App Movil,551.1,2.49,16147001.4
CLI-000282,46.0,171754.64,Secundaria,App Movil,637.8,2.73,614090.24
CLI-000283,57.0,,Pregrado,Call Center,609.6,1.45,
CLI-000284,23.0,2031398.61,Pregrado,App Movil,726.2,3.03,11228553.06
CLI-000285,64.0,693603.96,Secundaria,Call Center,790.1,2.28,3624100.17
CLI-000286,15.0,4614703.22,Secundaria,Web,587.8,1.6,17891820.52
CLI-000287,36.0,,Pregrado,Web,752.4,2.74,
CLI-000288,45.0,3701686.26,Pregrado,APP,533.3,1.21,9862547.58
CLI-000289,41.0,3711732.69,Primaria,Call Center,666.1,2.53,19438945.62
CLI-000290,31.0,2478432.7,Secundaria,App Movil,670.8,1.55,7989675.19
CLI-000291,36.0,,Pregrado,Sucursal,531.3,1.28,
CLI-000292,32.0,95000000.0,Posgrado,APP,583.7,3.92,401493935.5
CLI-000293,31.0,2500486.33,Secundaria,Web,575.9,4.22,10187158.23
CLI-000294,48.0,3240401.73,Pregrado,Web,545.1,1.89,14005001.29
CLI-000295,42.0,4576016.93,Primaria,App Movil,436.7,2.98,20165200.55
CLI-000296,30.0,6435855.54,Secundaria,Web,633.4,2.12,23557463.99
CLI-000297,,2109274.99,Secundaria,Web,643.1,2.83,6566798.01
CLI-000298,42.0,4362082.14,Posgrado,Call Center,642.4,2.64,22637829.21
CLI-000299,48.0,685599.42,Secundaria,Web,711.3,2.09,2673780.51
CLI-000300,46.0,11330861.53,Pregrado,Call Center,495.0,3.51,48387798.52
CLI-000301,28.0,2028522.59,Secundaria,App Movil,619.5,1.62,9648542.97
CLI-000302,31.0,,,App Movil,850.0,1.38,
CLI-000303,47.0,86313.4,Pregrado,Sucursal,720.9,3.73,429533.02
CLI-000304,45.0,964524.09,Pregrado,App Movil,721.4,3.4,2564773.04
CLI-000305,38.0,2804089.48,Posgrado,Web,568.7,2.85,15240117.73
CLI-000306,39.0,8844384.3,Pregrado,Web,634.3,2.74,52736786.62
CLI-000307,53.0,3146637.75,Pregrado,Sucursal,466.0,2.84,13070181.64
CLI-000308,31.0,11161128.27,Secundaria,Web,696.8,2.64,65778848.08
CLI-000309,45.0,2777270.91,Primaria,Web,762.0,2.5,12263457.96
CLI-000310,36.0,2831747.2,Pregrado,APP,534.0,2.85,11634675.08
CLI-000311,35.0,,Secundaria,,,2.94,
CLI-000312,51.0,,Secundaria,App Movil,647.4,3.48,
CLI-000313,48.0,1191305.3,Pregrado,Web,662.3,3.55,3936515.25
CLI-000314,48.0,9654613.4,Secundaria,Sucursal,606.7,2.45,27682381.09
CLI-000315,54.0,,Pregrado,Call Center,584.8,2.56,
CLI-000316,38.0,12054669.58,Primaria,Web,585.6,2.43,42472583.73
CLI-000317,46.0,3084687.8,,Web,646.1,2.97,11984622.6
CLI-000318,34.0,4747652.08,Posgrado,Call Center,696.9,2.7,21042868.46
CLI-000319,42.0,95000000.0,Posgrado,web,646.1,4.14,334839316.87
CLI-000320,36.0,589801.7,Secundaria,Sucursal,638.4,3.5,3505904.28
CLI-000321,39.0,3858483.67,Pregrado,Web,509.3,4.17,13586138.06
CLI-000322,45.0,146579.49,,App Movil,719.4,3.54,592681.54
CLI-000323,28.0,,Posgrado,Sucursal,645.9,4.4,
CLI-000324,63.0,706576.47,Pregrado,Web,615.1,3.3,2410975.14
CLI-000325,26.0,848491.77,Secundaria,Web,,4.38,2264762.4
CLI-000326,23.0,1907661.8,Pregrado,Web,582.5,1.72,8504890.86
CLI-000327,52.0,2378896.03,Pregrado,App Movil,616.7,1.37,12200706.85
CLI-000328,47.0,4099063.73,Secundaria,App Movil,658.6,3.11,13055453.83
CLI-000329,45.0,324843.99,Pregrado,Call Center,595.7,4.45,1230407.77
CLI-000330,46.0,2942344.0,Pregrado,Sucursal,,2.58,7526977.29
CLI-000331,38.0,846961.3,Pregrado,web,505.3,1.9,4606052.67
CLI-000332,27.0,3583682.17,Secundaria,Call Center,685.7,2.92,18742200.25
CLI-000333,39.0,4260764.34,Pregrado,Web,647.5,3.34,11595197.67
CLI-000334,30.0,3416823.56,,App Movil,644.7,2.24,12905467.75
CLI-000335,50.0,5630265.12,Pregrado,App Movil,557.1,3.56,32900471.96
CLI-000336,36.0,1717316.22,Pregrado,Web,648.4,4.42,6649611.03
CLI-000337,28.0,6084218.49,Pregrado,web,618.0,4.16,26416036.19
CLI-000338,34.0,2381338.13,Pregrado,Web,602.0,2.16,8914182.12
CLI-000339,43.0,,Pregrado,App Movil,644.0,2.28,
CLI-000340,31.0,4386539.97,Secundaria,App Movil,673.7,2.43,25983884.74
CLI-000341,28.0,77821.76,Secundaria,App Movil,790.0,2.5,466250.3
CLI-000342,41.0,4457459.17,Secundaria,Sucursal,695.2,1.53,23230059.27
CLI-000343,41.0,4048244.12,Primaria,App Movil,718.6,3.71,15849235.39
CLI-000344,32.0,1557536.97,Secundaria,Web,738.4,2.41,6589179.94
CLI-000345,32.0,376738.58,Secundaria,Web,588.9,4.1,1412227.04
CLI-000346,41.0,400424.54,Posgrado,web,624.3,4.26,2382330.29
CLI-000347,,10780811.55,Secundaria,Web,577.6,1.28,53657835.55
CLI-000348,21.0,4909215.82,Primaria,Web,595.5,4.46,19986694.29
CLI-000349,29.0,570936.54,Primaria,App Movil,615.7,3.54,1451551.03
CLI-000350,35.0,1852956.49,Pregrado,Web,593.5,2.92,8007907.15
CLI-000351,42.0,3770224.98,Primaria,App Movil,,2.49,22409269.85
CLI-000352,,,Secundaria,Sucursal,684.6,2.91,
CLI-000353,,187499.56,Primaria,Sucursal,545.5,2.27,588466.13
CLI-000354,36.0,,Pregrado,Sucursal,625.0,3.25,
CLI-000355,38.0,9260981.55,,Web,625.9,1.51,34649621.23
CLI-000356,26.0,38672.81,,App Movil,532.2,3.25,220968.63
CLI-000357,38.0,944554.64,Secundaria,Web,588.7,2.11,5655935.92
CLI-000358,35.0,13418046.79,Pregrado,Web,719.9,1.26,77942587.99
CLI-000359,42.0,3991551.85,Pregrado,App Movil,718.8,3.02,20169191.66
CLI-000360,28.0,1274138.25,Secundaria,Web,519.7,3.11,5674374.12
CLI-000361,44.0,291230.24,Secundaria,Sucursal,687.8,2.61,1330165.44
CLI-000362,56.0,120104.65,Primaria,Sucursal,532.4,1.44,526835.69
CLI-000363,37.0,1178939.76,Pregrado,Call Center,617.9,4.15,5864839.28
CLI-000364,43.0,8957435.17,Secundaria,Sucursal,642.2,3.22,35525692.13
CLI-000365,46.0,2258367.11,Secundaria,Web,710.2,1.58,10935496.88
CLI-000366,33.0,5351459.36,Secundaria,App Movil,636.0,2.89,15656456.42
CLI-000367,41.0,10518976.14,Pregrado,Web,568.9,2.84,36079389.42
CLI-000368,38.0,2202131.37,Pregrado,App Movil,555.3,1.4,11948788.24
CLI-000369,39.0,891656.96,Pregrado,Web,663.4,3.2,5049561.48
CLI-000370,29.0,3057527.84,Pregrado,Web,599.3,3.87,13411934.02
CLI-000371,38.0,10024882.38,Pregrado,App Movil,617.3,3.67,26172207.65
CLI-000372,44.0,6852521.44,Primaria,Sucursal,727.6,1.87,39363675.54
CLI-000373,55.0,286006.04,Secundaria,Sucursal,684.8,4.05,1417796.26
CLI-000374,50.0,4953971.27,,App Movil,777.0,2.33,19563716.71
CLI-000375,64.0,3563249.25,,App Movil,568.5,4.32,16370729.75
CLI-000376,29.0,9996624.2,Pregrado,App Movil,593.3,1.44,40028601.79
CLI-000377,48.0,548760.02,Secundaria,Sucursal,664.7,2.8,2265658.52
CLI-000378,40.0,3207318.0,Primaria,Web,795.5,3.17,17973279.36
CLI-000379,64.0,8886343.1,Secundaria,Sucursal,586.4,2.02,27225932.35
CLI-000380,28.0,2216226.85,Posgrado,App Movil,653.1,3.75,6344707.25
CLI-000381,28.0,2762634.95,Pregrado,Web,755.7,3.27,6932972.21
CLI-000382,31.0,306877.91,Posgrado,Web,654.0,1.26,1104454.0
CLI-000383,13.0,1368902.25,Pregrado,Web,731.6,3.21,4128538.25
CLI-000384,32.0,1647710.25,Primaria,App Movil,806.6,2.82,5387928.87
CLI-000385,29.0,12191133.85,Primaria,Sucursal,673.6,1.85,30957390.42
CLI-000386,40.0,1395305.58,Primaria,App Movil,686.7,4.49,4597788.55
CLI-000387,42.0,2594744.06,Pregrado,App Movil,709.4,4.16,9508415.05
CLI-000388,61.0,,Secundaria,web,577.7,2.17,
CLI-000389,49.0,743215.3,Pregrado,Web,531.5,2.99,3439351.01
CLI-000390,31.0,2798850.85,Pregrado,Web,662.7,2.24,12569082.81
CLI-000391,27.0,5634175.25,Secundaria,App Movil,600.0,3.76,15998946.16
CLI-000392,44.0,8468536.1,Secundaria,Sucursal,734.2,4.27,38807356.48
CLI-000393,22.0,4133610.47,Primaria,Sucursal,675.1,2.38,24782188.2
CLI-000394,-3.0,4644354.1,Pregrado,App Movil,732.9,3.86,26963454.14
CLI-000395,52.0,566997.04,Secundaria,APP,553.9,2.84,1422793.16
CLI-000396,32.0,12241491.5,Secundaria,Sucursal,730.1,2.51,64681887.68
CLI-000397,17.0,597345.68,Posgrado,Web,466.1,4.3,2232650.24
CLI-000398,54.0,6258849.74,Pregrado,Sucursal,560.4,2.88,17041469.62
CLI-000399,37.0,1292066.62,Pregrado,Web,700.6,2.74,4568671.66
CLI-000400,53.0,11390210.88,Pregrado,Sucursal,609.8,3.42,41301790.89
CLI-000401,19.0,5345848.97,Pregrado,Web,617.5,2.06,23154768.8
CLI-000402,31.0,5887000.41,Pregrado,Sucursal,658.6,2.27,28338802.46
CLI-000403,38.0,1038474.77,Secundaria,App Movil,763.8,4.28,5318750.67
CLI-000404,39.0,2458099.61,Secundaria,Call Center,496.3,3.44,8260838.63
CLI-000405,33.0,4039752.24,Pregrado,App Movil,749.9,3.93,14648937.44
CLI-000406,45.0,6172157.35,Pregrado,Sucursal,754.6,2.09,22092224.84
CLI-000407,25.0,461032.02,Pregrado,Web,609.7,2.99,1737896.64
CLI-000408,36.0,13775282.72,Posgrado,web,594.4,4.41,82635125.78
CLI-000409,39.0,9278988.7,Posgrado,Sucursal,640.6,2.25,48462316.66
CLI-000410,44.0,1323791.2,Secundaria,Web,592.7,1.73,7826871.29
CLI-000411,47.0,7267058.0,Secundaria,APP,677.6,2.89,35796718.95
CLI-000412,25.0,3068030.41,Secundaria,App Movil,688.0,2.48,12032654.06
CLI-000413,20.0,2602055.75,Pregrado,Sucursal,525.7,1.73,10054615.7
CLI-000414,53.0,1585544.77,Secundaria,Sucursal,576.4,4.13,6675197.4
CLI-000415,42.0,3653199.44,Secundaria,Web,555.2,4.47,14463178.21
CLI-000416,29.0,5497475.46,Primaria,APP,667.2,3.08,29681649.89
CLI-000417,57.0,2222703.79,Secundaria,App Movil,719.8,3.76,9174225.55
CLI-000418,39.0,4167005.67,Primaria,Web,,4.03,14728907.68
CLI-000419,52.0,5047077.67,Secundaria,Call Center,719.2,3.51,26305424.03
CLI-000420,39.0,5215350.81,Pregrado,Sucursal,576.0,1.35,28634734.63
CLI-000421,63.0,224133.07,Primaria,Web,707.5,1.72,890144.79
CLI-000422,59.0,8250114.97,Primaria,Web,627.3,1.43,39908528.66
CLI-000423,35.0,,Pregrado,Sucursal,614.7,1.23,
CLI-000424,50.0,1278376.72,Pregrado,Web,741.4,2.21,5564936.19
CLI-000425,46.0,1162397.31,Secundaria,web,793.0,2.49,3088994.11
CLI-000426,54.0,2770906.75,Primaria,Sucursal,494.7,2.0,7210364.71
CLI-000427,26.0,9151286.63,Pregrado,App Movil,698.0,1.41,42509895.04
CLI-000428,46.0,1996571.45,Secundaria,App Movil,664.2,2.95,7111136.3
CLI-000429,51.0,,Primaria,App Movil,702.6,2.1,
CLI-000430,17.0,427694.42,Secundaria,App Movil,534.9,3.83,2410609.34
CLI-000431,24.0,2714761.61,Primaria,Sucursal,563.3,1.23,8111352.35
CLI-000432,14.0,20117291.56,Pregrado,APP,596.3,3.98,101307259.05
CLI-000433,35.0,6180641.35,Posgrado,App Movil,667.0,4.35,26581825.89
CLI-000434,47.0,992844.43,Pregrado,App Movil,591.4,3.56,2871720.48
CLI-000435,56.0,2923344.02,Pregrado,Web,624.2,3.62,13975262.77
CLI-000436,39.0,1117550.13,Secundaria,Sucursal,716.4,4.28,5177759.29
CLI-000437,58.0,2212933.08,Pregrado,Sucursal,,1.89,9526116.01
CLI-000438,21.0,6360940.87,Secundaria,Sucursal,710.7,4.48,36528652.1
CLI-000439,18.0,,Secundaria,Web,718.8,3.75,
CLI-000440,37.0,1087383.19,Pregrado,Call Center,635.5,3.6,6488201.18
CLI-000441,43.0,10726437.17,Posgrado,App Movil,578.8,2.39,45933830.99
CLI-000442,38.0,3771103.06,Secundaria,Sucursal,,3.0,10956872.57
CLI-000443,13.0,2007237.53,Pregrado,Sucursal,645.4,3.36,8323310.26
CLI-000444,37.0,2927508.59,Secundaria,Sucursal,557.2,3.25,9186963.04
CLI-000445,22.0,3902009.66,Secundaria,App Movil,715.2,3.53,17910096.35
CLI-000446,46.0,3447073.53,Primaria,Sucursal,771.6,1.47,16980155.33
CLI-000447,42.0,2798545.39,Pregrado,Web,659.8,2.37,11584644.34
CLI-000448,,2952859.46,Pregrado,Sucursal,736.7,2.63,8391909.61
CLI-000449,32.0,815156.01,Pregrado,Web,746.7,2.06,3374945.51
CLI-000450,25.0,7035921.32,Secundaria,App Movil,567.2,1.77,19595672.36
CLI-000451,150.0,3277524.23,Primaria,Web,511.0,1.66,16018705.79
CLI-000452,49.0,590117.05,Pregrado,Call Center,610.1,2.41,3107726.8
CLI-000453,26.0,6103044.21,Secundaria,App Movil,657.7,2.83,35814684.42
CLI-000454,44.0,11318151.92,Secundaria,Sucursal,554.3,1.41,34189956.79
CLI-000455,32.0,12361737.14,,Sucursal,763.8,4.32,53940083.68
CLI-000456,28.0,1934005.58,Pregrado,Call Center,805.9,3.73,8676685.47
CLI-000457,37.0,,Secundaria,Web,664.3,3.61,
CLI-000458,26.0,3068690.56,Primaria,Sucursal,571.5,1.77,14408939.07
CLI-000459,31.0,501773.33,Primaria,App Movil,688.9,3.19,1509978.33
CLI-000460,24.0,11415221.69,Pregrado,Web,571.2,2.95,45971719.07
CLI-000461,62.0,851868.76,Pregrado,Web,741.4,4.44,4081873.0
CLI-000462,38.0,1223782.15,Pregrado,Web,631.5,3.67,6058939.93
CLI-000463,30.0,2192182.14,Secundaria,Web,708.2,3.1,12102509.27
CLI-000464,41.0,2029241.98,Primaria,App Movil,722.2,4.01,6355129.14
CLI-000465,37.0,6649029.34,,Web,693.0,1.71,38766484.13
CLI-000466,,2559432.09,,App Movil,792.8,1.25,6928351.81
CLI-000467,45.0,786473.61,Pregrado,Web,,3.48,4674144.38
CLI-000468,47.0,1305763.07,Primaria,Web,609.7,1.52,7184549.75
CLI-000469,32.0,,Pregrado,web,481.8,1.58,
CLI-000470,31.0,670017.67,Posgrado,App Movil,467.3,3.66,3398654.08
CLI-000471,35.0,3972624.18,Pregrado,Web,702.2,2.09,10942283.52
CLI-000472,150.0,3503340.42,Pregrado,App Movil,635.3,3.27,9266964.33
CLI-000473,,5267732.99,Primaria,Web,584.8,4.23,15045595.13
CLI-000474,,11658645.34,Primaria,Web,560.9,2.24,32711353.19
CLI-000475,58.0,10219924.66,Primaria,Web,709.3,1.92,45129494.03
CLI-000476,,12264724.7,Posgrado,APP,571.3,1.55,39910075.92
CLI-000477,45.0,1178775.81,Pregrado,Sucursal,780.5,1.63,6495903.11
CLI-000478,42.0,592464.14,Pregrado,Sucursal,838.1,1.41,2405475.61
CLI-000479,75.0,1511717.23,Primaria,,578.0,1.49,7459246.17
CLI-000480,51.0,9469346.99,Posgrado,web,703.6,2.63,45311353.98
CLI-000481,36.0,15025342.09,Pregrado,Sucursal,685.2,2.26,54384009.87
CLI-000482,27.0,8237471.2,Secundaria,Sucursal,571.0,3.53,27604478.59
CLI-000483,19.0,489525.66,Posgrado,App Movil,571.4,4.07,1810558.14
CLI-000484,-3.0,12371400.65,Secundaria,Web,640.2,3.79,65423731.36
CLI-000485,29.0,2312241.55,Secundaria,App Movil,558.9,2.95,10525251.79
CLI-000486,21.0,39286.39,Secundaria,App Movil,737.3,1.54,133078.14
CLI-000487,,2453229.22,Posgrado,APP,630.3,3.54,13155349.82
CLI-000488,25.0,198089.28,Posgrado,App Movil,560.3,2.4,533188.57
CLI-000489,58.0,3296978.11,Secundaria,Sucursal,642.9,1.48,16310618.26
CLI-000490,49.0,1735973.29,Pregrado,App Movil,687.3,3.98,7007868.67
CLI-000491,38.0,2693797.56,Pregrado,Web,592.0,2.32,13629312.8
CLI-000492,56.0,3989037.74,Pregrado,App Movil,490.6,1.92,22921467.52
CLI-000493,39.0,8530371.17,Secundaria,App Movil,,4.08,43719170.28
CLI-000494,28.0,4554556.57,Pregrado,App Movil,552.6,4.18,18431738.17
CLI-000495,56.0,2390839.69,Pregrado,App Movil,586.5,2.32,7240454.51
CLI-000496,44.0,7188824.49,Primaria,Web,687.5,2.37,38260565.97
CLI-000497,26.0,9912105.01,Secundaria,App Movil,603.0,3.11,40763227.99
CLI-000498,36.0,535754.7,Pregrado,Sucursal,638.7,3.62,1480608.01
CLI-000499,27.0,3188403.89,Secundaria,App Movil,766.2,1.41,15995246.32
CLI-000500,21.0,1406119.66,,App Movil,621.8,3.16,4951624.9
CLI-000501,49.0,202459.29,Primaria,Web,811.7,4.34,540790.79
CLI-000502,61.0,4637927.03,,Web,709.2,2.06,26248944.24
CLI-000503,21.0,8341630.9,Secundaria,App Movil,575.5,4.2,34958555.74
CLI-000504,45.0,746822.63,Primaria,App Movil,611.9,4.34,2601454.83
CLI-000505,30.0,7028767.4,Secundaria,App Movil,549.0,2.09,35195519.19
CLI-000506,32.0,8064077.23,Pregrado,Call Center,701.0,3.69,45164141.25
CLI-000507,31.0,10320972.79,Pregrado,Web,756.0,1.99,25813524.57
CLI-000508,28.0,1294745.47,Secundaria,Web,621.3,3.63,6353940.93
CLI-000509,39.0,9840256.87,Secundaria,App Movil,501.1,3.83,51017214.5
CLI-000510,28.0,1623877.9,Pregrado,App Movil,678.8,2.02,5252832.53
CLI-000511,41.0,3375610.67,Secundaria,App Movil,581.0,3.56,14223754.68
CLI-000512,37.0,217675.99,Pregrado,Call Center,593.1,3.88,612213.86
CLI-000513,35.0,188466.55,Primaria,Call Center,674.9,2.38,963747.18
CLI-000514,27.0,5352057.76,Pregrado,Web,748.6,1.75,29254861.86
CLI-000515,31.0,2468972.63,Pregrado,web,709.2,1.5,7107316.21
CLI-000516,47.0,,,Web,684.4,3.1,
CLI-000517,44.0,887172.93,Pregrado,Sucursal,637.4,4.43,4613738.92
CLI-000518,26.0,4655791.13,Secundaria,Sucursal,544.4,3.92,17292523.68
CLI-000519,39.0,1686.82,Primaria,Sucursal,677.8,2.64,8292.43
CLI-000520,47.0,6885212.43,Pregrado,Web,707.4,2.97,17214190.78
CLI-000521,18.0,346778.44,Pregrado,App Movil,602.4,2.12,1997891.78
CLI-000522,45.0,892759.37,Posgrado,App Movil,620.7,1.74,3951657.69
CLI-000523,30.0,2050210.82,Pregrado,Web,738.8,2.79,9576916.13
CLI-000524,45.0,2785919.32,Pregrado,Web,618.6,2.73,13445704.55
CLI-000525,29.0,1841689.04,Secundaria,App Movil,628.4,2.92,8222757.68
CLI-000526,16.0,1624183.39,Secundaria,App Movil,642.9,4.34,8930854.34
CLI-000527,18.0,13952005.45,Secundaria,Sucursal,703.2,3.19,64652985.12
CLI-000528,39.0,4309405.41,Primaria,Web,673.5,3.2,24465183.89
CLI-000529,41.0,99589.87,Pregrado,Call Center,667.5,1.62,451954.83
CLI-000530,27.0,2362195.82,Secundaria,Web,771.4,4.49,7320275.89
CLI-000531,,8733946.8,Secundaria,Call Center,617.2,3.75,49761390.66
CLI-000532,18.0,1506780.98,Primaria,App Movil,574.0,4.09,7361674.17
CLI-000533,37.0,417186.96,Secundaria,App Movil,731.8,2.57,2063964.27
CLI-000534,23.0,5965716.89,Primaria,Call Center,668.5,2.86,35491160.16
CLI-000535,30.0,3912045.8,Pregrado,Web,602.9,2.92,10809717.77
CLI-000536,39.0,3547727.81,Secundaria,Web,621.2,1.84,14191174.21
CLI-000537,28.0,231273.83,Pregrado,App Movil,548.1,3.48,771722.35
CLI-000538,33.0,635893.87,Pregrado,Web,668.5,4.18,2992829.81
CLI-000539,50.0,4092125.39,,App Movil,533.1,1.74,21785824.49
CLI-000540,31.0,978480.26,Primaria,Web,704.6,1.48,5755506.49
CLI-000541,48.0,2945546.74,Secundaria,Call Center,608.2,3.64,12050486.13
CLI-000542,24.0,3306231.03,Secundaria,Sucursal,538.5,2.1,17363544.46
CLI-000543,44.0,1400225.68,Secundaria,Web,737.8,3.26,7994841.36
CLI-000544,55.0,12451829.19,Posgrado,Call Center,830.5,3.5,60909853.46
CLI-000545,8.0,7762028.21,Pregrado,App Movil,685.0,2.26,25999409.74
CLI-000546,28.0,5382210.21,Pregrado,App Movil,627.2,3.89,24906121.39
CLI-000547,45.0,341054.29,Secundaria,App Movil,573.2,3.01,2010457.8
CLI-000548,36.0,471218.79,Pregrado,Sucursal,670.9,4.07,2806785.7
CLI-000549,42.0,2851015.01,Primaria,App Movil,700.9,3.72,13537358.77
CLI-000550,31.0,735852.49,Pregrado,Sucursal,650.6,4.07,4124053.75
CLI-000551,39.0,16081181.51,Pregrado,Web,721.6,1.27,51479444.47
CLI-000552,36.0,724891.91,Secundaria,APP,771.1,2.0,2436561.14
CLI-000553,52.0,2807245.6,Secundaria,Sucursal,549.2,1.5,16380577.45
CLI-000554,41.0,1901537.71,Pregrado,Web,673.5,2.66,5653887.36
CLI-000555,42.0,4283782.92,Primaria,Sucursal,497.7,4.14,13574762.03
CLI-000556,33.0,580251.44,Primaria,App Movil,584.9,2.74,2304712.36
CLI-000557,32.0,2363231.68,Secundaria,Web,707.6,4.0,10784714.13
CLI-000558,33.0,1348942.79,Secundaria,Web,646.3,2.28,6223159.07
CLI-000559,43.0,9185569.41,Pregrado,Web,521.1,2.32,32350804.15
CLI-000560,33.0,174015.65,Pregrado,Call Center,734.0,4.16,995743.42
CLI-000561,41.0,10291026.14,Pregrado,App Movil,606.5,2.61,58688175.09
CLI-000562,63.0,7516850.75,Secundaria,App Movil,718.1,3.81,29107036.51
CLI-000563,48.0,1483484.3,Pregrado,Web,691.0,1.98,5963638.33
CLI-000564,34.0,6540557.54,Posgrado,App Movil,583.3,4.33,32432923.7
CLI-000565,52.0,133186.55,Secundaria,App Movil,719.5,3.1,642023.85
CLI-000566,33.0,14310163.4,Secundaria,Sucursal,675.5,3.71,54922973.13
CLI-000567,14.0,,Posgrado,APP,664.0,1.5,
CLI-000568,150.0,1517767.2,Primaria,App Movil,612.5,2.83,5643265.32
CLI-000569,16.0,1891392.47,Secundaria,App Movil,561.8,4.17,6286700.18
CLI-000570,34.0,288594.32,Primaria,App Movil,616.5,4.09,1184242.25
CLI-000571,38.0,19077028.98,Primaria,Call Center,614.8,1.35,93525505.85
CLI-000572,58.0,168355.78,Primaria,Web,718.1,2.2,858089.79
CLI-000573,42.0,4468555.1,Secundaria,App Movil,518.1,2.66,23352927.1
CLI-000574,35.0,2455807.43,Pregrado,Sucursal,767.7,1.77,9360462.4
CLI-000575,48.0,12492010.5,Secundaria,Web,772.0,3.61,64661469.29
CLI-000576,11.0,,Pregrado,Web,598.7,1.81,
CLI-000577,41.0,3189784.59,Secundaria,Sucursal,,2.34,13300364.36
CLI-000578,47.0,2765565.33,,Web,569.6,3.39,14598494.02
CLI-000579,20.0,5097008.94,,App Movil,740.2,2.79,23982224.86
CLI-000580,52.0,295820.46,Pregrado,App Movil,584.4,3.64,1230382.65
CLI-000581,-3.0,904721.77,Posgrado,App Movil,732.7,4.37,4303080.23
CLI-000582,33.0,1014372.85,Pregrado,Web,535.0,1.58,5755867.03
CLI-000583,46.0,5627942.63,Posgrado,web,736.6,3.54,25226331.56
CLI-000584,65.0,880564.69,Secundaria,Web,753.1,1.96,4666333.9
CLI-000585,40.0,3578919.13,Secundaria,Sucursal,532.4,2.57,21232293.98
CLI-000586,41.0,1018005.28,Pregrado,Web,790.6,1.31,5058965.74
CLI-000587,32.0,8306707.61,Secundaria,App Movil,731.5,1.65,37435342.23
CLI-000588,28.0,11972162.51,Pregrado,Web,490.2,2.26,31501163.75
CLI-000589,48.0,3069504.72,Posgrado,Web,610.8,2.33,11696877.67
CLI-000590,28.0,1824233.75,Secundaria,Web,733.0,4.17,8170833.39
CLI-000591,39.0,1119923.85,Pregrado,App Movil,707.8,3.65,5924646.91
CLI-000592,32.0,214463.74,Secundaria,App Movil,658.9,4.41,865010.92
CLI-000593,44.0,1313164.28,Secundaria,Web,724.2,3.18,7695410.52
CLI-000594,42.0,4460392.36,Pregrado,APP,580.1,2.0,15394054.62
CLI-000595,50.0,3203541.38,Secundaria,Web,653.8,2.28,16357234.82
CLI-000596,32.0,12109192.08,Pregrado,App Movil,582.4,2.26,48032441.91
CLI-000597,35.0,2119488.97,Pregrado,Web,660.8,2.28,8903887.81
CLI-000598,26.0,4971639.47,Secundaria,App Movil,730.1,3.42,26393226.43
CLI-000599,33.0,2822473.45,Pregrado,Sucursal,712.5,2.95,9982392.62
CLI-000600,43.0,3018209.63,Pregrado,App Movil,667.8,2.47,8568220.86
CLI-000601,47.0,1308999.3,Secundaria,Web,729.2,1.69,5656047.94
CLI-000602,27.0,2548892.52,Secundaria,Web,737.1,1.27,11089673.51
CLI-000603,48.0,2672714.09,Posgrado,Sucursal,793.8,1.92,14138890.6
CLI-000604,54.0,5150726.08,Pregrado,Web,743.4,1.55,30333229.66
CLI-000605,43.0,11861365.6,Secundaria,App Movil,702.5,3.79,31949209.8
CLI-000606,61.0,1677753.25,Primaria,Web,724.7,1.57,7668864.41
CLI-000607,29.0,181090.48,Pregrado,Web,669.5,3.59,884531.9
CLI-000608,23.0,2880211.95,Pregrado,Web,627.6,2.47,17138138.78
CLI-000609,,3302353.63,Primaria,Call Center,719.4,1.44,19150565.83
CLI-000610,56.0,774700.45,Pregrado,Sucursal,710.6,3.88,3868526.87
CLI-000611,46.0,,Secundaria,App Movil,673.4,3.11,
CLI-000612,37.0,17618958.45,Pregrado,Web,634.4,1.98,54007987.59
CLI-000613,41.0,12241353.61,Secundaria,App Movil,630.0,4.15,47063327.74
CLI-000614,24.0,922037.03,Secundaria,App Movil,617.3,1.35,4193358.15
CLI-000615,67.0,8745877.1,Secundaria,App Movil,750.5,1.87,44063490.15
CLI-000616,40.0,5120072.61,,Web,744.3,3.68,24186703.07
CLI-000617,39.0,2540392.36,Pregrado,APP,740.8,3.54,12700513.28
CLI-000618,47.0,3267003.27,Pregrado,App Movil,565.9,2.15,13074657.4
CLI-000619,-3.0,7956723.73,Pregrado,web,621.3,1.4,40155161.98
CLI-000620,41.0,2747581.2,Secundaria,Web,,4.03,8251245.7
CLI-000621,29.0,1961986.01,Posgrado,Web,601.5,2.24,6021437.27
CLI-000622,44.0,2854876.7,Primaria,Web,799.0,1.85,8764221.7
CLI-000623,61.0,3634809.43,Pregrado,Sucursal,682.0,2.9,20420458.79
CLI-000624,54.0,880248.52,Secundaria,App Movil,676.3,4.2,2434872.35
CLI-000625,,9709156.15,Secundaria,Call Center,612.7,1.34,51509785.19
CLI-000626,32.0,,Pregrado,Call Center,719.0,3.73,
CLI-000627,,4213131.07,Pregrado,Sucursal,825.3,3.09,17440276.25
CLI-000628,36.0,440163.88,Pregrado,Sucursal,656.5,2.6,2511508.23
CLI-000629,39.0,3892477.69,Pregrado,Sucursal,631.3,3.66,17713810.81
CLI-000630,51.0,541487.64,Secundaria,Sucursal,642.8,4.39,1751935.56
CLI-000631,18.0,344261.57,Posgrado,App Movil,624.2,1.96,1202958.44
CLI-000632,56.0,3147133.04,Secundaria,Sucursal,649.8,1.67,18006520.54
CLI-000633,36.0,2165011.76,Pregrado,Call Center,601.1,4.21,8649230.07
CLI-000634,33.0,3732542.27,Pregrado,App Movil,579.1,3.41,16999674.12
CLI-000635,26.0,392516.39,Secundaria,APP,648.3,2.65,1613149.21
CLI-000636,18.0,,Primaria,Web,656.5,3.09,
CLI-000637,48.0,806876.28,Secundaria,App Movil,628.2,3.66,2647745.91
CLI-000638,39.0,18272245.44,Secundaria,Web,766.6,3.75,89564521.9
CLI-000639,23.0,3459111.99,Primaria,Web,683.2,4.24,17343458.59
CLI-000640,22.0,4884384.9,Primaria,Call Center,709.4,2.61,16910218.32
CLI-000641,34.0,1653382.31,Secundaria,web,711.5,2.17,8699333.77
CLI-000642,58.0,,Pregrado,Sucursal,658.4,3.31,
CLI-000643,35.0,15642207.65,Pregrado,APP,667.5,2.57,89510387.74
CLI-000644,20.0,1416387.74,Secundaria,Web,581.2,3.16,4340156.85
CLI-000645,35.0,2315521.58,Secundaria,Web,702.5,2.59,8251900.42
CLI-000646,35.0,4407620.3,Secundaria,App Movil,623.3,1.7,24291438.83
CLI-000647,,105031.05,Pregrado,Call Center,598.8,2.75,335562.73
CLI-000648,37.0,6980803.13,Pregrado,Web,754.2,3.48,17536752.03
CLI-000649,35.0,3230293.93,Pregrado,,543.4,3.84,17921333.44
CLI-000650,46.0,1369330.19,Pregrado,Sucursal,787.5,2.83,4987885.24
CLI-000651,60.0,267067.46,Pregrado,APP,781.2,1.75,1055114.45
CLI-000652,52.0,744794.92,Pregrado,App Movil,632.2,2.57,3025482.9
CLI-000653,35.0,9467293.27,Secundaria,App Movil,792.8,3.79,51776258.64
CLI-000654,25.0,4865445.66,Pregrado,Sucursal,578.9,2.56,17917599.69
CLI-000655,69.0,1207714.38,Posgrado,Sucursal,729.5,3.5,6790953.32
CLI-000656,39.0,284976.24,Pregrado,Web,651.3,2.87,1327786.09
CLI-000657,38.0,4927313.3,Pregrado,web,505.5,2.0,21411657.36
CLI-000658,38.0,3568257.71,Primaria,Call Center,599.5,3.83,12987211.94
CLI-000659,40.0,2177224.05,Posgrado,Web,636.0,1.48,7300212.51
CLI-000660,36.0,1898173.09,Secundaria,Web,712.3,2.93,8891431.02
CLI-000661,31.0,1026418.75,Secundaria,App Movil,611.8,1.89,4171498.78
CLI-000662,31.0,4651438.29,Primaria,App Movil,628.1,1.42,26451827.34
CLI-000663,38.0,95000000.0,,Sucursal,693.3,2.86,400969873.11
CLI-000664,31.0,811604.78,Posgrado,Web,689.0,2.85,3482825.15
CLI-000665,29.0,3818254.18,Posgrado,Sucursal,642.7,3.53,15114679.39
CLI-000666,,2318269.58,Pregrado,Sucursal,,3.66,12199709.34
CLI-000667,35.0,2485705.09,Secundaria,Web,725.1,3.6,9910350.08
CLI-000668,56.0,1231553.92,Posgrado,App Movil,625.3,2.55,4239866.98
CLI-000669,6.0,7323709.35,,Web,554.8,3.28,40405695.88
CLI-000670,51.0,2789156.25,Pregrado,Web,618.4,3.1,12799155.7
CLI-000671,53.0,3292633.52,Secundaria,App Movil,693.7,2.59,15048276.12
CLI-000672,13.0,1526697.83,Pregrado,APP,638.1,3.17,7080637.86
CLI-000673,34.0,842767.04,,Web,,4.33,4227268.16
CLI-000674,34.0,377272.01,Posgrado,App Movil,549.6,1.84,1356571.29
CLI-000675,21.0,5259156.55,Posgrado,Web,638.5,4.19,13770866.33
CLI-000676,29.0,917479.28,Posgrado,Web,668.2,1.38,4896656.7
CLI-000677,25.0,4919989.57,Posgrado,App Movil,569.4,2.22,14519714.25
CLI-000678,59.0,2078637.28,Pregrado,Sucursal,634.9,2.15,10447998.15
CLI-000679,49.0,2257368.77,Pregrado,Web,562.5,3.27,6293777.87
CLI-000680,53.0,2659975.84,Secundaria,APP,639.7,1.63,10144023.87
CLI-000681,47.0,1925300.03,Pregrado,Web,788.0,4.11,5237954.4
CLI-000682,24.0,445408.39,Pregrado,Call Center,663.7,3.93,1927615.21
CLI-000683,32.0,1556226.9,Posgrado,Call Center,523.5,3.35,7448063.36
CLI-000684,44.0,4577386.12,Secundaria,App Movil,676.5,2.71,14189970.18
CLI-000685,23.0,4603069.76,Primaria,Web,754.9,4.28,17494871.88
CLI-000686,47.0,1416183.39,Primaria,App Movil,539.3,3.94,8151322.48
CLI-000687,,2588780.07,Pregrado,Sucursal,566.4,2.85,10480318.63
CLI-000688,34.0,902940.99,Pregrado,Call Center,670.7,3.52,4793625.67
CLI-000689,47.0,992012.42,Secundaria,App Movil,643.0,3.07,5699256.79
CLI-000690,43.0,97930.67,Secundaria,App Movil,746.9,3.14,578790.86
CLI-000691,34.0,9536388.26,Secundaria,Call Center,635.5,2.29,53824587.12
CLI-000692,52.0,993792.44,Primaria,,716.0,2.72,3588503.66
CLI-000693,25.0,1084301.92,Secundaria,Sucursal,772.2,1.46,6363773.5
CLI-000694,45.0,1377392.75,Secundaria,Call Center,580.6,2.38,7359937.48
CLI-000695,45.0,572406.53,Secundaria,App Movil,709.8,3.5,3108233.02
CLI-000696,34.0,4282344.34,Secundaria,Sucursal,617.9,4.35,10933276.65
CLI-000697,42.0,328087.61,Secundaria,Sucursal,472.8,4.38,1915977.84
CLI-000698,23.0,605237.41,Posgrado,Sucursal,688.1,3.03,3161346.12
CLI-000699,49.0,4346800.28,Secundaria,App Movil,698.0,3.2,22550705.35
CLI-000700,36.0,,Secundaria,App Movil,526.1,1.81,
CLI-000701,32.0,5169455.83,Secundaria,App Movil,613.7,3.49,17131524.38
CLI-000702,51.0,3423607.99,Secundaria,App Movil,600.2,1.43,20089443.51
CLI-000703,30.0,1242119.35,Primaria,App Movil,714.8,2.14,5281950.76
CLI-000704,21.0,4419200.1,Primaria,Sucursal,526.1,3.41,17201749.93
CLI-000705,19.0,519153.0,Pregrado,App Movil,658.5,2.22,2824084.78
CLI-000706,45.0,3228773.37,Pregrado,Web,462.8,1.36,9058941.84
CLI-000707,23.0,2413902.75,Pregrado,Call Center,680.4,3.95,9557358.05
CLI-000708,59.0,1309568.73,Pregrado,Call Center,660.0,2.22,4995942.78
CLI-000709,13.0,3890685.49,Primaria,App Movil,609.1,1.41,14490779.73
CLI-000710,58.0,8612235.29,Posgrado,Web,764.3,1.45,30805301.22
CLI-000711,41.0,28630252.41,Primaria,APP,440.1,2.03,92626377.66
CLI-000712,,3930731.45,Pregrado,Call Center,648.5,1.79,12205659.38
CLI-000713,31.0,2178538.6,Primaria,Web,745.8,3.76,10329369.56
CLI-000714,43.0,1071669.95,Posgrado,Web,660.3,2.26,6127682.26
CLI-000715,38.0,1248191.99,Pregrado,App Movil,759.3,3.86,5343485.89
CLI-000716,51.0,2742091.37,Primaria,Sucursal,614.0,1.77,9714985.49
CLI-000717,-3.0,1922439.37,Pregrado,Web,636.6,2.83,5877013.83
CLI-000718,40.0,10295265.08,Primaria,App Movil,748.7,3.47,55651073.69
CLI-000719,34.0,1929200.73,Pregrado,App Movil,721.6,3.35,11382712.97
CLI-000720,37.0,1963575.88,Pregrado,Call Center,841.9,3.18,7308515.64
CLI-000721,150.0,2031762.34,Secundaria,App Movil,658.2,4.25,7148403.26
CLI-000722,17.0,7609046.72,Secundaria,App Movil,666.0,1.95,35041374.73
CLI-000723,22.0,4418723.44,Primaria,APP,613.1,2.83,23037683.8
CLI-000724,47.0,3999892.85,Pregrado,Web,633.7,4.12,16375200.59
CLI-000725,40.0,1708057.6,Secundaria,Web,736.2,1.46,8036848.31
CLI-000726,36.0,7153533.36,Pregrado,Sucursal,650.0,1.38,35824335.22
CLI-000727,38.0,164300.36,,Web,585.4,1.97,963140.71
CLI-000728,42.0,8594761.57,Secundaria,Call Center,619.9,3.29,26451501.7
CLI-000729,32.0,3019706.49,,Web,642.8,2.06,18090574.59
CLI-000730,29.0,2133237.09,Pregrado,Web,590.6,1.83,8261063.65
CLI-000731,40.0,2887490.47,Secundaria,web,613.4,2.71,14527543.5
CLI-000732,26.0,4623617.91,Secundaria,App Movil,570.0,3.22,20822233.57
CLI-000733,43.0,53959.94,Pregrado,Sucursal,616.2,2.02,226811.98
CLI-000734,18.0,8619366.03,Secundaria,Web,743.3,2.19,42607799.99
CLI-000735,50.0,2486090.74,Primaria,Web,653.9,3.22,9658806.79
CLI-000736,44.0,1764085.27,Secundaria,Call Center,846.9,4.32,5188853.84
CLI-000737,41.0,624896.7,Pregrado,App Movil,588.9,3.43,2631519.27
CLI-000738,50.0,2431229.9,Pregrado,App Movil,688.8,3.78,10519215.9
CLI-000739,58.0,2880442.47,Pregrado,Web,667.8,2.41,9236592.56
CLI-000740,50.0,2171072.37,Secundaria,App Movil,702.0,2.1,12537221.59
CLI-000741,-3.0,4768074.44,Pregrado,Sucursal,601.5,2.7,15716358.96
CLI-000742,23.0,2294351.26,,Call Center,620.5,3.86,9022069.61
CLI-000743,31.0,13670825.66,Primaria,Sucursal,682.6,2.71,41590122.73
CLI-000744,38.0,3840841.85,Primaria,Sucursal,609.6,3.99,16804790.26
CLI-000745,44.0,6919686.95,Posgrado,App Movil,508.1,4.46,24749863.17
CLI-000746,29.0,486403.57,Pregrado,App Movil,754.8,1.44,2048952.58
CLI-000747,40.0,,Pregrado,Sucursal,721.0,1.35,
CLI-000748,29.0,1725152.54,Posgrado,Web,616.6,1.69,4637577.39
CLI-000749,31.0,3539621.59,Pregrado,Web,667.5,2.47,18502640.15
CLI-000750,21.0,8291213.16,Secundaria,APP,730.5,1.63,39331873.52
CLI-000751,27.0,342623.2,Pregrado,Web,757.5,4.07,1265166.23
CLI-000752,22.0,316441.16,Pregrado,Web,658.3,1.28,843704.85
CLI-000753,26.0,7976809.2,,App Movil,603.2,2.24,44107867.93
CLI-000754,51.0,1005213.56,Secundaria,Sucursal,767.1,1.81,3110414.74
CLI-000755,27.0,4640545.25,Pregrado,App Movil,657.6,4.27,26718392.96
CLI-000756,70.0,3287782.07,Pregrado,App Movil,638.2,3.41,13726765.74
CLI-000757,44.0,7514322.96,Secundaria,APP,671.1,4.21,27738022.24
CLI-000758,40.0,561258.64,Secundaria,Sucursal,742.4,4.41,2860262.8
CLI-000759,28.0,583853.06,Posgrado,Call Center,646.9,2.84,3251441.45
CLI-000760,46.0,3417857.4,Secundaria,Web,728.9,1.97,12979304.84
CLI-000761,31.0,12288393.73,Pregrado,Web,633.3,1.84,48240585.76
CLI-000762,39.0,2251786.32,Posgrado,App Movil,698.7,1.94,9043294.93
CLI-000763,69.0,1662880.47,Secundaria,Web,574.2,3.54,9525196.7
CLI-000764,,3919252.9,,Web,735.6,1.33,19298299.26
CLI-000765,52.0,11195894.8,Pregrado,Web,595.9,1.37,37693906.56
CLI-000766,30.0,7616962.22,Secundaria,App Movil,686.7,3.21,23974380.52
CLI-000767,38.0,22680178.24,Secundaria,Sucursal,531.1,3.32,74987174.44
CLI-000768,59.0,95874.04,,Sucursal,652.0,3.4,328126.37
CLI-000769,30.0,502951.61,Secundaria,Web,665.0,2.43,1662578.08
CLI-000770,60.0,3949028.0,Secundaria,App Movil,595.5,3.86,18974181.39
CLI-000771,46.0,7215625.23,Secundaria,Web,641.2,2.96,20966927.75
CLI-000772,31.0,1410421.04,Secundaria,App Movil,671.0,1.55,5438237.57
CLI-000773,46.0,1148277.24,Secundaria,App Movil,695.1,3.83,5382764.87
CLI-000774,,6494667.91,,App Movil,658.0,4.35,22848306.06
CLI-000775,45.0,243741.54,Posgrado,Call Center,756.6,1.4,665039.13
CLI-000776,19.0,1936435.26,Secundaria,Call Center,742.7,2.49,5395651.7
CLI-000777,29.0,2960301.32,Secundaria,Sucursal,647.6,2.81,8705901.95
CLI-000778,35.0,3451447.89,Pregrado,Call Center,543.6,1.68,18725659.98
CLI-000779,37.0,,Primaria,Sucursal,611.0,4.06,
CLI-000780,45.0,1840716.37,Pregrado,Call Center,471.7,2.14,5017477.03
CLI-000781,40.0,3983764.14,Posgrado,App Movil,635.3,3.78,15412151.97
CLI-000782,22.0,3697603.57,Posgrado,App Movil,762.1,3.41,12849350.28
CLI-000783,43.0,3331541.32,Secundaria,Sucursal,713.3,3.17,15069029.11
CLI-000784,45.0,4296577.45,Secundaria,Web,656.7,1.83,18603410.51
CLI-000785,45.0,1261516.23,Primaria,Sucursal,591.8,1.93,5278100.75
CLI-000786,51.0,371479.13,Secundaria,web,659.8,1.36,1337619.56
CLI-000787,48.0,533425.49,Secundaria,Sucursal,820.5,1.99,1590834.41
CLI-000788,44.0,1068284.84,Posgrado,Web,769.0,2.34,5446455.12
CLI-000789,37.0,,Posgrado,App Movil,638.0,3.95,
CLI-000790,18.0,7708480.46,,Call Center,531.4,2.41,44744092.07
CLI-000791,43.0,5074831.71,Posgrado,APP,826.6,3.69,13728264.21
CLI-000792,40.0,,Primaria,App Movil,591.7,2.65,
CLI-000793,41.0,1815597.01,Pregrado,Call Center,692.4,3.79,9155623.81
CLI-000794,23.0,2178170.8,Primaria,Call Center,525.3,4.42,12665809.77
CLI-000795,25.0,2101472.06,Secundaria,Web,624.2,1.99,7113905.49
CLI-000796,51.0,894752.39,Pregrado,Call Center,525.0,4.05,4561113.61
CLI-000797,38.0,265316.35,Pregrado,App Movil,557.0,3.25,714017.24
CLI-000798,46.0,3754106.97,Pregrado,App Movil,576.0,3.9,17679441.29
CLI-000799,38.0,19024971.42,Primaria,App Movil,688.2,3.35,70924472.94
CLI-000800,38.0,766572.33,Primaria,Sucursal,642.3,2.6,3979417.28
CLI-000801,49.0,200800.76,Primaria,Sucursal,850.0,1.95,1108734.45
CLI-000802,32.0,6350405.36,Primaria,App Movil,740.7,1.43,23984678.66
CLI-000803,39.0,1222771.37,Secundaria,Call Center,742.4,2.97,5306279.12
CLI-000804,32.0,7433427.84,Pregrado,Call Center,690.3,4.47,21638070.79
CLI-000805,33.0,5112163.92,Pregrado,Sucursal,672.1,3.64,20239948.41
CLI-000806,34.0,12233524.06,Secundaria,App Movil,745.1,2.28,46032321.17
CLI-000807,41.0,2208427.82,Pregrado,Web,459.5,3.93,6936521.85
CLI-000808,32.0,4555404.65,Secundaria,App Movil,600.2,3.74,25650003.93
CLI-000809,53.0,,,Call Center,541.2,2.13,
CLI-000810,27.0,4182547.38,Secundaria,Web,499.3,1.25,19762903.39
CLI-000811,36.0,2507853.62,Pregrado,,588.5,1.59,14082850.13
CLI-000812,,877942.26,Posgrado,Call Center,558.2,4.1,4997150.8
CLI-000813,55.0,95000000.0,Posgrado,Sucursal,745.5,3.96,501252200.2
CLI-000814,40.0,3158462.05,Primaria,Sucursal,657.3,2.17,9843327.93
CLI-000815,50.0,6988440.55,Pregrado,App Movil,489.2,2.14,37465099.2
CLI-000816,20.0,5585967.72,Primaria,Sucursal,675.1,3.82,19372006.7
CLI-000817,41.0,4578101.41,Primaria,App Movil,569.0,4.29,26225164.51
CLI-000818,49.0,505456.57,Primaria,Call Center,655.0,3.77,2518085.25
CLI-000819,39.0,5355710.39,Posgrado,Sucursal,681.5,3.2,28109105.7
CLI-000820,51.0,2913782.25,Posgrado,Sucursal,590.0,2.0,8151636.81
CLI-000821,32.0,9430073.71,Secundaria,Sucursal,667.4,2.93,42809497.19
CLI-000822,55.0,10601289.81,Pregrado,Web,682.2,1.97,56971304.34
CLI-000823,66.0,,,Web,636.9,3.87,
CLI-000824,34.0,7217149.88,Secundaria,Call Center,592.4,2.48,18766112.27
CLI-000825,33.0,161390.52,Secundaria,Web,650.3,3.95,933976.19
CLI-000826,55.0,1921722.03,Secundaria,App Movil,638.8,2.46,5095802.57
CLI-000827,57.0,3282473.37,Pregrado,App Movil,675.3,3.92,15266177.63
CLI-000828,32.0,673205.68,Secundaria,Web,628.9,2.3,3316787.68
CLI-000829,33.0,5760960.49,Pregrado,Web,554.6,2.65,16566843.16
CLI-000830,35.0,35237.16,Secundaria,Call Center,636.5,3.23,94014.21
CLI-000831,22.0,775501.05,Secundaria,Sucursal,676.1,1.43,4069203.32
CLI-000832,27.0,3651478.25,Secundaria,App Movil,664.8,4.33,14044853.09
CLI-000833,26.0,5263101.9,Primaria,APP,641.1,3.09,15130859.04
CLI-000834,29.0,10435420.47,Secundaria,Web,611.1,2.88,53944208.88
CLI-000835,38.0,,Primaria,Web,606.9,3.97,
CLI-000836,41.0,4679089.55,Pregrado,Sucursal,615.2,4.06,21317237.93
CLI-000837,57.0,,Secundaria,Sucursal,736.1,2.92,
CLI-000838,26.0,5398.05,Pregrado,App Movil,574.2,4.26,13782.73
CLI-000839,50.0,537660.33,,APP,657.3,1.41,2662928.75
CLI-000840,35.0,3211993.53,Pregrado,web,549.4,1.57,14214641.59
CLI-000841,37.0,4722185.27,,Web,711.2,3.17,22561609.54
CLI-000842,46.0,2269416.72,Pregrado,Web,607.1,2.37,12132633.9
CLI-000843,25.0,5509775.65,Secundaria,Call Center,584.0,2.73,22148180.84
CLI-000844,43.0,3098997.31,Posgrado,App Movil,667.2,2.28,9098049.14
CLI-000845,,323699.62,Posgrado,Web,453.1,2.54,1874201.86
CLI-000846,44.0,895496.0,Posgrado,Sucursal,546.0,3.91,3947720.19
CLI-000847,41.0,7696795.51,Pregrado,App Movil,678.9,3.16,35817264.32
CLI-000848,67.0,5420801.18,Pregrado,App Movil,731.2,4.49,31261435.18
CLI-000849,30.0,,Primaria,Web,686.1,3.8,
CLI-000850,32.0,525257.73,Pregrado,Sucursal,661.2,2.1,2364884.23
CLI-000851,31.0,19436234.96,Primaria,App Movil,842.8,2.07,68836146.92
CLI-000852,31.0,986880.81,Secundaria,Web,689.3,2.31,5911315.11
CLI-000853,30.0,49769.2,Pregrado,App Movil,566.4,3.98,243016.03
CLI-000854,52.0,25036643.93,Secundaria,App Movil,732.0,1.29,98382202.59
CLI-000855,55.0,1385986.09,Primaria,web,598.7,1.96,6180706.3
CLI-000856,31.0,4631251.4,Pregrado,web,593.3,4.19,18318540.6
CLI-000857,,816535.2,Posgrado,Web,539.5,3.31,4580001.49
CLI-000858,44.0,3645788.33,Pregrado,Sucursal,617.1,1.95,15271287.89
CLI-000859,31.0,9843840.7,Pregrado,Sucursal,551.6,1.92,52982989.26
CLI-000860,46.0,1620901.54,,Call Center,694.6,4.05,8818704.54
CLI-000861,40.0,4659616.69,Primaria,App Movil,640.0,4.15,25092796.24
CLI-000862,20.0,874172.09,Pregrado,Web,541.1,2.05,4395040.18
CLI-000863,57.0,4117191.95,Primaria,Sucursal,643.5,2.59,22611914.66
CLI-000864,60.0,1722636.72,Secundaria,Web,729.5,3.95,6641287.43
CLI-000865,31.0,996462.37,Pregrado,Web,779.8,3.74,2891057.42
CLI-000866,33.0,1577881.27,Pregrado,Sucursal,506.8,3.89,8597227.66
CLI-000867,41.0,827562.14,Primaria,,587.7,2.91,3511833.97
CLI-000868,42.0,9752114.92,Secundaria,Web,546.9,4.21,28727937.28
CLI-000869,46.0,2125821.84,Pregrado,Sucursal,678.3,2.28,6172523.17
CLI-000870,62.0,1181911.66,Pregrado,App Movil,537.3,1.72,3613515.7
CLI-000871,36.0,2498774.66,Pregrado,Call Center,734.7,3.54,12814731.98
CLI-000872,28.0,1623095.34,Secundaria,App Movil,746.3,2.98,8095996.89
CLI-000873,21.0,5729710.93,Pregrado,Web,715.4,4.02,18411654.74
CLI-000874,29.0,14901900.37,Secundaria,Web,592.6,1.47,81427440.32
CLI-000875,38.0,2420515.94,Secundaria,App Movil,597.7,3.98,8434364.73
CLI-000876,60.0,8288790.98,Pregrado,Web,613.5,2.17,43727098.58
CLI-000877,32.0,3504460.24,Pregrado,Web,738.4,3.36,14756653.64
CLI-000878,41.0,718485.24,Primaria,Sucursal,514.2,1.33,3635837.36
CLI-000879,38.0,4927414.16,Primaria,App Movil,680.9,3.21,18895927.8
CLI-000880,52.0,,Pregrado,Sucursal,575.3,3.57,
CLI-000881,68.0,4416537.52,Secundaria,Web,616.4,2.42,24046980.63
CLI-000882,150.0,9258636.41,Secundaria,Sucursal,708.9,1.91,24290568.61
CLI-000883,32.0,2438498.23,Secundaria,App Movil,528.8,2.97,14415375.7
CLI-000884,51.0,95000000.0,Secundaria,Web,627.8,3.95,453019703.12
CLI-000885,46.0,5833690.82,Primaria,App Movil,639.7,2.27,23414637.35
CLI-000886,60.0,2816573.96,Posgrado,Web,647.0,2.03,13232802.03
CLI-000887,45.0,,Pregrado,Call Center,641.7,2.12,
CLI-000888,34.0,1654396.36,Pregrado,Sucursal,694.5,4.33,7112553.69
CLI-000889,150.0,17263299.09,Pregrado,App Movil,613.8,2.39,102679243.01
CLI-000890,51.0,4622805.13,Pregrado,Web,679.2,1.21,15363629.5
CLI-000891,48.0,188316.17,Posgrado,Web,676.4,3.78,946848.68
CLI-000892,44.0,1660882.87,Pregrado,App Movil,672.9,3.51,6680734.95
CLI-000893,51.0,4100646.82,Secundaria,Sucursal,692.2,1.62,19615868.56
CLI-000894,52.0,243525.34,Pregrado,Web,672.6,4.45,783446.66
CLI-000895,55.0,101530.98,Secundaria,Web,642.8,3.21,421011.15
CLI-000896,46.0,2511100.51,Pregrado,App Movil,548.5,2.85,14891640.87
CLI-000897,36.0,1698903.54,Pregrado,App Movil,758.6,2.46,5408467.96
CLI-000898,40.0,2422496.59,Posgrado,Web,785.6,4.17,11452492.16
CLI-000899,52.0,1279955.63,Pregrado,App Movil,621.2,2.01,5778477.6
CLI-000900,28.0,755939.45,Secundaria,App Movil,686.5,2.14,3384855.37
CLI-000901,42.0,4907378.4,Primaria,App Movil,606.2,1.6,22833695.61
CLI-000902,33.0,3035434.43,Secundaria,App Movil,592.4,3.71,12924372.61
CLI-000903,38.0,938012.6,Primaria,Sucursal,654.4,3.17,2400615.9
CLI-000904,53.0,1617247.29,Secundaria,Web,850.0,3.21,9137995.18
CLI-000905,40.0,3763273.08,Secundaria,Web,777.6,1.92,20300697.76
CLI-000906,39.0,314877.02,Secundaria,App Movil,765.6,3.35,979137.45
CLI-000907,22.0,670013.19,,App Movil,691.5,3.73,2644177.65
CLI-000908,,319480.11,Secundaria,App Movil,576.6,2.38,1660313.03
CLI-000909,46.0,7026611.27,Secundaria,Call Center,732.9,3.84,41669337.36
CLI-000910,64.0,5863107.72,Primaria,Call Center,422.6,2.35,34175935.66
CLI-000911,34.0,5878465.64,Pregrado,Web,681.3,3.7,33200146.64
CLI-000912,41.0,5291694.55,Secundaria,Call Center,737.8,1.31,16162468.39
CLI-000913,41.0,4648568.42,Pregrado,App Movil,662.1,3.02,26499921.4
CLI-000914,57.0,,Secundaria,Web,782.7,4.4,
CLI-000915,37.0,4317598.27,Pregrado,,535.9,4.44,16490309.67
CLI-000916,41.0,164290.29,Pregrado,Call Center,778.1,2.13,637582.54
CLI-000917,45.0,4080069.9,Primaria,,637.4,2.66,16767786.67
CLI-000918,40.0,,Secundaria,Web,766.1,1.41,
CLI-000919,33.0,2914229.46,Secundaria,Web,731.6,4.08,9946045.58
CLI-000920,40.0,1858118.67,Pregrado,App Movil,771.1,3.08,4794539.84
CLI-000921,51.0,1364733.13,Secundaria,Sucursal,728.0,2.47,4086424.96
CLI-000922,26.0,4323753.71,Pregrado,Web,705.4,1.57,17469719.03
CLI-000923,40.0,4957092.75,Pregrado,Call Center,,4.32,17285427.0
CLI-000924,30.0,8600305.32,Pregrado,App Movil,654.4,2.95,44513528.76
CLI-000925,52.0,1760044.44,Secundaria,App Movil,698.2,2.13,5057338.53
CLI-000926,20.0,6168483.27,Primaria,Sucursal,649.7,2.36,35228999.31
CLI-000927,31.0,3461080.26,Pregrado,Sucursal,595.1,2.09,19498497.95
CLI-000928,43.0,9005576.18,Posgrado,Web,692.2,3.19,51157516.05
CLI-000929,57.0,3151588.85,,,665.7,4.27,16037285.31
CLI-000930,37.0,3061982.57,Posgrado,App Movil,750.6,4.03,8801668.59
CLI-000931,31.0,3622326.67,Pregrado,Web,634.6,2.72,14610587.61
CLI-000932,61.0,5810950.0,Pregrado,Call Center,589.1,3.93,17199940.16
CLI-000933,21.0,14043131.05,Pregrado,,749.4,2.6,83654189.83
CLI-000934,12.0,320920.39,Secundaria,Call Center,655.1,2.03,1176376.85
CLI-000935,43.0,230643.91,Pregrado,Call Center,586.7,4.45,1049120.01
CLI-000936,32.0,11648256.67,Secundaria,Sucursal,761.1,2.2,60895637.87
CLI-000937,26.0,,Secundaria,web,724.1,2.27,
CLI-000938,47.0,4007892.28,Pregrado,Web,797.9,4.47,20618269.34
CLI-000939,41.0,2766112.17,Secundaria,Sucursal,622.7,1.64,13445416.31
CLI-000940,31.0,413019.42,Secundaria,Sucursal,611.5,3.71,1706156.89
CLI-000941,23.0,6137893.58,Secundaria,Web,563.1,4.29,28350319.53
CLI-000942,48.0,,Posgrado,App Movil,604.6,2.89,
CLI-000943,46.0,1568848.32,Pregrado,App Movil,619.1,1.21,8775712.18
CLI-000944,37.0,1535638.07,Pregrado,Sucursal,704.6,2.44,6761753.15
CLI-000945,,7640557.23,Secundaria,Web,575.7,1.57,20174682.6
CLI-000946,25.0,315456.1,Secundaria,Call Center,596.9,2.57,1804300.83
CLI-000947,20.0,8943966.26,Primaria,Web,785.7,3.81,37676966.86
CLI-000948,30.0,1245736.83,Secundaria,App Movil,415.5,2.65,6901459.27
CLI-000949,37.0,3775399.4,Pregrado,Call Center,688.4,2.63,20761328.44
CLI-000950,41.0,11544881.24,Secundaria,App Movil,546.8,3.04,61824346.29
CLI-000951,35.0,4761053.83,Secundaria,App Movil,585.6,3.12,12925835.36
CLI-000952,42.0,2247710.75,Primaria,Web,763.9,4.03,7562947.12
CLI-000953,23.0,4912662.54,Secundaria,Sucursal,655.7,2.22,27336105.67
CLI-000954,,1770566.48,Primaria,,850.0,3.91,9997448.2
CLI-000955,37.0,1363754.88,Pregrado,web,700.1,3.07,5595814.96
CLI-000956,51.0,23976868.92,Pregrado,Sucursal,583.6,2.19,96870030.36
CLI-000957,42.0,5835733.23,Pregrado,Web,694.6,2.17,18166592.13
CLI-000958,43.0,4346365.82,Pregrado,Web,740.4,2.39,25597650.98
CLI-000959,45.0,1843607.31,Secundaria,Web,691.8,3.25,5984321.05
CLI-000960,43.0,211723.46,Pregrado,App Movil,632.8,1.96,670798.94
CLI-000961,46.0,132507.33,Pregrado,Web,514.7,4.24,637698.34
CLI-000962,,3392939.81,Primaria,Web,624.2,3.1,11366195.89
CLI-000963,40.0,6029612.81,Pregrado,Sucursal,783.4,4.24,34885534.69
CLI-000964,47.0,3237559.69,Posgrado,App Movil,586.3,1.35,8217491.39
CLI-000965,37.0,7717501.01,Secundaria,Sucursal,617.1,2.33,19449155.35
CLI-000966,55.0,142791.47,Pregrado,APP,729.5,1.28,609301.03
CLI-000967,30.0,1918951.73,Pregrado,Sucursal,699.6,2.1,8075368.38
CLI-000968,60.0,1136475.93,Pregrado,Sucursal,545.2,4.04,3490997.3
CLI-000969,38.0,2490142.25,Pregrado,Sucursal,641.3,1.32,10535339.83
CLI-000970,21.0,315542.74,Secundaria,App Movil,762.6,2.64,1243495.21
CLI-000971,40.0,12944314.99,Secundaria,Web,652.1,1.59,72697257.85
CLI-000972,30.0,95000000.0,Pregrado,Web,764.5,2.58,240576928.47
CLI-000973,48.0,10731000.41,Pregrado,Web,769.0,3.97,63494731.9
CLI-000974,30.0,2330746.99,Posgrado,Sucursal,575.8,3.26,10920422.92
CLI-000975,33.0,17788143.99,Secundaria,web,626.4,3.63,53923905.74
CLI-000976,15.0,3391782.41,Secundaria,APP,702.6,2.35,9034555.3
CLI-000977,33.0,11219163.67,Secundaria,Web,527.0,4.32,49177743.27
CLI-000978,9.0,22526.05,Primaria,,632.2,3.54,74834.14
CLI-000979,19.0,5792951.99,Secundaria,App Movil,693.7,2.59,20588611.21
CLI-000980,47.0,,Secundaria,Call Center,600.2,2.61,
CLI-000981,47.0,632091.69,Secundaria,Web,697.0,4.23,3018619.03
CLI-000982,43.0,424473.61,Secundaria,Web,602.0,3.1,1883538.55
CLI-000983,26.0,2321097.33,Secundaria,App Movil,601.1,3.53,6436195.12
CLI-000984,37.0,11395638.55,,Call Center,709.5,2.58,49489467.58
CLI-000985,38.0,3283267.97,Pregrado,Web,759.4,1.94,17300077.98
CLI-000986,24.0,3148426.66,Primaria,Web,593.1,3.59,8765789.9
CLI-000987,56.0,638959.39,Posgrado,web,553.1,3.21,3587173.23
CLI-000988,49.0,3317.26,Pregrado,web,647.0,2.85,15007.53
CLI-000989,35.0,6978168.95,Posgrado,Web,687.4,3.26,40663085.92
CLI-000990,38.0,384925.42,Secundaria,Sucursal,592.3,1.89,1161895.17
CLI-000991,41.0,4219789.13,Secundaria,App Movil,,3.82,25223694.57
CLI-000992,13.0,10334527.86,Posgrado,App Movil,638.3,4.33,49140215.24
CLI-000993,35.0,982872.86,Secundaria,App Movil,591.7,4.14,4409393.41
CLI-000994,30.0,4596645.97,Posgrado,App Movil,804.5,2.26,19781567.95
CLI-000995,26.0,344265.68,Pregrado,App Movil,751.3,2.54,889166.06
CLI-000996,35.0,3888036.33,,App Movil,591.8,3.87,22506820.42
CLI-000997,60.0,,Secundaria,App Movil,735.4,3.16,
CLI-000998,46.0,5592847.19,Secundaria,Sucursal,597.5,3.01,15775703.22
CLI-000999,31.0,1505429.04,Secundaria,Sucursal,711.4,4.26,3873969.62
CLI-001000,45.0,2614439.46,,App Movil,792.2,2.97,7000796.28
CLI-001001,55.0,3842446.02,Secundaria,Web,553.3,2.9,17801611.19
CLI-001002,49.0,789032.94,Pregrado,Sucursal,607.0,1.34,3668256.71
CLI-001003,,5684250.07,Secundaria,Sucursal,608.7,1.43,24151443.61
CLI-001004,30.0,1513906.76,Secundaria,Sucursal,671.2,1.22,5410218.87
CLI-001005,46.0,4560402.7,Secundaria,App Movil,687.9,4.21,19888370.21
CLI-001006,,723708.24,Pregrado,Web,642.9,2.55,3117052.19
CLI-001007,49.0,4893542.96,Pregrado,Sucursal,515.5,2.75,12566395.47
CLI-001008,46.0,576162.54,Primaria,App Movil,551.5,3.99,2010025.01
CLI-001009,51.0,2326822.78,Posgrado,web,579.3,3.21,6250191.97
CLI-001010,32.0,1192647.79,Pregrado,Sucursal,694.8,3.21,6739105.99
CLI-001011,54.0,5795228.82,Pregrado,Web,538.4,2.18,29197991.66
CLI-001012,40.0,1276207.33,Pregrado,App Movil,576.9,3.95,7639891.51
CLI-001013,63.0,8965646.81,Secundaria,Call Center,559.3,1.75,31896179.91
CLI-001014,30.0,9340635.05,Secundaria,App Movil,677.3,1.38,52071242.58
CLI-001015,59.0,918561.25,Pregrado,App Movil,740.5,1.83,4235201.11
CLI-001016,40.0,3996379.31,Secundaria,Sucursal,662.3,2.08,16328961.78
CLI-001017,30.0,385584.08,Secundaria,Sucursal,809.5,2.13,1264332.47
CLI-001018,32.0,2086641.22,Primaria,Web,662.3,3.41,10609261.4
CLI-001019,34.0,5247457.74,Pregrado,App Movil,642.5,1.92,29724185.65
CLI-001020,43.0,,Secundaria,web,587.3,3.43,
CLI-001021,44.0,4116131.7,Pregrado,APP,666.2,1.5,12817083.26
CLI-001022,31.0,1394565.0,Primaria,Sucursal,583.9,1.69,6884656.0
CLI-001023,38.0,1994392.25,,,571.7,2.88,11805617.59
CLI-001024,64.0,456285.39,Secundaria,App Movil,569.4,4.24,2338390.92
CLI-001025,59.0,5331823.66,Pregrado,App Movil,632.1,4.04,18640229.26
CLI-001026,43.0,,Pregrado,App Movil,610.0,4.4,
CLI-001027,38.0,5181233.19,Pregrado,Web,850.0,3.35,19922420.48
CLI-001028,39.0,1202352.61,Secundaria,App Movil,666.8,3.43,6591696.87
CLI-001029,45.0,1647284.86,Pregrado,App Movil,665.4,3.26,8565548.07
CLI-001030,26.0,1708513.76,Secundaria,Call Center,605.8,3.26,7793238.62
CLI-001031,35.0,109534.08,Secundaria,Sucursal,850.0,1.69,379246.08
CLI-001032,18.0,1751838.45,Pregrado,Sucursal,576.1,2.99,10130811.41
CLI-001033,43.0,6829614.98,Pregrado,App Movil,612.1,2.47,32690657.51
CLI-001034,46.0,9558899.76,Pregrado,Web,729.9,2.66,56365660.84
CLI-001035,32.0,3067109.66,Posgrado,App Movil,666.2,2.93,13895263.1
CLI-001036,57.0,2553139.89,Secundaria,Sucursal,548.2,1.62,13721019.69
CLI-001037,23.0,131500.7,Posgrado,Web,652.2,2.39,702985.49
CLI-001038,20.0,,Primaria,App Movil,704.4,1.41,
CLI-001039,41.0,55001.47,Pregrado,App Movil,691.0,4.43,323082.62
CLI-001040,51.0,12162731.24,Pregrado,Sucursal,702.9,1.59,31340866.71
CLI-001041,58.0,2821597.66,Secundaria,Call Center,824.9,2.05,14645469.3
CLI-001042,32.0,1757493.35,Secundaria,Sucursal,,4.14,10333093.93
CLI-001043,51.0,10835580.92,Pregrado,App Movil,713.7,2.79,39941887.71
CLI-001044,38.0,103712.2,Secundaria,App Movil,456.1,1.65,494539.91
CLI-001045,36.0,,Secundaria,Web,799.2,2.47,
CLI-001046,49.0,3343781.02,Primaria,Web,655.2,1.58,17271550.46
CLI-001047,46.0,1039879.92,Pregrado,Web,580.6,1.86,5752223.4
CLI-001048,19.0,2352709.57,Primaria,Web,634.4,1.37,10847534.48
CLI-001049,56.0,4436509.24,Secundaria,Web,703.0,2.65,23760461.93
CLI-001050,55.0,5454809.53,Primaria,Web,732.8,3.86,19599128.0
CLI-001051,30.0,3011.89,Secundaria,Web,,3.13,9939.4
CLI-001052,43.0,11601646.34,Pregrado,Sucursal,698.1,3.2,46491705.63
CLI-001053,44.0,754972.26,Posgrado,,628.9,1.86,3678283.81
CLI-001054,41.0,,Primaria,Call Center,689.3,2.33,
CLI-001055,31.0,1284401.95,Pregrado,Web,666.5,3.99,6269464.76
CLI-001056,30.0,161926.29,Pregrado,App Movil,674.1,1.49,628165.15
CLI-001057,38.0,551492.43,Pregrado,Call Center,625.1,4.03,2914369.17
CLI-001058,52.0,18034842.47,Pregrado,Web,682.3,2.8,47412254.73
CLI-001059,45.0,1590342.16,Secundaria,Call Center,583.9,3.96,7693978.73
CLI-001060,34.0,514533.21,Secundaria,App Movil,665.6,2.25,2456576.13
CLI-001061,47.0,475267.43,Secundaria,web,599.2,2.32,2753354.52
CLI-001062,4.0,5338363.16,Primaria,Call Center,570.5,3.68,26674660.64
CLI-001063,52.0,8097815.13,Pregrado,Sucursal,593.6,3.79,42813607.23
CLI-001064,17.0,1247379.15,Secundaria,Sucursal,633.4,1.96,7067735.78
CLI-001065,34.0,88751.09,Secundaria,Web,607.7,4.41,431568.3
CLI-001066,25.0,1060209.31,Secundaria,Web,681.7,1.48,3727205.82
CLI-001067,22.0,244337.29,Pregrado,App Movil,656.4,1.43,1354656.83
CLI-001068,52.0,458387.16,Pregrado,Web,731.2,3.17,2345348.64
CLI-001069,32.0,2372026.65,Pregrado,Web,643.2,3.59,9453787.2
CLI-001070,42.0,1097286.78,Secundaria,App Movil,664.5,4.37,5472006.89
CLI-001071,37.0,3047345.94,Pregrado,Call Center,799.3,2.54,16872883.47
CLI-001072,,1227875.43,Secundaria,Web,614.9,1.28,7262616.06
CLI-001073,39.0,11854105.5,Primaria,Web,627.2,3.19,69147726.95
CLI-001074,23.0,9928231.27,Secundaria,App Movil,746.3,2.16,36125332.83
CLI-001075,50.0,3513593.4,Pregrado,App Movil,573.5,2.63,13969794.37
CLI-001076,32.0,1837971.77,Pregrado,Web,755.2,2.81,5299567.58
CLI-001077,19.0,2015526.76,Posgrado,APP,631.0,1.41,6785079.37
CLI-001078,,2229264.0,Pregrado,App Movil,583.3,2.8,12458184.42
CLI-001079,56.0,5461712.75,Secundaria,App Movil,722.4,2.61,20552287.13
CLI-001080,48.0,2523450.05,Secundaria,Web,629.9,3.55,11789392.86
CLI-001081,-3.0,8160700.56,Primaria,App Movil,795.9,3.33,39423362.38
CLI-001082,34.0,12113210.04,Pregrado,Call Center,656.5,1.81,63429642.89
CLI-001083,34.0,1719446.56,Pregrado,Web,655.9,1.88,5398718.49
CLI-001084,63.0,3454752.7,,App Movil,603.1,2.03,12322570.75
CLI-001085,,419507.8,Pregrado,Web,638.3,1.79,1707051.57
CLI-001086,43.0,939666.14,Pregrado,APP,628.2,3.37,3549066.12
CLI-001087,50.0,2240801.82,Pregrado,Web,756.5,4.48,13310739.97
CLI-001088,,969894.07,Posgrado,Call Center,673.2,3.35,5259049.64
CLI-001089,35.0,8786417.0,Pregrado,App Movil,706.4,3.2,36717589.99
CLI-001090,36.0,,Pregrado,App Movil,657.9,2.55,
CLI-001091,37.0,2554367.49,Pregrado,Sucursal,617.1,2.23,9494035.58
CLI-001092,38.0,3908693.51,Pregrado,Web,679.7,4.21,20522201.02
CLI-001093,47.0,4944297.7,Secundaria,App Movil,777.3,4.4,16231459.86
CLI-001094,,2028594.51,Primaria,App Movil,566.1,2.84,10555035.19
CLI-001095,47.0,8539920.87,Primaria,Web,683.6,2.16,34993067.98
CLI-001096,37.0,3528288.71,Secundaria,Call Center,769.7,3.74,10148232.02
CLI-001097,39.0,2431547.65,Pregrado,Web,584.8,1.64,8404446.5
CLI-001098,14.0,292353.71,Primaria,Sucursal,723.8,3.73,1142506.95
CLI-001099,49.0,2624614.72,Secundaria,App Movil,723.9,3.9,13444655.02
CLI-001100,42.0,7219358.21,Secundaria,Web,546.5,1.61,19892504.79
CLI-001101,50.0,4003946.08,Pregrado,Sucursal,738.8,4.42,19252632.32
CLI-001102,3.0,7495986.77,Secundaria,App Movil,602.5,4.45,37525267.65
CLI-001103,63.0,2861215.03,Primaria,App Movil,678.7,4.29,13701571.36
CLI-001104,36.0,529564.71,Secundaria,App Movil,731.9,2.84,2733795.06
CLI-001105,51.0,57681.64,Secundaria,Web,746.0,2.01,180173.8
CLI-001106,26.0,1517396.61,Pregrado,Call Center,527.1,3.12,6911531.77
CLI-001107,45.0,,Secundaria,App Movil,793.1,2.59,
CLI-001108,25.0,6559921.84,Pregrado,Web,763.4,1.88,30423244.35
CLI-001109,31.0,1472628.77,Pregrado,Sucursal,734.2,2.6,6832522.15
CLI-001110,61.0,2874868.84,,Web,678.9,3.39,14597257.93
CLI-001111,36.0,2295964.37,Secundaria,Web,615.1,1.43,8417498.58
CLI-001112,41.0,2219780.68,Secundaria,App Movil,563.3,2.3,10991611.75
CLI-001113,48.0,1105095.08,Primaria,Call Center,520.1,1.26,6306576.95
CLI-001114,44.0,615770.91,Secundaria,APP,701.6,3.67,1562909.18
CLI-001115,40.0,919853.73,Pregrado,Sucursal,734.1,3.31,5100952.87
CLI-001116,42.0,239073.01,Primaria,App Movil,643.2,1.41,780612.62
CLI-001117,67.0,927400.76,Secundaria,Sucursal,613.1,4.38,3798384.47
CLI-001118,37.0,38822.65,Posgrado,App Movil,655.6,1.27,212873.03
CLI-001119,40.0,,Pregrado,Web,598.8,3.15,
CLI-001120,51.0,1597454.68,Primaria,APP,651.7,3.76,8980484.73
CLI-001121,51.0,15192628.54,Primaria,Web,594.2,3.8,87987481.86
CLI-001122,52.0,904346.29,Primaria,App Movil,699.0,1.31,3676212.3
CLI-001123,46.0,,Posgrado,Call Center,749.5,4.19,
CLI-001124,24.0,1860262.28,Pregrado,Sucursal,690.7,4.23,7193028.8
CLI-001125,58.0,35647.13,Pregrado,Web,643.6,3.05,132874.98
CLI-001126,24.0,7676102.21,Posgrado,Web,729.1,2.79,30785652.22
CLI-001127,42.0,136573.37,Pregrado,App Movil,651.5,1.35,696628.87
CLI-001128,29.0,11828932.34,Secundaria,App Movil,726.6,3.05,50332611.2
CLI-001129,37.0,9350513.44,Secundaria,App Movil,599.1,2.55,50017849.34
CLI-001130,42.0,3220731.8,Pregrado,App Movil,609.5,3.75,16452350.47
CLI-001131,42.0,3294379.05,Posgrado,,570.9,2.53,8472070.97
CLI-001132,43.0,4454834.45,Secundaria,Web,612.8,3.46,20963709.41
CLI-001133,57.0,2055782.11,Pregrado,App Movil,728.5,1.53,8280688.14
CLI-001134,43.0,4376051.9,Posgrado,App Movil,580.3,1.64,17933942.29
CLI-001135,35.0,,Primaria,Web,465.6,1.66,
CLI-001136,50.0,233364.84,Posgrado,Web,616.8,1.35,1030685.68
CLI-001137,150.0,2566495.66,Secundaria,web,556.1,2.99,14371545.13
CLI-001138,23.0,3350208.61,Secundaria,Call Center,609.6,3.82,16733687.54
CLI-001139,45.0,9188043.99,Secundaria,Web,818.5,3.21,40748424.09
CLI-001140,,464320.3,Pregrado,Call Center,578.9,3.1,2387016.3
CLI-001141,34.0,7264397.32,Pregrado,Web,,3.45,19136032.9
CLI-001142,55.0,990285.47,Secundaria,Sucursal,643.6,2.32,2569585.6
CLI-001143,36.0,2104256.01,Posgrado,Web,679.8,2.39,5874499.15
CLI-001144,40.0,1598849.71,Pregrado,Call Center,609.3,2.24,6445728.45
CLI-001145,-3.0,2146554.67,Pregrado,Web,742.9,3.55,7135309.81
CLI-001146,38.0,685028.56,Secundaria,App Movil,684.1,1.73,4072436.24
CLI-001147,25.0,2941314.36,Posgrado,Sucursal,686.4,1.24,12935946.11
CLI-001148,21.0,95000000.0,Secundaria,Web,657.9,3.17,457753235.57
CLI-001149,57.0,2446758.54,Secundaria,App Movil,750.5,4.31,8504615.77
CLI-001150,28.0,2833103.14,Primaria,Web,694.8,3.21,10273651.26
CLI-001151,26.0,7933537.31,Secundaria,Sucursal,679.7,3.78,29148741.92
CLI-001152,12.0,5142367.44,Posgrado,App Movil,702.2,3.42,25431963.69
CLI-001153,30.0,2831790.98,Secundaria,App Movil,509.2,2.84,11774506.83
CLI-001154,22.0,1251582.96,Secundaria,web,665.0,3.57,5396691.53
CLI-001155,58.0,9081182.75,Pregrado,App Movil,644.9,3.92,41519262.32
CLI-001156,50.0,3613811.59,Pregrado,Web,743.5,1.94,18758720.63
CLI-001157,30.0,,Pregrado,Sucursal,593.9,2.31,
CLI-001158,65.0,1316723.74,Secundaria,Sucursal,666.1,1.94,6872058.48
CLI-001159,50.0,6825954.9,Pregrado,APP,803.9,2.69,30521047.37
CLI-001160,34.0,189628.48,Secundaria,Web,647.9,4.12,918149.63
CLI-001161,8.0,20327596.9,,App Movil,543.6,2.34,74123183.09
CLI-001162,65.0,586598.79,Pregrado,Call Center,823.9,2.44,2307007.36
CLI-001163,21.0,6677879.25,Pregrado,Call Center,592.8,4.04,22097639.13
CLI-001164,18.0,2109053.15,Primaria,Sucursal,566.8,2.9,12501517.98
CLI-001165,50.0,2846337.81,Secundaria,Web,570.0,2.97,12067078.76
CLI-001166,67.0,8927939.01,Primaria,Web,708.2,4.04,53445046.36
CLI-001167,55.0,2236832.54,Secundaria,Web,753.8,2.82,9426573.6
CLI-001168,45.0,3238599.91,Secundaria,web,790.8,3.45,10587402.26
CLI-001169,45.0,212336.75,Pregrado,Web,651.2,1.48,907969.65
CLI-001170,48.0,9870.98,Primaria,App Movil,571.1,1.79,26045.41
CLI-001171,47.0,1179244.48,Pregrado,App Movil,604.4,2.53,6682417.98
CLI-001172,41.0,4793284.07,Primaria,App Movil,652.7,2.83,25715613.75
CLI-001173,39.0,542941.49,Secundaria,App Movil,648.3,4.39,2736626.99
CLI-001174,37.0,507232.72,Pregrado,Sucursal,754.7,4.4,2350716.02
CLI-001175,29.0,2222901.32,Pregrado,App Movil,544.6,4.01,10068453.29
CLI-001176,35.0,4383377.26,Secundaria,Web,560.8,2.24,26250068.41
CLI-001177,18.0,5229188.17,Primaria,App Movil,625.2,4.38,18160923.55
CLI-001178,37.0,825565.86,Pregrado,Call Center,679.5,3.47,4316797.43
CLI-001179,26.0,348322.98,Secundaria,APP,614.6,2.5,1579615.7
CLI-001180,25.0,11844209.75,Secundaria,Sucursal,608.1,3.52,70065392.85
CLI-001181,40.0,1268425.26,Pregrado,Sucursal,743.9,1.25,6846085.79
CLI-001182,55.0,8062666.92,Secundaria,App Movil,687.8,1.68,48334381.19
CLI-001183,49.0,8363745.74,Primaria,Sucursal,571.2,3.94,38131466.68
CLI-001184,19.0,6218958.27,Posgrado,,609.2,3.33,19999571.85
CLI-001185,26.0,776686.14,Pregrado,App Movil,691.3,2.4,3310938.94
CLI-001186,49.0,7244399.2,Primaria,Web,549.1,2.85,36141503.26
CLI-001187,26.0,6158975.88,Pregrado,APP,690.9,4.19,32089873.99
CLI-001188,35.0,3814152.65,Primaria,Sucursal,622.5,3.28,9542189.74
CLI-001189,45.0,1727397.27,Pregrado,App Movil,679.0,2.51,7371831.62
CLI-001190,26.0,1278903.6,Pregrado,,659.6,1.6,4250207.23
CLI-001191,39.0,545926.55,Secundaria,App Movil,560.6,2.17,3036547.97
CLI-001192,22.0,2993987.76,Primaria,App Movil,599.1,4.43,9087259.0
CLI-001193,31.0,3696443.4,Primaria,Sucursal,,2.64,17863420.82
CLI-001194,42.0,1870070.19,Pregrado,Web,839.7,2.76,6416617.87
CLI-001195,,2709172.99,Pregrado,Sucursal,510.2,2.85,10153702.68
CLI-001196,43.0,1897533.02,Primaria,Web,733.4,4.12,10990430.44
CLI-001197,38.0,4302689.01,Secundaria,Web,673.6,3.19,14377729.8
CLI-001198,45.0,9724079.92,Secundaria,App Movil,816.6,3.49,27543550.37
CLI-001199,41.0,751931.42,Secundaria,App Movil,605.3,2.49,2062169.78
CLI-001200,54.0,2017304.77,Secundaria,Web,721.9,1.3,8606130.57
CLI-001201,40.0,,Pregrado,APP,625.8,4.27,
CLI-001202,33.0,4118853.14,Pregrado,App Movil,752.5,4.33,15015393.43
CLI-001203,39.0,5481666.74,,Web,,4.33,26947375.39
CLI-001204,45.0,11285253.22,Posgrado,App Movil,667.0,4.31,30623866.44
CLI-001205,39.0,1373141.8,Pregrado,Call Center,558.9,3.89,7553201.63
CLI-001206,38.0,,Pregrado,App Movil,763.1,3.46,
CLI-001207,30.0,274479.95,,Web,,3.99,1632946.26
CLI-001208,30.0,3880186.46,Primaria,Web,680.2,3.18,22418814.96
CLI-001209,21.0,247084.94,Primaria,App Movil,776.7,1.64,925750.69
CLI-001210,59.0,9417190.22,Primaria,App Movil,559.0,2.49,36703158.4
CLI-001211,23.0,3169388.9,Pregrado,Sucursal,592.7,4.41,16198356.73
CLI-001212,30.0,4648097.48,Pregrado,web,697.5,2.36,13801547.98
CLI-001213,29.0,7481285.09,Secundaria,Web,590.9,4.06,26925530.22
CLI-001214,49.0,684114.62,Pregrado,Call Center,624.7,1.51,1994121.11
CLI-001215,34.0,165294.98,Pregrado,web,,2.3,676404.01
CLI-001216,53.0,8866128.39,Primaria,web,684.6,2.36,39294813.84
CLI-001217,30.0,1588603.66,Secundaria,APP,555.7,1.37,5145585.18
CLI-001218,41.0,579974.16,Primaria,Call Center,682.6,1.59,1503995.32
CLI-001219,28.0,2654312.44,Primaria,App Movil,749.1,1.84,13318664.07
CLI-001220,,3830672.42,Pregrado,App Movil,663.7,3.96,9844897.36
CLI-001221,24.0,132133.39,Pregrado,App Movil,,1.41,780499.93
CLI-001222,42.0,1350046.8,Pregrado,Call Center,608.6,2.19,4422247.59
CLI-001223,46.0,140069.37,Pregrado,App Movil,670.8,1.23,675645.66
CLI-001224,,2290283.52,Pregrado,Web,523.9,3.5,9210675.3
CLI-001225,36.0,9469941.77,Pregrado,Web,700.4,3.25,25652732.36
CLI-001226,36.0,17028067.45,Pregrado,Call Center,678.8,3.33,70711478.68
CLI-001227,39.0,4256630.51,Pregrado,Sucursal,546.8,2.44,18340383.06
CLI-001228,36.0,740480.69,Pregrado,App Movil,771.7,1.89,4066269.17
CLI-001229,50.0,9924010.09,Secundaria,Web,695.7,3.58,50247463.67
CLI-001230,65.0,3049966.65,Pregrado,Sucursal,594.6,3.88,8471461.29
CLI-001231,31.0,701146.5,Secundaria,Web,702.5,1.66,2266154.14
CLI-001232,22.0,10699703.03,Pregrado,App Movil,571.2,2.81,38429127.17
CLI-001233,37.0,5949828.99,Secundaria,App Movil,582.3,2.02,17298692.87
CLI-001234,69.0,5525810.53,Secundaria,APP,571.7,1.75,22651108.27
CLI-001235,28.0,5187223.36,,App Movil,569.4,3.62,30838469.1
CLI-001236,58.0,938987.36,Secundaria,App Movil,685.0,2.98,4038720.57
CLI-001237,58.0,995389.25,Secundaria,Sucursal,657.6,1.91,5073088.5
CLI-001238,31.0,4895904.85,Secundaria,App Movil,709.9,2.22,23942356.79
CLI-001239,45.0,1042045.09,Pregrado,Web,424.4,4.39,5704873.86
CLI-001240,58.0,2425287.2,Pregrado,App Movil,618.7,4.0,7894387.97
CLI-001241,33.0,6397728.08,Pregrado,APP,619.8,4.1,32874034.25
CLI-001242,36.0,6435479.7,Pregrado,App Movil,654.2,2.72,35940502.4
CLI-001243,31.0,2535897.64,Secundaria,Sucursal,652.1,3.26,7862003.84
CLI-001244,26.0,6598749.28,Secundaria,APP,668.2,2.44,24506486.34
CLI-001245,30.0,7660819.22,Secundaria,Call Center,657.1,1.46,45163257.9
CLI-001246,23.0,4466956.52,Pregrado,Sucursal,613.3,2.52,23374500.06
CLI-001247,38.0,1089154.51,Pregrado,Sucursal,618.0,3.16,3800134.05
CLI-001248,29.0,1344930.26,Secundaria,web,645.8,2.15,6016943.88
CLI-001249,41.0,1588039.23,Primaria,APP,690.4,4.0,6217398.18
CLI-001250,19.0,521674.67,Primaria,APP,656.8,1.7,2198795.15
CLI-001251,42.0,1340003.22,Pregrado,Sucursal,587.2,2.41,5015741.49
CLI-001252,48.0,987478.56,Primaria,App Movil,582.9,1.61,3434113.27
CLI-001253,14.0,2551806.08,Primaria,Web,690.8,2.54,12406040.71
CLI-001254,42.0,10041082.81,Secundaria,App Movil,710.6,1.33,52463616.95
CLI-001255,53.0,463474.53,Pregrado,APP,735.7,2.1,2576385.36
CLI-001256,23.0,5350476.62,Pregrado,Call Center,610.7,2.52,16285004.3
CLI-001257,58.0,4882317.99,Secundaria,App Movil,499.8,2.78,26266843.12
CLI-001258,-3.0,422747.02,Pregrado,App Movil,680.5,2.99,1433874.56
CLI-001259,30.0,10745330.55,Pregrado,App Movil,592.7,2.11,42934874.05
CLI-001260,-3.0,3529778.07,,App Movil,641.7,2.93,19961081.71
CLI-001261,45.0,1898926.0,Secundaria,Sucursal,661.9,2.88,7768055.47
CLI-001262,39.0,5933746.57,Pregrado,App Movil,694.3,2.24,18927004.17
CLI-001263,44.0,,Secundaria,Web,721.5,3.94,
CLI-001264,27.0,4966792.4,Secundaria,App Movil,743.6,3.0,20639223.62
CLI-001265,40.0,170189.1,Pregrado,Web,755.5,2.3,879767.62
CLI-001266,21.0,7681331.81,Secundaria,APP,658.3,4.33,46012852.1
CLI-001267,37.0,2496970.5,Secundaria,App Movil,514.9,3.99,13123902.66
CLI-001268,27.0,4252528.71,Secundaria,web,601.2,4.44,23684636.65
CLI-001269,29.0,1050208.19,Secundaria,Web,762.7,3.48,5374349.32
CLI-001270,53.0,4747391.02,Secundaria,Web,661.9,2.45,26746909.5
CLI-001271,51.0,,Secundaria,Sucursal,824.3,2.13,
CLI-001272,45.0,2692029.23,Pregrado,Sucursal,619.7,3.39,15491983.74
CLI-001273,25.0,,Pregrado,App Movil,835.0,4.44,
CLI-001274,34.0,2559502.41,Secundaria,Web,649.9,3.27,14654814.41
CLI-001275,53.0,9429749.83,Pregrado,Web,616.4,4.11,26073870.56
CLI-001276,40.0,2893357.31,Posgrado,Sucursal,593.1,2.29,14476480.31
CLI-001277,66.0,,Primaria,Web,702.8,2.54,
CLI-001278,43.0,6788128.86,Secundaria,App Movil,537.0,4.19,40655380.67
CLI-001279,40.0,2219652.7,Pregrado,Sucursal,606.0,3.7,11522202.62
CLI-001280,34.0,1098192.9,Pregrado,Web,645.8,4.44,4215971.3
CLI-001281,40.0,2188259.81,Primaria,Web,469.4,3.76,9738565.66
CLI-001282,36.0,7349790.2,Secundaria,Web,642.2,2.68,27803729.23
CLI-001283,46.0,1084838.38,Pregrado,,787.6,2.95,3456365.87
CLI-001284,49.0,3121669.06,,App Movil,684.6,4.17,10519269.74
CLI-001285,29.0,6889662.97,Secundaria,web,597.4,3.02,22577679.57
CLI-001286,22.0,1831818.41,,Web,611.8,2.04,8098201.11
CLI-001287,16.0,4316793.78,Secundaria,Sucursal,677.0,2.64,24482964.52
CLI-001288,-3.0,1183872.49,Secundaria,Web,,2.9,6741613.03
CLI-001289,25.0,486043.03,Secundaria,App Movil,687.5,1.52,1308269.01
CLI-001290,12.0,6643333.29,Pregrado,Call Center,606.9,3.65,18466127.45
CLI-001291,43.0,437703.83,Secundaria,Call Center,568.1,1.56,1469773.0
CLI-001292,68.0,1329740.41,Secundaria,Sucursal,744.5,2.54,4511421.04
CLI-001293,,8113461.11,Posgrado,Call Center,706.7,3.86,22978231.49
CLI-001294,48.0,1786536.15,,Web,498.9,2.74,6895353.68
CLI-001295,39.0,15177117.63,Secundaria,App Movil,623.1,3.98,69162715.04
CLI-001296,37.0,16375074.21,Primaria,App Movil,733.4,2.33,74073756.82
CLI-001297,49.0,1311878.04,Pregrado,Call Center,636.7,4.36,5774892.23
CLI-001298,35.0,175734.28,Pregrado,Web,603.6,1.89,647642.63
CLI-001299,41.0,,Primaria,web,629.8,1.33,
CLI-001300,42.0,2518455.46,Posgrado,App Movil,658.9,4.08,13581259.13
CLI-001301,30.0,446028.91,Primaria,Sucursal,635.6,3.68,1655641.44
CLI-001302,50.0,5163348.24,Pregrado,Web,643.4,1.97,14454141.56
CLI-001303,36.0,133018.99,Secundaria,App Movil,638.0,4.45,470508.9
CLI-001304,29.0,8575286.91,Pregrado,Sucursal,572.1,2.86,25561131.96
CLI-001305,44.0,,Secundaria,App Movil,568.0,4.34,
CLI-001306,27.0,571943.55,Pregrado,web,562.8,2.87,1742010.24
CLI-001307,38.0,811385.95,,Sucursal,657.3,2.76,3342874.94
CLI-001308,38.0,13547339.64,Secundaria,App Movil,696.6,2.68,44347353.45
CLI-001309,51.0,4962129.25,Pregrado,Call Center,574.7,2.31,25235200.42
CLI-001310,44.0,,Secundaria,Sucursal,530.0,2.96,
CLI-001311,38.0,2128945.06,Posgrado,Sucursal,,2.69,9455948.06
CLI-001312,48.0,1721765.71,,Web,762.2,1.32,5325781.13
CLI-001313,55.0,1122261.72,Pregrado,App Movil,625.0,2.06,2809550.26
CLI-001314,45.0,2751728.5,Pregrado,Sucursal,632.9,1.9,15250630.54
CLI-001315,38.0,3370835.28,,Call Center,586.2,4.06,16349721.66
CLI-001316,22.0,4196054.9,Secundaria,App Movil,695.7,3.18,11943230.55
CLI-001317,25.0,1248318.71,Secundaria,Web,640.1,3.72,6022205.64
CLI-001318,34.0,12470513.24,Pregrado,App Movil,591.9,4.36,57872729.66
CLI-001319,31.0,781362.35,Secundaria,Web,567.5,3.33,3247926.7
CLI-001320,36.0,14159231.89,Pregrado,Sucursal,680.2,4.44,56175383.96
CLI-001321,39.0,,Pregrado,Sucursal,671.1,2.23,
CLI-001322,44.0,2755593.14,Primaria,App Movil,550.9,1.81,9253331.56
CLI-001323,37.0,1703170.84,Secundaria,Call Center,748.2,2.53,6632292.36
CLI-001324,44.0,2504226.8,Secundaria,App Movil,598.6,2.75,9145195.73
CLI-001325,39.0,3551170.55,Pregrado,Sucursal,472.0,4.15,18463258.71
CLI-001326,14.0,2402285.97,Secundaria,Web,772.3,3.05,13711356.04
CLI-001327,27.0,2250703.02,Primaria,App Movil,641.8,2.16,12320879.37
CLI-001328,36.0,5541779.29,Pregrado,Call Center,684.8,3.65,29326895.15
CLI-001329,23.0,4863467.04,Posgrado,Web,783.8,2.87,28955938.91
CLI-001330,45.0,7523826.37,Posgrado,App Movil,569.8,1.74,37167746.86
CLI-001331,,1208035.01,,App Movil,688.3,3.1,6195634.98
CLI-001332,53.0,3949681.35,Pregrado,Web,744.0,4.21,23460352.39
CLI-001333,35.0,3695774.17,Primaria,Web,575.2,3.98,9329862.7
CLI-001334,56.0,1938801.37,Posgrado,Web,766.9,3.14,9149531.94
CLI-001335,40.0,2795704.67,Secundaria,web,537.3,2.44,14220073.25
CLI-001336,34.0,1581552.53,Pregrado,Sucursal,642.4,1.49,9034452.27
CLI-001337,31.0,642473.33,Pregrado,App Movil,564.0,2.75,3593645.7
CLI-001338,34.0,1010291.54,Pregrado,Sucursal,705.7,3.68,5502918.99
CLI-001339,33.0,468323.65,Secundaria,Web,572.8,2.39,2721086.6
CLI-001340,40.0,4826106.64,Primaria,App Movil,600.6,1.98,21142339.03
CLI-001341,40.0,4539995.65,Pregrado,Web,579.7,4.27,11459949.34
CLI-001342,38.0,12633322.14,Secundaria,Web,553.8,3.91,32072093.58
CLI-001343,43.0,5494200.47,,Call Center,588.6,3.31,24208747.72
CLI-001344,52.0,224486.35,Pregrado,Web,646.4,1.65,903210.24
CLI-001345,49.0,9056379.75,Pregrado,Call Center,642.0,1.68,36944212.35
CLI-001346,20.0,8338705.56,Posgrado,App Movil,632.7,1.54,32532764.13
CLI-001347,7.0,2460214.2,Pregrado,Web,596.7,3.23,14052842.74
CLI-001348,49.0,3702545.97,Secundaria,Sucursal,621.5,1.58,13910821.5
CLI-001349,22.0,15678476.69,Secundaria,App Movil,523.2,3.98,86181361.24
CLI-001350,35.0,3191737.69,Pregrado,App Movil,594.1,4.48,18065320.79
CLI-001351,24.0,9900541.58,Posgrado,Web,632.3,2.41,42060037.1
CLI-001352,16.0,364098.31,Pregrado,Web,673.5,2.7,1479798.62
CLI-001353,44.0,890486.01,,APP,663.8,3.55,4598088.73
CLI-001354,47.0,2440903.58,Primaria,App Movil,551.8,4.29,12150574.61
CLI-001355,31.0,3691341.89,Secundaria,Web,684.2,4.15,13472928.76
CLI-001356,7.0,7115046.18,Primaria,Call Center,659.8,1.39,20341336.73
CLI-001357,31.0,18668721.31,Pregrado,Web,765.2,1.76,63977398.04
CLI-001358,43.0,2068144.26,Primaria,Web,530.4,3.69,6118811.13
CLI-001359,20.0,204021.74,Primaria,Web,639.1,3.47,720515.62
CLI-001360,40.0,6784313.14,Pregrado,App Movil,732.5,1.64,23177761.06
CLI-001361,38.0,3894672.36,Secundaria,Web,626.3,2.86,18429550.6
CLI-001362,45.0,,Pregrado,App Movil,576.9,3.78,
CLI-001363,39.0,2868000.31,Secundaria,Call Center,584.7,1.92,14053497.1
CLI-001364,26.0,5695195.46,Secundaria,Web,712.8,4.08,32709061.91
CLI-001365,52.0,6180165.4,Secundaria,App Movil,526.2,1.37,32411648.19
CLI-001366,36.0,2908014.04,Posgrado,App Movil,623.3,3.78,14678409.31
CLI-001367,38.0,1529439.06,Secundaria,App Movil,579.9,3.23,6040086.42
CLI-001368,27.0,15287188.31,Secundaria,web,585.9,2.24,55596152.32
CLI-001369,33.0,,Secundaria,App Movil,685.3,3.58,
CLI-001370,27.0,,Secundaria,Web,618.4,3.78,
CLI-001371,36.0,1382420.09,Posgrado,App Movil,,4.28,5642470.26
CLI-001372,,5516392.6,Primaria,Web,550.6,2.41,13965966.13
CLI-001373,22.0,1164718.53,Posgrado,Sucursal,716.4,3.46,6142560.96
CLI-001374,19.0,791246.11,Secundaria,Web,667.0,3.19,2767573.91
CLI-001375,56.0,3169610.72,Posgrado,Web,749.0,2.93,8033719.19
CLI-001376,35.0,1438384.72,Pregrado,App Movil,617.4,4.14,7648553.15
CLI-001377,30.0,4163449.81,Pregrado,Web,686.0,1.21,17948422.55
CLI-001378,50.0,527073.52,Pregrado,App Movil,712.7,2.13,2581731.34
CLI-001379,31.0,4468968.69,Secundaria,Web,684.4,2.98,25479442.33
CLI-001380,60.0,1398990.98,Pregrado,APP,785.8,1.79,6147318.02
CLI-001381,46.0,1020.45,Secundaria,Web,516.9,4.2,4348.32
CLI-001382,32.0,570135.22,Secundaria,web,664.0,3.34,2005346.54
CLI-001383,64.0,11391617.34,Pregrado,App Movil,617.5,2.78,40647323.17
CLI-001384,31.0,8484319.92,Secundaria,Sucursal,611.8,3.89,44864211.81
CLI-001385,47.0,1117463.92,Pregrado,Web,769.5,2.69,4549868.73
CLI-001386,42.0,6328369.1,Secundaria,Sucursal,600.4,3.04,19442912.47
CLI-001387,54.0,3939401.13,Pregrado,App Movil,718.2,1.21,11151856.34
CLI-001388,57.0,14856151.9,Posgrado,App Movil,565.7,2.41,61730585.57
CLI-001389,38.0,1964655.71,Pregrado,Sucursal,731.6,1.66,8108807.17
CLI-001390,29.0,4804838.41,Pregrado,App Movil,648.2,3.48,23001261.05
CLI-001391,44.0,275704.39,Pregrado,App Movil,627.4,2.78,1143824.78
CLI-001392,30.0,2119280.85,Posgrado,Web,527.1,2.2,6362430.72
CLI-001393,62.0,13940573.46,Secundaria,Web,627.5,2.74,59628155.62
CLI-001394,40.0,3252126.15,Pregrado,App Movil,595.1,1.89,18451792.74
CLI-001395,34.0,1425934.21,Secundaria,Web,789.8,4.25,4360570.9
CLI-001396,40.0,538193.59,Primaria,Web,654.1,1.38,2644759.32
CLI-001397,22.0,5106375.32,Primaria,Web,602.3,4.06,23379577.33
CLI-001398,26.0,4347974.65,Secundaria,Web,598.9,2.89,22261847.8
CLI-001399,52.0,1966889.45,Pregrado,App Movil,541.2,3.24,5953972.94
CLI-001400,30.0,12661902.94,Posgrado,App Movil,771.8,2.2,73383561.19
CLI-001401,25.0,94302.62,Pregrado,web,750.5,4.39,440712.21
CLI-001402,44.0,1520437.52,Pregrado,App Movil,644.6,2.13,8308809.39
CLI-001403,52.0,10664587.03,Primaria,web,824.3,3.14,35866325.1
CLI-001404,47.0,1625564.1,Secundaria,Sucursal,649.0,4.48,8270780.92
CLI-001405,50.0,1220899.56,Secundaria,web,737.7,4.11,6389709.05
CLI-001406,29.0,,Pregrado,Call Center,695.3,2.97,
CLI-001407,21.0,7291811.09,Primaria,Sucursal,604.0,4.47,28028533.89
CLI-001408,56.0,457224.78,Pregrado,App Movil,664.6,3.51,2195724.58
CLI-001409,34.0,12033283.1,Posgrado,Web,679.8,1.89,34017211.52
CLI-001410,35.0,,Pregrado,Web,545.7,2.54,
CLI-001411,54.0,839902.58,Pregrado,APP,673.0,2.3,2225828.9
CLI-001412,45.0,5228254.26,Pregrado,APP,741.3,2.34,16558226.59
CLI-001413,43.0,2041476.76,Secundaria,Sucursal,594.7,3.71,9849111.06
CLI-001414,64.0,2161561.16,Primaria,Call Center,633.2,3.13,6147767.07
CLI-001415,30.0,6422621.74,Pregrado,web,561.2,1.33,37902763.86
CLI-001416,49.0,13822360.5,Pregrado,App Movil,611.4,4.1,76567400.37
CLI-001417,39.0,568787.57,Pregrado,Sucursal,617.6,2.18,2668784.36
CLI-001418,41.0,2292420.4,Secundaria,App Movil,776.3,4.49,12302735.07
CLI-001419,56.0,2754103.35,Pregrado,App Movil,624.6,4.35,15440963.52
CLI-001420,44.0,1982839.92,Primaria,Web,607.6,4.3,6757845.17
CLI-001421,44.0,1895386.77,Primaria,App Movil,642.5,3.88,10373339.13
CLI-001422,51.0,225473.73,Secundaria,Sucursal,513.4,1.93,717407.41
CLI-001423,34.0,4858954.84,Secundaria,App Movil,461.3,2.96,19176826.98
CLI-001424,28.0,2406941.34,Primaria,Call Center,,1.94,10720297.0
CLI-001425,25.0,909958.93,Primaria,App Movil,675.9,2.06,4548537.42
CLI-001426,14.0,7110606.79,Pregrado,Web,649.8,3.22,18526647.68
CLI-001427,63.0,6813762.18,Pregrado,Call Center,719.5,1.33,23962522.62
CLI-001428,25.0,,Pregrado,Sucursal,528.4,4.4,
CLI-001429,35.0,1488749.0,Secundaria,Web,,4.23,5583985.42
CLI-001430,35.0,,,App Movil,522.7,2.46,
CLI-001431,42.0,1427542.47,Primaria,App Movil,671.4,2.9,6824770.15
CLI-001432,,1130631.05,Secundaria,web,539.8,2.74,3754153.09
CLI-001433,48.0,5507213.31,Pregrado,Sucursal,630.5,4.11,16580850.34
CLI-001434,31.0,172875.54,Primaria,Web,666.5,3.47,812802.79
CLI-001435,36.0,418171.05,Pregrado,App Movil,618.7,2.12,1704731.01
CLI-001436,41.0,28607.54,Pregrado,Call Center,469.0,2.67,88435.91
CLI-001437,35.0,697147.54,,Sucursal,783.0,2.62,2539227.26
CLI-001438,57.0,300238.13,Posgrado,Call Center,610.2,4.37,1069046.99
CLI-001439,44.0,22987585.61,Posgrado,Web,521.2,1.78,66168889.42
CLI-001440,47.0,1431425.58,Primaria,Call Center,,1.5,6318572.41
CLI-001441,46.0,678964.18,Posgrado,Sucursal,713.9,4.11,3512125.69
CLI-001442,52.0,1158144.0,Primaria,Sucursal,625.8,4.16,5228017.34
CLI-001443,40.0,11553511.95,Pregrado,App Movil,772.9,4.08,62296764.93
CLI-001444,22.0,3084072.72,Pregrado,Call Center,590.7,2.89,9087189.17
CLI-001445,43.0,1906144.21,Secundaria,Sucursal,,3.38,7671547.1
CLI-001446,30.0,8679952.25,Pregrado,Call Center,690.9,3.06,40213809.63
CLI-001447,32.0,2110545.11,Primaria,App Movil,771.1,1.43,10269924.04
CLI-001448,45.0,1713520.73,Secundaria,Web,494.5,3.17,8456656.73
CLI-001449,53.0,975611.24,Posgrado,App Movil,833.3,1.24,4928182.12
CLI-001450,38.0,1992852.08,Secundaria,App Movil,743.9,2.27,9525841.6
CLI-001451,42.0,1599353.21,Primaria,App Movil,686.0,4.28,4525847.01
CLI-001452,58.0,4750386.69,Secundaria,App Movil,586.0,2.2,23436364.65
CLI-001453,41.0,1435991.52,Posgrado,App Movil,579.3,4.3,7232714.92
CLI-001454,69.0,3615592.79,Primaria,Call Center,673.0,2.03,21611048.08
CLI-001455,45.0,286286.25,Secundaria,Web,689.5,2.24,1410466.09
CLI-001456,17.0,891718.17,Posgrado,App Movil,679.2,3.27,4372902.43
CLI-001457,47.0,2197627.07,Primaria,Call Center,662.8,3.71,9453854.35
CLI-001458,43.0,11608024.61,Secundaria,App Movil,684.6,2.85,64282108.21
CLI-001459,53.0,1989175.92,Pregrado,App Movil,475.2,4.11,11913018.77
CLI-001460,,4581631.92,Pregrado,App Movil,628.7,1.33,23946618.76
CLI-001461,36.0,1236850.21,Pregrado,App Movil,539.3,4.24,5743624.8
CLI-001462,23.0,570604.37,Primaria,Web,646.8,1.85,1584192.82
CLI-001463,35.0,253343.18,Posgrado,App Movil,754.5,4.12,1277758.36
CLI-001464,28.0,1530642.0,Posgrado,,577.3,2.52,7622544.34
CLI-001465,31.0,,Secundaria,App Movil,593.3,3.95,
CLI-001466,45.0,802927.25,Primaria,Web,582.0,3.42,2357349.33
CLI-001467,58.0,6007197.65,,Sucursal,592.7,1.78,28762845.31
CLI-001468,43.0,67052.3,Secundaria,App Movil,694.3,4.23,237032.14
CLI-001469,24.0,3427266.82,Pregrado,Web,713.0,2.01,17687950.47
CLI-001470,43.0,,Pregrado,Call Center,767.5,2.01,
CLI-001471,52.0,2966601.72,Pregrado,Web,569.6,3.89,14518327.42
CLI-001472,31.0,3475221.48,Pregrado,web,704.7,1.55,12276134.09
CLI-001473,36.0,1579016.66,Secundaria,App Movil,718.0,1.93,3997249.13
CLI-001474,38.0,1468789.98,Secundaria,Sucursal,782.3,2.86,6927919.09
CLI-001475,29.0,5552453.79,Posgrado,App Movil,575.6,3.94,16082359.2
CLI-001476,46.0,8610387.99,Pregrado,Web,489.7,1.69,41394613.8
CLI-001477,37.0,95000000.0,Pregrado,Sucursal,627.8,3.01,545265141.58
CLI-001478,43.0,431416.39,,APP,850.0,3.55,2542061.01
CLI-001479,27.0,9579286.79,Pregrado,Sucursal,562.4,4.04,31858129.17
CLI-001480,33.0,1808612.84,Secundaria,Sucursal,689.0,4.29,9644222.32
CLI-001481,47.0,3366046.0,Pregrado,,472.7,3.79,12580383.08
CLI-001482,34.0,1871408.79,Secundaria,Web,795.2,3.35,10576453.46
CLI-001483,59.0,564684.83,Primaria,Web,499.7,2.63,2968104.02
CLI-001484,33.0,3737871.11,Secundaria,Web,458.7,1.57,10311762.25
CLI-001485,41.0,3127895.61,Pregrado,Sucursal,657.9,3.54,12276926.08
CLI-001486,49.0,952948.58,,Call Center,659.5,4.48,3507434.35
CLI-001487,21.0,2525212.41,Secundaria,Sucursal,763.5,3.63,13252652.03
CLI-001488,17.0,6696021.08,Secundaria,web,718.0,1.26,26355538.89
CLI-001489,20.0,3749079.33,Pregrado,Sucursal,490.0,2.84,18355715.06
CLI-001490,53.0,428152.94,Pregrado,App Movil,637.9,3.23,1973152.84
CLI-001491,31.0,3335306.77,Pregrado,Web,594.2,3.48,19727457.41
CLI-001492,69.0,5095198.0,Pregrado,web,543.2,3.58,29461695.13
CLI-001493,31.0,6609139.69,Pregrado,Web,684.7,3.04,26416389.66
CLI-001494,40.0,4165854.8,Secundaria,App Movil,733.4,1.94,20964763.18
CLI-001495,57.0,695734.54,Secundaria,App Movil,585.6,4.31,3759130.48
CLI-001496,,5201582.42,Secundaria,Web,623.4,3.5,29368655.22
CLI-001497,63.0,4750879.83,Posgrado,Sucursal,628.7,1.98,13010141.52
CLI-001498,53.0,103866.71,Primaria,Web,597.1,2.26,369482.53
CLI-001499,50.0,2228517.0,Pregrado,web,615.8,4.24,8069025.82
CLI-001500,45.0,1700540.7,Secundaria,App Movil,597.1,4.13,6837127.33
CLI-001501,47.0,4648906.86,Secundaria,Sucursal,660.0,2.54,14376403.36
CLI-001502,31.0,1022781.92,Secundaria,Sucursal,603.1,1.33,4333241.21
CLI-001503,28.0,3753653.51,Secundaria,Sucursal,684.2,1.36,18097302.53
CLI-001504,38.0,10265712.85,Secundaria,web,602.8,2.14,43534565.28
CLI-001505,36.0,6713740.76,Pregrado,Web,701.7,3.28,32429219.74
CLI-001506,33.0,10685297.31,Secundaria,Web,601.1,3.13,29198063.34
CLI-001507,46.0,16127915.64,Pregrado,Web,698.5,3.29,89767263.36
CLI-001508,49.0,45055.34,Secundaria,Call Center,582.1,3.57,260723.64
CLI-001509,39.0,4094261.04,Pregrado,APP,720.8,1.26,19090212.63
CLI-001510,56.0,2236318.97,Pregrado,App Movil,507.8,1.55,12489547.36
CLI-001511,24.0,8253310.97,,Sucursal,649.5,2.39,24430304.4
CLI-001512,36.0,1218439.35,Secundaria,Web,604.6,1.71,6446849.38
CLI-001513,29.0,16652452.17,Secundaria,Web,646.3,1.45,48575514.0
CLI-001514,16.0,3994878.89,Posgrado,Sucursal,555.1,3.32,15692027.34
CLI-001515,37.0,6626071.23,Secundaria,Web,634.4,3.89,24074934.44
CLI-001516,37.0,375844.05,Pregrado,App Movil,561.3,3.68,1709929.34
CLI-001517,56.0,851242.51,Secundaria,Sucursal,630.9,3.9,3026423.24
CLI-001518,46.0,,Pregrado,Sucursal,623.5,3.4,
CLI-001519,,93373.68,Secundaria,App Movil,676.4,3.63,353499.26
CLI-001520,60.0,7129930.94,Posgrado,Sucursal,655.3,2.1,39305643.25
CLI-001521,53.0,58998.33,Pregrado,App Movil,800.3,4.48,278389.13
CLI-001522,45.0,4495559.72,Secundaria,Web,609.2,1.8,14626501.54
CLI-001523,35.0,1907968.43,Primaria,Sucursal,639.4,1.91,7014556.21
CLI-001524,26.0,3970885.21,Secundaria,Web,850.0,2.15,21704751.77
CLI-001525,34.0,5001489.76,Pregrado,Web,632.1,4.42,19269135.19
CLI-001526,51.0,1760945.87,Secundaria,App Movil,726.3,4.46,7704660.71
CLI-001527,61.0,479837.6,Secundaria,Call Center,696.1,3.82,2289447.59
CLI-001528,57.0,303197.91,Pregrado,Web,836.8,3.28,1127087.83
CLI-001529,32.0,3733826.94,Secundaria,Web,535.5,2.92,13176396.01
CLI-001530,25.0,3088408.8,Secundaria,Web,526.4,4.4,12858256.98
CLI-001531,40.0,5693415.43,Secundaria,App Movil,560.6,3.5,18515461.82
CLI-001532,17.0,2993803.08,Pregrado,App Movil,663.8,4.32,10462554.56
CLI-001533,42.0,2305602.48,,Web,569.7,2.24,6264955.27
CLI-001534,36.0,2132099.17,Secundaria,Call Center,479.3,2.3,7598579.63
CLI-001535,32.0,112572.23,Pregrado,Sucursal,576.1,4.02,407788.89
CLI-001536,19.0,,Primaria,Sucursal,679.5,1.69,
CLI-001537,44.0,15668275.13,Secundaria,App Movil,577.7,4.32,71510805.04
CLI-001538,32.0,8685400.1,Pregrado,App Movil,741.4,2.87,45649060.14
CLI-001539,24.0,1678108.9,Secundaria,App Movil,560.0,4.26,4461790.15
CLI-001540,4.0,3722188.95,Pregrado,App Movil,651.1,2.31,10693396.34
CLI-001541,38.0,7892886.77,Posgrado,Web,618.7,3.56,42233884.93
CLI-001542,59.0,2444806.1,Posgrado,Sucursal,665.1,2.79,11447617.35
CLI-001543,58.0,76108.46,Primaria,App Movil,673.1,3.27,241144.87
CLI-001544,33.0,325216.29,Secundaria,Web,776.8,2.86,1273801.94
CLI-001545,31.0,2999437.06,,Web,705.2,4.39,13153592.56
CLI-001546,44.0,14649780.12,Secundaria,Web,616.3,3.48,79879895.06
CLI-001547,26.0,4962679.31,Pregrado,web,699.0,2.03,13456016.97
CLI-001548,42.0,308936.59,Secundaria,Web,710.0,4.2,1417564.2
CLI-001549,47.0,881715.66,Secundaria,Call Center,813.6,2.17,4417065.45
CLI-001550,53.0,6196870.59,Secundaria,App Movil,637.4,2.43,36701719.01
CLI-001551,37.0,7734806.92,Posgrado,Call Center,643.4,1.54,41188313.06
CLI-001552,36.0,4038449.0,Posgrado,App Movil,755.0,4.17,14000477.21
CLI-001553,27.0,,Secundaria,web,490.1,2.14,
CLI-001554,28.0,120736.17,Pregrado,Web,633.6,2.05,624383.79
CLI-001555,35.0,7406063.57,Secundaria,App Movil,705.5,4.24,37430795.18
CLI-001556,42.0,6520365.6,Primaria,Web,733.8,3.86,35017651.09
CLI-001557,49.0,1259168.75,Pregrado,App Movil,473.3,1.67,7130741.78
CLI-001558,28.0,5179951.14,Pregrado,App Movil,542.9,3.74,14734394.54
CLI-001559,56.0,1015922.73,Secundaria,Sucursal,450.6,4.21,2912318.77
CLI-001560,35.0,172897.08,Secundaria,App Movil,719.8,1.46,914176.01
CLI-001561,38.0,943174.01,,Web,666.4,3.92,3191044.09
CLI-001562,29.0,826476.98,Posgrado,Sucursal,763.5,3.01,2235533.43
CLI-001563,,1730858.33,Pregrado,App Movil,652.3,3.41,6757793.87
CLI-001564,49.0,2276641.34,Primaria,Web,829.3,2.83,12224583.2
CLI-001565,47.0,2983564.38,Pregrado,web,574.6,3.5,8780563.09
CLI-001566,35.0,2720353.96,Secundaria,APP,620.6,1.31,13197652.79
CLI-001567,39.0,1325668.22,,Call Center,683.0,3.72,3330947.57
CLI-001568,44.0,124339.29,Primaria,Call Center,593.0,1.31,358604.59
CLI-001569,19.0,3902332.64,Secundaria,Web,683.4,2.7,14547803.25
CLI-001570,32.0,2115786.55,Secundaria,,641.1,1.7,5908562.41
CLI-001571,48.0,1490075.26,Pregrado,App Movil,636.5,3.92,8136788.16
CLI-001572,23.0,8471244.44,Pregrado,Web,640.0,2.24,46797244.66
CLI-001573,42.0,5768077.19,Secundaria,Call Center,706.4,2.7,29673858.46
CLI-001574,22.0,8191169.76,Pregrado,Web,,2.61,27429595.78
CLI-001575,44.0,2869283.68,Pregrado,App Movil,560.4,3.75,12427914.23
CLI-001576,,589398.79,Primaria,Web,655.4,2.79,1853458.7
CLI-001577,19.0,5004116.26,Pregrado,App Movil,599.3,3.8,17436715.88
CLI-001578,52.0,969211.92,Posgrado,App Movil,570.1,1.44,4173444.48
CLI-001579,29.0,2444470.34,Primaria,App Movil,511.5,1.83,12399693.94
CLI-001580,28.0,282280.29,Primaria,Web,724.5,3.02,799217.46
CLI-001581,40.0,7327879.27,Secundaria,App Movil,703.0,4.33,25929249.71
CLI-001582,52.0,565349.35,Primaria,App Movil,762.6,1.45,3246900.09
CLI-001583,26.0,9803010.14,Secundaria,Web,650.2,1.34,39230976.17
CLI-001584,39.0,8386549.24,Pregrado,web,736.3,1.72,48524941.73
CLI-001585,43.0,2623777.62,Pregrado,App Movil,574.5,3.32,15663694.99
CLI-001586,46.0,5728872.11,Secundaria,Call Center,497.4,2.52,24882264.04
CLI-001587,,4057723.99,Pregrado,Web,589.9,3.92,14235120.79
CLI-001588,34.0,6824729.5,Pregrado,App Movil,,1.44,35950756.1
CLI-001589,28.0,2374221.3,Posgrado,Web,678.8,1.85,7259389.55
CLI-001590,39.0,6471715.87,Primaria,App Movil,752.5,2.19,21888404.49
CLI-001591,25.0,2607133.96,Pregrado,Web,675.8,3.27,13679839.63
CLI-001592,3.0,11884480.17,Posgrado,App Movil,830.6,3.46,47748997.8
CLI-001593,43.0,2798276.07,Pregrado,App Movil,659.6,1.61,8969545.93
CLI-001594,49.0,2608403.47,Secundaria,Web,658.1,4.31,12465403.96
CLI-001595,10.0,6457296.5,Secundaria,Sucursal,677.1,2.33,32704053.36
CLI-001596,26.0,7239128.49,Posgrado,APP,680.3,3.55,21266744.93
CLI-001597,45.0,3395841.11,Secundaria,Web,679.2,2.93,11781636.11
CLI-001598,63.0,832458.48,Posgrado,Sucursal,551.4,1.94,2725859.19
CLI-001599,38.0,2648761.25,Pregrado,Sucursal,718.2,3.99,10143407.9
CLI-001600,29.0,14466008.18,Secundaria,App Movil,850.0,3.9,74819020.82
CLI-001601,36.0,5872906.39,Pregrado,Call Center,579.4,2.51,29352659.04
CLI-001602,54.0,7000849.68,Primaria,APP,646.7,3.14,33735930.27
CLI-001603,30.0,140180.64,Secundaria,App Movil,540.2,2.05,353535.49
CLI-001604,28.0,2649560.16,Pregrado,Sucursal,710.2,3.48,7942060.81
CLI-001605,-3.0,4368900.99,Pregrado,Sucursal,710.1,2.22,14336729.57
CLI-001606,27.0,7443026.29,Secundaria,App Movil,529.7,3.99,25692176.52
CLI-001607,39.0,212221.85,Pregrado,App Movil,545.0,1.92,639316.82
CLI-001608,57.0,,Secundaria,web,483.5,1.25,
CLI-001609,42.0,3338834.19,Secundaria,Sucursal,775.6,2.09,9225639.75
CLI-001610,35.0,923124.88,Secundaria,Web,582.9,1.83,4731086.71
CLI-001611,34.0,95000000.0,Secundaria,Web,639.3,2.88,499417161.78
CLI-001612,19.0,1390987.91,,web,620.7,1.87,6273262.85
CLI-001613,49.0,3178778.35,Pregrado,Web,729.1,3.72,8944977.6
CLI-001614,37.0,222890.94,Pregrado,Sucursal,702.8,2.0,1251597.51
CLI-001615,36.0,724971.39,Pregrado,Web,698.5,3.53,4262632.7
CLI-001616,76.0,7035027.42,Secundaria,Web,585.0,3.11,22570284.73
CLI-001617,42.0,597490.52,Secundaria,Web,704.5,4.45,2967280.94
CLI-001618,29.0,1116298.09,Pregrado,App Movil,724.3,4.5,6080235.92
CLI-001619,33.0,2536733.77,Posgrado,Web,702.1,4.07,11134871.95
CLI-001620,52.0,3057553.56,Pregrado,App Movil,546.9,3.71,11103905.83
CLI-001621,39.0,6057552.16,Secundaria,Sucursal,559.6,2.48,25290010.72
CLI-001622,,2490594.08,Secundaria,App Movil,789.0,3.69,10691972.51
CLI-001623,49.0,6552013.84,Primaria,Sucursal,805.5,4.36,25567462.7
CLI-001624,30.0,95000000.0,Primaria,App Movil,644.4,1.28,546672629.13
CLI-001625,60.0,504095.54,Secundaria,App Movil,644.3,2.98,2572697.4
CLI-001626,51.0,713981.36,Pregrado,App Movil,662.6,1.92,2387950.46
CLI-001627,33.0,2413049.33,Secundaria,App Movil,696.3,3.04,10978047.65
CLI-001628,53.0,2123749.62,Pregrado,APP,534.6,2.74,10428485.68
CLI-001629,39.0,5715356.73,Pregrado,Sucursal,668.4,3.1,17092045.64
CLI-001630,48.0,3650880.26,Secundaria,App Movil,567.5,3.02,13707193.79
CLI-001631,,2063209.99,Pregrado,Sucursal,648.4,4.37,11697201.89
CLI-001632,28.0,786433.21,Secundaria,App Movil,579.3,3.02,3527236.19
CLI-001633,30.0,1080515.18,Pregrado,Web,598.1,3.99,3521930.71
CLI-001634,50.0,3598751.82,Pregrado,App Movil,664.5,2.26,10543431.6
CLI-001635,34.0,2312829.94,Pregrado,Sucursal,600.6,2.65,9977072.21
CLI-001636,33.0,3038519.12,Posgrado,App Movil,562.1,2.75,13420835.19
CLI-001637,27.0,786013.61,Primaria,Call Center,766.3,2.12,2885024.11
CLI-001638,43.0,4567055.66,Pregrado,App Movil,563.2,2.45,21494646.97
CLI-001639,,8039597.11,Pregrado,App Movil,465.2,3.18,22031682.99
CLI-001640,25.0,1252962.95,Pregrado,,695.5,3.11,3768898.68
CLI-001641,38.0,2840535.77,Pregrado,App Movil,626.8,3.3,12532325.58
CLI-001642,55.0,15582832.67,Pregrado,Call Center,647.7,2.36,42328504.32
CLI-001643,37.0,1702376.46,Pregrado,Call Center,662.7,2.24,9504675.36
CLI-001644,43.0,3796727.13,Secundaria,web,751.7,3.22,11380736.26
CLI-001645,25.0,397008.18,Secundaria,Web,799.1,1.64,1928951.41
CLI-001646,43.0,3912058.28,Pregrado,Web,670.3,2.04,15136583.02
CLI-001647,36.0,394405.69,Pregrado,Sucursal,555.9,1.34,1537889.19
CLI-001648,50.0,13439756.77,,App Movil,661.7,1.44,69579144.2
CLI-001649,52.0,5281894.38,Secundaria,App Movil,697.1,2.0,22438107.79
CLI-001650,69.0,6518076.63,Secundaria,Web,730.3,1.26,32849764.29
CLI-001651,45.0,5114543.52,Pregrado,Web,661.0,2.01,21829737.64
CLI-001652,42.0,3741937.29,Posgrado,App Movil,605.2,3.36,17119994.35
CLI-001653,40.0,2510249.42,Posgrado,Web,577.5,1.4,12959165.64
CLI-001654,34.0,,Secundaria,Web,640.7,2.64,
CLI-001655,42.0,13199511.2,Primaria,Web,529.9,4.21,61439142.86
CLI-001656,34.0,2903129.8,Secundaria,Web,681.6,3.81,15277048.7
CLI-001657,40.0,11262019.99,Secundaria,Sucursal,664.2,2.21,65565271.4
CLI-001658,54.0,3676964.43,,Sucursal,663.8,4.25,14040512.72
CLI-001659,26.0,95000000.0,Secundaria,Web,707.4,2.29,429391454.78
CLI-001660,52.0,,Secundaria,Web,766.1,1.44,
CLI-001661,54.0,986248.92,Secundaria,App Movil,644.4,4.48,3704167.09
CLI-001662,37.0,15651.7,Secundaria,App Movil,,4.07,61701.7
CLI-001663,13.0,1160966.9,Pregrado,Call Center,620.4,2.74,6296307.32
CLI-001664,31.0,2993697.38,Primaria,Sucursal,694.1,3.4,12863538.66
CLI-001665,54.0,2007479.08,Secundaria,Call Center,649.4,3.42,10155299.28
CLI-001666,38.0,2499363.95,,App Movil,742.4,1.84,6414682.31
CLI-001667,26.0,16568877.58,Secundaria,App Movil,740.7,1.86,68358621.58
CLI-001668,32.0,1811048.55,Pregrado,Sucursal,675.3,2.75,10240776.55
CLI-001669,48.0,2527618.29,Secundaria,Web,643.6,4.21,8303475.51
CLI-001670,45.0,601906.69,Pregrado,Web,628.1,1.23,1571173.67
CLI-001671,35.0,206412.56,Primaria,Web,688.4,3.78,829144.92
CLI-001672,34.0,6272601.72,Secundaria,App Movil,688.6,1.39,31146675.17
CLI-001673,33.0,3551352.47,Pregrado,Web,628.1,2.78,14527241.52
CLI-001674,27.0,6006240.95,Secundaria,Web,673.1,3.3,24685194.41
CLI-001675,57.0,681901.62,Pregrado,Sucursal,588.1,3.47,3303348.05
CLI-001676,34.0,3562574.8,Secundaria,,686.1,1.39,12078414.05
CLI-001677,53.0,1228712.25,Pregrado,Web,594.8,2.58,6305277.32
CLI-001678,56.0,1087173.38,Posgrado,App Movil,711.8,3.13,3300546.79
CLI-001679,50.0,48690.4,Primaria,Web,624.7,1.42,189168.39
CLI-001680,33.0,586545.88,Secundaria,web,783.9,1.65,2813090.69
CLI-001681,43.0,1554014.85,Pregrado,Web,653.1,3.39,8390579.21
CLI-001682,38.0,522029.69,Pregrado,Call Center,669.0,2.92,2751283.74
CLI-001683,27.0,,Primaria,Web,538.1,1.73,
CLI-001684,42.0,1550152.69,Secundaria,Call Center,762.5,2.97,5823671.51
CLI-001685,24.0,586464.85,Secundaria,Web,647.0,4.21,1717207.26
CLI-001686,52.0,932387.82,Secundaria,Web,789.2,1.25,3038577.09
CLI-001687,32.0,,Posgrado,Web,653.9,3.32,
CLI-001688,40.0,277982.47,Pregrado,Web,632.9,1.44,1529087.0
CLI-001689,150.0,8331340.18,Pregrado,Call Center,609.1,1.22,48575570.53
CLI-001690,35.0,13679772.57,Secundaria,Sucursal,701.4,1.7,37837707.59
CLI-001691,45.0,1190089.64,Primaria,App Movil,691.7,2.6,5211202.36
CLI-001692,32.0,2511642.97,Posgrado,APP,543.3,3.85,11981518.16
CLI-001693,48.0,94008.99,Primaria,App Movil,604.5,2.13,468851.11
CLI-001694,22.0,4299229.38,Secundaria,APP,707.8,3.26,20436478.53
CLI-001695,40.0,2244099.13,Secundaria,Web,598.4,2.56,11658184.44
CLI-001696,150.0,1322121.52,Pregrado,web,584.6,1.97,4968731.67
CLI-001697,26.0,,Secundaria,Web,,2.9,
CLI-001698,30.0,,Secundaria,App Movil,657.0,3.83,
CLI-001699,44.0,,Posgrado,App Movil,612.9,3.95,
CLI-001700,,831749.2,Pregrado,App Movil,791.4,3.99,3099202.78
CLI-001701,42.0,,Primaria,App Movil,638.1,2.32,
CLI-001702,44.0,3496816.8,Pregrado,App Movil,548.8,3.82,12676696.72
CLI-001703,46.0,8218023.4,Secundaria,,520.5,1.9,38614316.4
CLI-001704,,524870.56,Secundaria,APP,731.8,3.64,2955374.59
CLI-001705,43.0,6468934.67,Pregrado,APP,562.2,4.33,35182071.51
CLI-001706,35.0,4701382.33,Secundaria,APP,652.4,1.25,15911169.09
CLI-001707,46.0,513155.97,Secundaria,Sucursal,580.1,2.65,1523709.4
CLI-001708,61.0,4984794.8,Pregrado,,641.8,3.34,15830476.83
CLI-001709,36.0,2446858.41,Posgrado,Call Center,,3.52,14432680.02
CLI-001710,26.0,12180611.12,Pregrado,App Movil,540.8,1.78,53876800.15
CLI-001711,51.0,641332.91,Primaria,Sucursal,613.5,4.41,2012988.66
CLI-001712,37.0,4324122.24,Secundaria,web,596.1,3.23,23534517.61
CLI-001713,12.0,2021185.04,Secundaria,Sucursal,572.8,1.74,7848603.81
CLI-001714,,13197468.64,Secundaria,App Movil,619.9,1.27,74529768.13
CLI-001715,32.0,1681848.41,Secundaria,Web,600.1,3.78,5739088.96
CLI-001716,37.0,13755308.62,Pregrado,Call Center,719.8,1.46,53319374.82
CLI-001717,42.0,9733731.41,Primaria,APP,592.7,1.67,41536919.17
CLI-001718,40.0,1323990.62,Secundaria,App Movil,686.1,3.1,7446326.7
CLI-001719,47.0,6834682.99,Pregrado,Web,683.3,3.19,37868593.22
CLI-001720,33.0,22793845.83,Secundaria,App Movil,529.9,3.47,102805777.81
CLI-001721,44.0,1223204.05,,App Movil,609.5,2.5,4007478.58
CLI-001722,35.0,2411135.74,Secundaria,App Movil,641.2,3.75,9431758.79
CLI-001723,47.0,3084252.28,Posgrado,Sucursal,671.2,4.42,18242475.47
CLI-001724,45.0,1467731.17,Posgrado,APP,631.1,2.09,6791494.89
CLI-001725,27.0,64606.7,Pregrado,Sucursal,733.4,3.52,338141.27
CLI-001726,51.0,1044233.7,Primaria,App Movil,658.4,4.26,4254757.81
CLI-001727,32.0,,Posgrado,web,685.6,3.46,
CLI-001728,48.0,2462322.58,Primaria,App Movil,602.6,3.45,9852588.34
CLI-001729,42.0,788166.74,Primaria,Web,686.8,1.94,3909483.18
CLI-001730,60.0,8675406.64,Secundaria,App Movil,804.9,2.97,47542517.11
CLI-001731,,5126010.64,Secundaria,Sucursal,692.1,3.06,21917654.82
CLI-001732,34.0,374011.42,Secundaria,Call Center,738.2,3.51,1564503.27
CLI-001733,38.0,4410362.48,Secundaria,web,626.7,4.49,16278659.53
CLI-001734,34.0,4453361.45,Secundaria,App Movil,723.9,1.31,13893768.19
CLI-001735,48.0,13140140.98,Pregrado,Web,730.9,1.42,76046818.68
CLI-001736,19.0,12706.86,Secundaria,Web,669.6,1.46,45824.48
CLI-001737,25.0,1196702.35,Pregrado,Sucursal,644.0,3.65,6345418.62
CLI-001738,25.0,11038428.35,,Sucursal,530.4,1.65,55233144.81
CLI-001739,49.0,11298919.21,Secundaria,App Movil,647.4,3.25,59525097.26
CLI-001740,59.0,5355261.35,Pregrado,App Movil,,2.27,30946387.0
CLI-001741,37.0,6095977.55,,APP,588.8,2.71,28540133.43
CLI-001742,36.0,402954.86,Primaria,web,548.4,1.91,2273804.24
CLI-001743,39.0,3029423.06,Secundaria,Web,658.2,4.06,9351649.13
CLI-001744,52.0,1106375.4,Posgrado,Sucursal,668.5,3.13,5192766.32
CLI-001745,27.0,839737.34,Posgrado,Sucursal,542.2,4.32,4369123.69
CLI-001746,41.0,6981780.93,Pregrado,Web,653.3,3.1,24092338.36
CLI-001747,50.0,609293.42,Primaria,App Movil,673.2,1.61,3102911.01
CLI-001748,44.0,2655817.17,Posgrado,Web,755.7,1.76,13875765.38
CLI-001749,40.0,11717962.63,Secundaria,Web,611.9,4.46,63384309.5
CLI-001750,50.0,863472.18,Secundaria,Sucursal,816.9,3.59,3104260.37
CLI-001751,6.0,16028938.59,Secundaria,App Movil,654.3,1.36,78311352.09
CLI-001752,46.0,21693770.96,Secundaria,App Movil,553.8,3.52,77335831.05
CLI-001753,30.0,3406489.06,Pregrado,App Movil,623.6,2.56,17327588.13
CLI-001754,16.0,,Pregrado,Web,561.0,2.21,
CLI-001755,44.0,1595793.02,Pregrado,Sucursal,636.6,1.71,7326932.55
CLI-001756,54.0,2320515.11,Primaria,App Movil,,3.97,9178658.14
CLI-001757,36.0,1554356.06,Pregrado,App Movil,671.5,1.41,4767117.15
CLI-001758,49.0,1383426.27,Pregrado,APP,559.6,2.16,4320583.22
CLI-001759,57.0,15051911.73,Secundaria,App Movil,549.6,2.21,41716240.53
CLI-001760,54.0,699238.71,Posgrado,Sucursal,683.6,1.73,3260727.98
CLI-001761,58.0,5551289.09,Pregrado,App Movil,701.5,2.88,30366852.5
CLI-001762,47.0,1723.57,Pregrado,Call Center,610.9,1.24,4434.62
CLI-001763,39.0,3808529.15,Primaria,Call Center,447.0,2.19,10404285.64
CLI-001764,19.0,10400292.78,Pregrado,Web,557.3,4.28,42652999.25
CLI-001765,35.0,1426256.19,Posgrado,Sucursal,728.9,2.22,7248266.16
CLI-001766,28.0,861893.52,Secundaria,Web,590.9,2.39,2630478.99
CLI-001767,64.0,4429458.99,Pregrado,APP,622.2,2.76,15285086.8
CLI-001768,36.0,5236917.85,Secundaria,App Movil,694.3,3.05,17344785.58
CLI-001769,39.0,4892369.64,Pregrado,Call Center,625.5,3.87,19063995.33
CLI-001770,45.0,1615565.27,Pregrado,App Movil,761.8,1.83,5311163.34
CLI-001771,39.0,1220616.3,Pregrado,Sucursal,620.1,4.08,4557897.68
CLI-001772,58.0,13111231.94,Posgrado,,581.1,3.7,66210398.31
CLI-001773,31.0,10784958.07,Secundaria,Call Center,744.6,3.58,50026377.11
CLI-001774,40.0,2567162.66,Secundaria,Web,653.8,1.49,7147329.9
CLI-001775,29.0,7862661.83,Pregrado,App Movil,563.7,1.27,37206979.35
CLI-001776,22.0,2528695.91,Secundaria,App Movil,687.7,3.16,10544080.6
CLI-001777,31.0,,Secundaria,App Movil,626.5,4.05,
CLI-001778,38.0,716130.07,Primaria,App Movil,558.3,3.13,2515453.5
CLI-001779,33.0,2334500.9,Primaria,App Movil,657.6,1.9,11769578.81
CLI-001780,30.0,3237902.41,Pregrado,App Movil,637.4,1.5,16377352.1
CLI-001781,21.0,,Pregrado,Web,515.0,3.51,
CLI-001782,37.0,95000000.0,Primaria,App Movil,565.3,3.58,537821855.3
CLI-001783,20.0,6385308.05,Secundaria,Web,799.2,1.77,26940516.28
CLI-001784,47.0,4786228.52,Primaria,Web,656.5,1.29,23338089.56
CLI-001785,39.0,4234810.12,Secundaria,Sucursal,757.7,2.55,12748872.39
CLI-001786,,10092675.96,Primaria,Web,674.7,3.12,34338449.78
CLI-001787,34.0,76425.58,Secundaria,App Movil,749.0,3.53,347841.47
CLI-001788,29.0,,Pregrado,App Movil,694.5,3.87,
CLI-001789,42.0,6502029.42,Pregrado,App Movil,574.3,3.21,27626636.75
CLI-001790,54.0,,Secundaria,Sucursal,698.5,1.57,
CLI-001791,15.0,1643912.37,Pregrado,App Movil,573.8,3.45,7795331.01
CLI-001792,39.0,615184.74,Posgrado,Web,724.3,4.45,2586857.23
CLI-001793,36.0,9178523.98,Secundaria,Call Center,667.4,4.19,23094403.38
CLI-001794,46.0,2672534.69,Secundaria,,651.5,4.08,12758367.74
CLI-001795,41.0,,Pregrado,Web,614.9,2.2,
CLI-001796,29.0,3702435.14,Secundaria,App Movil,713.9,3.68,13683993.65
CLI-001797,34.0,4710079.02,Pregrado,App Movil,637.4,4.01,13327232.8
CLI-001798,28.0,6850090.5,Pregrado,Web,497.2,3.44,22408659.38
CLI-001799,51.0,4520582.0,Secundaria,App Movil,512.9,2.03,14841988.48
CLI-001800,38.0,,Pregrado,Sucursal,548.5,4.35,
CLI-001801,61.0,3027328.86,Pregrado,Web,712.7,2.69,12151078.69
CLI-001802,37.0,6824087.2,Primaria,web,718.8,1.63,18064931.53
CLI-001803,29.0,1964955.01,Secundaria,App Movil,676.0,1.56,5867077.4
CLI-001804,20.0,2063130.19,Posgrado,App Movil,675.2,3.34,5728516.92
CLI-001805,16.0,422449.38,Posgrado,Sucursal,765.7,2.64,1926809.73
CLI-001806,19.0,10332953.14,Pregrado,Web,677.4,1.51,32581611.8
CLI-001807,41.0,400890.57,Posgrado,App Movil,701.0,3.64,1701761.12
CLI-001808,44.0,4387817.84,Secundaria,App Movil,649.1,3.84,16652721.82
CLI-001809,19.0,2238859.66,Secundaria,App Movil,613.1,3.59,11896331.52
CLI-001810,49.0,2184988.71,Secundaria,App Movil,627.6,1.87,7913403.61
CLI-001811,32.0,4779745.96,Primaria,Web,,3.48,19615738.96
CLI-001812,40.0,291692.3,Pregrado,Web,563.1,1.24,1465607.79
CLI-001813,57.0,3782846.38,,Web,675.1,2.21,15194669.61
CLI-001814,49.0,6209906.1,Pregrado,,528.8,2.52,32765044.23
CLI-001815,35.0,,Pregrado,Web,601.2,3.96,
CLI-001816,27.0,785268.98,Secundaria,Web,711.9,2.49,3091487.67
CLI-001817,12.0,9563832.75,Secundaria,APP,505.2,1.24,40779577.84
CLI-001818,29.0,4483661.27,Secundaria,Sucursal,722.4,2.36,26387297.54
CLI-001819,35.0,8970531.82,Pregrado,App Movil,813.8,2.85,43198853.99
CLI-001820,26.0,2789361.16,Secundaria,Web,679.2,4.33,15808657.77
CLI-001821,36.0,3280027.39,Posgrado,Sucursal,751.0,4.31,10252233.23
CLI-001822,39.0,10557870.93,Posgrado,Web,669.8,1.8,44251484.71
CLI-001823,35.0,9667059.93,Primaria,Sucursal,706.9,1.81,54911953.69
CLI-001824,30.0,2496894.59,Primaria,APP,686.3,1.74,9061585.56
CLI-001825,40.0,1347249.91,Pregrado,App Movil,609.2,3.8,7931024.04
CLI-001826,,2097930.7,Secundaria,Web,602.0,1.22,5957643.22
CLI-001827,25.0,2060679.54,Pregrado,Sucursal,744.5,1.62,11662104.89
CLI-001828,55.0,1419966.09,Pregrado,App Movil,646.6,2.98,5762566.63
CLI-001829,37.0,1313620.93,Secundaria,App Movil,638.7,2.02,3623103.9
CLI-001830,38.0,8289683.76,Secundaria,App Movil,637.0,1.5,46242554.92
CLI-001831,46.0,304173.37,Secundaria,Sucursal,674.5,2.39,1028650.69
CLI-001832,41.0,4754387.2,Posgrado,App Movil,555.2,2.1,12256217.99
CLI-001833,49.0,796878.67,Primaria,,635.4,2.89,2370972.92
CLI-001834,41.0,1773937.06,Posgrado,Call Center,674.8,4.43,8527140.89
CLI-001835,31.0,,Pregrado,Web,547.7,1.61,
CLI-001836,42.0,1321633.45,Pregrado,Sucursal,666.7,2.43,3819675.95
CLI-001837,24.0,6143904.98,Primaria,Web,578.2,4.28,25293339.65
CLI-001838,39.0,9084416.95,Pregrado,Sucursal,675.0,4.09,28454464.48
CLI-001839,38.0,1051768.9,Pregrado,Web,822.7,2.5,5372044.15
CLI-001840,36.0,2615667.14,Pregrado,App Movil,640.3,3.51,7619977.6
CLI-001841,36.0,2669057.46,Pregrado,Sucursal,563.7,1.49,8913173.58
CLI-001842,,,Pregrado,Web,669.0,3.55,
CLI-001843,31.0,6043160.0,Posgrado,Call Center,687.9,4.41,26794279.03
CLI-001844,39.0,3022528.86,Secundaria,Sucursal,575.0,2.97,16793606.56
CLI-001845,40.0,4665903.63,Pregrado,App Movil,512.5,2.85,20011200.76
CLI-001846,26.0,7894490.81,Secundaria,App Movil,575.3,1.82,21345535.43
CLI-001847,53.0,40255.91,Pregrado,web,646.1,3.29,180018.84
CLI-001848,-3.0,2165746.72,Posgrado,Web,613.6,3.15,11459666.51
CLI-001849,50.0,9986650.43,Secundaria,Sucursal,736.2,3.35,29585918.18
CLI-001850,43.0,5662769.02,Pregrado,Sucursal,691.4,1.29,15598036.39
CLI-001851,30.0,3287444.35,Pregrado,web,658.2,3.01,10379537.54
CLI-001852,59.0,3167919.49,Primaria,Sucursal,510.4,3.16,16192193.64
CLI-001853,24.0,1794904.31,Secundaria,App Movil,700.4,1.88,8204294.85
CLI-001854,49.0,,Secundaria,web,808.3,1.89,
CLI-001855,50.0,4474353.25,Posgrado,Call Center,719.0,2.11,15092797.25
CLI-001856,30.0,2276016.97,Posgrado,Sucursal,597.4,3.55,8336658.88
CLI-001857,,5259656.17,Pregrado,Web,639.1,3.2,30929921.16
CLI-001858,35.0,8294804.46,Pregrado,App Movil,686.7,3.99,27722798.36
CLI-001859,,705792.19,Pregrado,Sucursal,760.9,2.18,3991790.52
CLI-001860,41.0,,Secundaria,App Movil,593.5,4.21,
CLI-001861,36.0,,Secundaria,App Movil,612.8,3.65,
CLI-001862,48.0,4884760.39,Pregrado,Web,646.5,2.5,20201382.46
CLI-001863,48.0,1207522.58,Posgrado,App Movil,639.5,1.51,7027685.43
CLI-001864,17.0,4293863.6,Pregrado,Web,713.4,2.05,17025081.55
CLI-001865,54.0,8818137.01,Pregrado,Web,671.0,4.36,48692456.1
CLI-001866,18.0,,Pregrado,App Movil,538.2,2.22,
CLI-001867,50.0,10161040.38,Secundaria,Sucursal,597.5,2.29,45706671.58
CLI-001868,52.0,20939160.16,Pregrado,App Movil,599.8,1.83,114191337.29
CLI-001869,25.0,471040.39,Secundaria,Web,472.8,3.86,2695486.02
CLI-001870,33.0,1114418.87,Secundaria,Web,724.4,2.11,4680984.72
CLI-001871,25.0,12614096.43,Pregrado,App Movil,660.6,2.29,59777046.99
CLI-001872,35.0,,Pregrado,Sucursal,606.7,2.57,
CLI-001873,34.0,431828.39,Secundaria,Sucursal,722.2,2.63,1462292.52
CLI-001874,47.0,63470.88,Pregrado,Web,674.1,2.56,220592.56
CLI-001875,54.0,,Pregrado,App Movil,547.1,2.86,
CLI-001876,55.0,23203579.9,Pregrado,Call Center,698.8,3.89,80723689.32
CLI-001877,31.0,833491.98,Posgrado,Web,759.8,3.9,3020514.19
CLI-001878,35.0,2932672.76,Secundaria,App Movil,638.8,3.83,17275440.11
CLI-001879,18.0,,,App Movil,644.6,1.53,
CLI-001880,28.0,86572.91,Pregrado,Web,658.6,3.84,345514.02
CLI-001881,50.0,3895821.86,Pregrado,Web,552.6,1.6,23212049.23
CLI-001882,57.0,1362401.28,Pregrado,App Movil,661.3,1.61,4136676.88
CLI-001883,23.0,8328312.19,Secundaria,Web,578.7,4.33,34697240.84
CLI-001884,,1399955.8,Primaria,Web,649.5,3.9,6670394.21
CLI-001885,38.0,4875242.18,Pregrado,App Movil,663.3,3.02,13136497.14
CLI-001886,41.0,4710433.74,Pregrado,Web,692.5,4.09,23596898.99
CLI-001887,28.0,1051587.6,Pregrado,App Movil,695.4,4.46,2996536.44
CLI-001888,43.0,148760.29,Secundaria,Web,575.8,3.22,444940.25
CLI-001889,32.0,2210718.89,Secundaria,App Movil,665.0,3.22,6762397.4
CLI-001890,38.0,1433689.1,Secundaria,Sucursal,726.5,3.69,8245310.02
CLI-001891,45.0,6952534.53,Pregrado,Sucursal,557.7,1.97,34007101.84
CLI-001892,38.0,6767294.16,Secundaria,App Movil,789.6,1.75,32442382.85
CLI-001893,33.0,2564898.3,Pregrado,Web,572.2,3.71,11398990.89
CLI-001894,37.0,3917362.18,Secundaria,Sucursal,780.2,2.34,13808000.46
CLI-001895,37.0,3893385.83,Pregrado,Web,573.6,1.65,18194235.7
CLI-001896,34.0,7372588.67,Primaria,Web,645.5,2.24,29014999.8
CLI-001897,35.0,2324235.63,Secundaria,Sucursal,634.6,2.38,6993523.97
CLI-001898,57.0,1353239.68,Pregrado,web,540.7,4.39,6649265.66
CLI-001899,,1293315.61,Pregrado,App Movil,705.9,3.5,3819856.27
CLI-001900,34.0,3226797.87,Secundaria,Web,710.0,2.95,10220366.07
CLI-001901,46.0,2504415.8,Posgrado,Call Center,699.6,4.4,13428546.27
CLI-001902,34.0,2436143.56,Secundaria,Web,630.1,4.18,11718848.94
CLI-001903,,401357.39,Secundaria,Call Center,593.9,2.89,1889778.84
CLI-001904,42.0,,Secundaria,App Movil,737.9,4.19,
CLI-001905,37.0,1009946.87,Secundaria,App Movil,667.1,2.53,3925645.12
CLI-001906,43.0,,Secundaria,App Movil,589.5,1.96,
CLI-001907,19.0,2235739.06,Secundaria,APP,667.2,1.97,11379955.16
CLI-001908,24.0,1085631.32,Pregrado,Call Center,516.0,3.39,4652740.31
CLI-001909,24.0,3682263.37,Secundaria,App Movil,658.6,2.85,21697524.64
CLI-001910,40.0,1950315.87,Pregrado,Sucursal,702.5,3.37,11399495.73
CLI-001911,59.0,2502613.13,Secundaria,App Movil,635.6,3.46,9869062.92
CLI-001912,65.0,3235654.79,Secundaria,Sucursal,706.9,1.27,17382513.12
CLI-001913,,955805.55,Primaria,Call Center,715.1,1.38,4206918.34
CLI-001914,44.0,711095.88,Pregrado,Web,672.0,2.96,3051415.96
CLI-001915,16.0,8919899.47,Pregrado,App Movil,791.4,1.83,24015707.33
CLI-001916,31.0,2388427.28,Pregrado,APP,758.3,3.29,10769207.2
CLI-001917,29.0,2230987.68,Secundaria,APP,700.2,3.02,12609593.14
CLI-001918,31.0,152299.27,Pregrado,Web,678.4,3.13,796596.53
CLI-001919,36.0,2894253.41,Pregrado,Web,629.5,2.2,15200937.3
CLI-001920,32.0,3392831.15,Primaria,,598.2,3.31,10381220.66
CLI-001921,14.0,3437068.45,Secundaria,App Movil,713.8,3.94,12904724.62
CLI-001922,47.0,5156294.03,Secundaria,App Movil,634.1,4.49,17099390.99
CLI-001923,25.0,820615.79,Pregrado,Web,568.9,3.97,2958897.22
CLI-001924,41.0,1220732.74,Primaria,Call Center,585.8,3.04,5527951.13
CLI-001925,63.0,6991249.31,Pregrado,Web,596.4,1.84,26404154.32
CLI-001926,27.0,12350888.52,Pregrado,Web,790.3,3.45,55115128.13
CLI-001927,8.0,613639.63,Pregrado,Web,717.8,4.29,2475885.18
CLI-001928,35.0,2891520.68,Secundaria,web,652.7,1.9,10129443.55
CLI-001929,51.0,1012295.56,Pregrado,Sucursal,683.1,2.04,2868756.55
CLI-001930,62.0,260203.63,Primaria,Sucursal,692.4,1.69,1462717.69
CLI-001931,23.0,1653911.92,Primaria,App Movil,580.5,3.63,4200616.71
CLI-001932,44.0,651504.19,Pregrado,web,556.6,2.54,1632528.59
CLI-001933,32.0,5198103.13,Secundaria,Sucursal,734.1,1.41,28037487.54
CLI-001934,37.0,3204518.42,Secundaria,Sucursal,542.0,4.09,19191342.62
CLI-001935,70.0,652224.5,Secundaria,APP,648.6,3.04,3290381.22
CLI-001936,20.0,,Secundaria,App Movil,592.3,2.29,
CLI-001937,41.0,6934528.46,Primaria,Sucursal,667.7,2.34,22838285.55
CLI-001938,44.0,814046.97,Secundaria,web,629.8,2.16,4804000.06
CLI-001939,51.0,3914208.37,Pregrado,Sucursal,692.7,2.7,20863180.29
CLI-001940,39.0,1725622.57,Secundaria,App Movil,465.1,2.31,7737345.54
CLI-001941,42.0,3698723.2,,Web,739.7,3.01,12313095.7
CLI-001942,,1593022.6,Secundaria,Sucursal,708.8,3.75,4062678.72
CLI-001943,41.0,382003.45,Secundaria,App Movil,,3.43,982900.67
CLI-001944,34.0,1059452.48,Pregrado,Web,721.7,2.17,4917907.45
CLI-001945,45.0,874973.68,Secundaria,Call Center,675.1,2.94,2254292.31
CLI-001946,34.0,2346330.51,Posgrado,App Movil,598.7,3.97,14025672.79
CLI-001947,43.0,4509853.58,Pregrado,App Movil,685.1,1.43,14169253.78
CLI-001948,38.0,1286299.18,Secundaria,Sucursal,673.2,1.46,6415385.99
CLI-001949,52.0,51002.15,Pregrado,App Movil,720.1,3.04,155184.7
CLI-001950,37.0,3073382.75,Primaria,Web,699.7,3.31,13493155.19
CLI-001951,17.0,3909335.32,,App Movil,657.5,1.9,10876316.25
CLI-001952,,13832041.93,Posgrado,Web,684.7,3.66,71701494.44
CLI-001953,27.0,3739294.56,Pregrado,Web,691.7,3.33,17003409.34
CLI-001954,30.0,2675791.02,Primaria,Web,737.1,4.25,7496451.78
CLI-001955,31.0,3578031.59,Secundaria,Web,788.9,1.76,19572017.65
CLI-001956,54.0,11044781.88,Secundaria,App Movil,697.8,3.68,48757909.2
CLI-001957,12.0,7402339.32,Secundaria,App Movil,692.1,1.48,42382634.78
CLI-001958,76.0,1638220.89,Secundaria,web,632.2,3.07,9351262.68
CLI-001959,51.0,1137488.84,Posgrado,App Movil,622.5,3.02,6508457.78
CLI-001960,41.0,1279615.58,Secundaria,Sucursal,591.9,2.48,3547411.99
CLI-001961,37.0,2948520.05,Pregrado,App Movil,394.0,3.99,8619562.48
CLI-001962,41.0,5723638.29,Pregrado,Sucursal,582.9,1.21,34095543.5
CLI-001963,,2938346.93,Posgrado,Sucursal,636.2,2.92,12360458.64
CLI-001964,46.0,294856.92,Primaria,App Movil,625.5,1.92,982979.02
CLI-001965,45.0,5400512.73,Secundaria,Web,686.5,3.65,28049321.86
CLI-001966,39.0,6886921.25,Pregrado,App Movil,585.7,1.34,23587693.4
CLI-001967,36.0,1435489.97,Pregrado,Sucursal,589.2,3.94,7242412.82
CLI-001968,36.0,4582277.34,Posgrado,App Movil,480.9,3.97,24884058.11
CLI-001969,36.0,2335861.93,Pregrado,Call Center,687.7,3.95,12251413.21
CLI-001970,52.0,9237063.92,Secundaria,Web,579.0,1.7,31952549.73
CLI-001971,45.0,7836303.03,Pregrado,Web,592.7,3.28,30605974.55
CLI-001972,3.0,3130471.51,Primaria,App Movil,695.2,1.25,12354025.5
CLI-001973,46.0,4939415.93,Pregrado,Call Center,579.4,4.0,20841644.3
CLI-001974,40.0,9024013.81,Pregrado,App Movil,680.4,3.59,27846346.76
CLI-001975,38.0,2875394.26,Pregrado,Sucursal,553.5,2.95,11742089.9
CLI-001976,33.0,1578301.34,Posgrado,Web,648.3,3.61,6767346.52
CLI-001977,51.0,5884483.5,Pregrado,App Movil,601.2,1.51,25662123.61
CLI-001978,49.0,1043894.48,Secundaria,Sucursal,628.7,2.94,5605349.57
CLI-001979,29.0,2065943.3,Secundaria,Call Center,770.9,2.16,8905601.34
CLI-001980,43.0,8433104.42,Posgrado,Web,518.9,4.41,27894548.26
CLI-001981,26.0,5413320.38,Secundaria,App Movil,763.8,4.03,26097350.05
CLI-001982,21.0,2172229.74,Secundaria,Sucursal,576.5,3.62,11492397.59
CLI-001983,30.0,1015333.79,Secundaria,Web,719.5,4.28,3673275.43
CLI-001984,48.0,1848031.38,Pregrado,Sucursal,735.4,2.34,8793988.07
CLI-001985,49.0,1403726.45,Primaria,App Movil,684.4,4.17,4231228.75
CLI-001986,44.0,813511.08,Posgrado,Web,552.5,2.27,3007340.63
CLI-001987,47.0,5711896.75,,Call Center,671.8,3.62,32456618.1
CLI-001988,44.0,1219872.1,,Web,850.0,3.63,6940558.16
CLI-001989,30.0,2542860.9,Primaria,,650.9,1.26,11477548.57
CLI-001990,43.0,2047632.14,Posgrado,Call Center,641.9,2.39,10152631.34
CLI-001991,48.0,16891104.72,,Sucursal,634.2,1.26,92716185.14
CLI-001992,,2083571.66,Posgrado,Web,,4.49,12199179.03
CLI-001993,52.0,350122.79,Pregrado,web,643.0,1.6,1475628.4
CLI-001994,46.0,395300.71,Pregrado,Sucursal,672.8,2.99,1765221.28
CLI-001995,42.0,3752440.25,Primaria,Web,626.6,3.81,14839946.13
CLI-001996,51.0,3841743.68,Posgrado,App Movil,567.1,1.86,10572235.73
CLI-001997,38.0,2278877.12,Primaria,Web,835.8,2.8,9069502.86
CLI-001998,27.0,2374506.58,Secundaria,,642.3,3.2,12506990.82
CLI-001999,36.0,232854.08,,Call Center,850.0,1.73,1238108.25
CLI-002000,29.0,3052560.69,Secundaria,web,,3.77,17165525.28
