feature_01,feature_02,feature_03,feature_04,feature_05,feature_06,feature_07,feature_08,feature_09,feature_10,feature_11,feature_12,clase_objetivo
1.3588693097663544,-0.8263321860159994,0.10125656687852794,0.49765783819246484,0.16474957194448117,-0.5049351069339849,0.013354892101907153,-0.9670534569574416,0.6020597823547745,0.5123070433089623,-1.3422247530263718,2.43578991591876,0
0.27242941758575645,-0.6179226325183999,-0.6427997894411088,1.437841291723732,-1.6488821030932928,0.2551391370000217,1.4283791620023996,-1.6944080310047274,-0.783547282190702,-0.011365915849242026,0.2671262256269167,0.760479738109587,1
-0.5877379667960255,-0.02564520438842248,2.254026420766564,0.491854589801712,-1.675642390389026,-0.6304718619793079,-2.1617150151075473,0.2822155072133348,-0.8775385506984762,-1.3223502941676075,-1.3478319742832623,1.7656068867637795,0
0.4460278087114465,-1.1352086040446574,-0.4411468845973842,0.44358520767420967,-0.4946538585989864,0.4509957141210398,-0.06589459744506539,0.6149597609486187,0.13271861793689008,-0.4207585909952541,0.3120414137548351,-0.7746700206220569,1
-0.31798555592476896,0.12867123993609497,-0.27989407547964207,0.9325291329234604,1.1411415987609708,-1.300091096630044,0.5000838566270571,0.6159549627571983,1.9312531568489604,2.1850169862618514,0.18069384466814686,0.041374463284353395,0
-0.0320146111126569,-0.5201951826604612,0.483482453296824,-1.3063021834546513,0.6808267033345807,0.13131672509880774,1.1848968512360936,-0.6507882293559162,-0.45390215553429314,1.6883315824863379,-2.516172109036698,1.7682722645816404,1
-1.7325752408724,1.365057624051446,-0.2212314980699841,-0.3501594862532194,1.4140552366689703,0.6463369951124598,2.1254119460837533,3.1354716948303354,-0.9698264400811925,0.3987062078224546,-0.01948804094909984,0.013915013405950078,1
-0.7569052249858914,-2.1450083352117106,-0.17548669148405552,0.4837600196243515,-0.645336781796092,1.3550935894090435,1.2752302437860914,-0.21347688817585686,-0.5522738685916546,1.666809132162907,0.4241245235993851,-0.9155661392649985,1
0.0412659601355448,1.0043264498180993,1.1754335181857198,0.2006860664914497,0.06322720843535591,0.6660370259712665,-0.510154503746263,2.2094989649016337,-0.5325163107721254,-0.10412854108271853,-0.32287773734325537,0.943178155052396,0
2.811646035023326,1.3980607001179508,-0.4124567933290021,0.46107983057423085,0.6009692365173634,-0.032929139234116105,-0.7586399500962041,1.5743439647986552,1.187227987252304,1.7826794485441368,1.792927828099841,2.3409811962394973,1
0.6217619185084903,0.35513541842216584,0.36082909668105423,-0.0675898956762518,1.670504634246729,-0.9168412919467424,0.9182040886794987,-0.8521679100229692,-1.5396290321186135,-1.4587226563695272,1.1125523988743127,-1.6816938633336835,1
-0.7184272106664384,-0.5860992819680082,-1.6776332210902989,-1.2788266441518579,0.2595272591643795,0.1794630893067905,0.4925422074345345,1.5197659638949472,-1.5202598518286752,2.3846861759686058,-0.6737120406574193,-0.06888794196352299,0
-0.4746029218093226,-0.37915639783897953,-1.8269498659459462,-0.2655608010665543,0.3151477596625098,-0.08133404115539061,-0.5399763076655173,0.39612654367667294,-0.250367062751627,1.3390199624404653,0.4250131144382822,0.5799461683565575,0
1.8034656490834529,0.15289593470783253,0.0631607802260333,0.7196115953900845,0.22116639225810836,-1.1368497320611965,-0.06202759868469437,-0.6080026665996411,0.6370041616581843,-1.2124468260096288,0.36389676174294433,-2.497190305511403,0
-0.10067025144209404,0.9718671560819768,-0.36957334968352196,0.9666630765922218,-0.0060908138587578734,1.451222205828305,2.5989690522008075,1.8228567317123079,-0.10459720655150999,0.03381038579674558,-0.9153162478476762,1.1756966866935108,1
1.4371755563845885,-0.590762303217501,0.41296679138509235,-0.9641303666207952,-1.8499675081309752,1.619649198887172,-1.4717260448375793,1.3218993224282427,-0.40554718659985467,-0.23264228306409426,0.49676026018884334,0.09782085727962746,0
0.6326744912060531,-1.188230115283394,-0.04980941828233339,0.15965103702758318,-0.13367929529164127,-0.3971276631905158,1.1917643743567106,0.28067964074739526,-0.587212173012631,-0.7748095789947526,-2.1408763075466624,-0.2941162307982721,1
0.03659864761409791,-1.7165328504566844,0.34696282788805927,-0.7198397979988039,-0.9889584142391957,-0.7540257785585783,-0.390385372730574,-1.8764164848412597,0.3366843319320103,0.6964000133331132,0.5272852770592747,-0.9852806834911196,1
-0.45854839330929126,-0.8769394899881511,2.1716663309854294,-0.5878901075927727,2.4757926911063604,-0.8867756802093739,0.154273999997133,0.06106584655270656,0.014737628029747762,0.9133488206407487,-0.40691542481561144,1.6126186660216275,1
-0.6604800163893705,-0.8063940995299339,-0.9817602795696275,-0.9500069428815905,0.8746690526485051,0.23235977737755867,0.7418118608215093,-1.6596283160967762,0.7538476501674615,1.9333104996708792,-0.03614906365266816,-0.9119189415178004,0
-0.6424161216643959,-0.9461065343240221,-0.9565309173934533,1.5421664215906696,2.5307681731032807,-0.27370940570964625,-0.0880307722207361,-0.2695914779995773,-1.5950307137329087,-0.489561302314937,-0.1291619164055573,-2.355803110657913,1
-1.6357245036956927,0.6903543059230112,0.7750401067266719,0.42552848290565864,-0.4077685284845358,-0.7127056541968194,-0.7589837525435426,-0.2957033223472074,-1.2905503074830418,0.49665516506701746,0.8796604784889647,1.2666370953036985,1
1.5046773021196556,-2.8843500499151395,1.2870976970132233,0.3114908779633464,-0.9887536487327662,-0.662311260129282,-0.40146265466214587,-1.091488823357884,-0.33099644197816636,-0.38655274703045384,-1.5701206380634938,0.2840721537363861,1
1.2327636715717765,-0.24886114906378862,0.14860155978617795,-0.4863413095203446,0.5650783479166382,0.9166185550932371,-0.3363890833329491,-0.3244546557122334,0.8057764550312823,-0.16535604340175605,-1.993263045069544,-0.22155900796875427,0
-0.03244749416225786,-0.6853425970932259,-0.05460144433168714,1.0758029435864205,-0.6908467374830044,-0.6016603268811832,0.24105133743094792,0.11850968814529819,-0.2631537874048762,-0.916125308491626,-0.6507769094815851,2.4118598793219204,1
-1.1935918561517462,-0.6514555354570707,0.46234012885322745,2.9539987570526636,-0.017775413424316544,0.24087650985961967,-1.2142302189912888,-1.0371192988868692,0.11381180378618629,0.6466608799165627,-0.6092894046507843,-0.7680959575714773,0
-1.5083224840094482,0.9696709867941656,0.416384374277606,0.9797515737985983,0.04539831285791522,0.8190290968143432,-0.3982312729226292,-0.5855047040975607,-0.40358931494344336,-0.5236416977223403,0.5484996511722904,-1.564647452279239,1
-0.061681641597913825,-1.7181560365093353,1.2207920845074154,0.6228496440866756,-0.8196302516276296,0.30542222929619894,0.3952820895604002,-1.4976805471586634,0.13571740263740123,0.5587185513565105,0.36278850547716124,0.7939060659917192,1
-0.8037456279832688,0.7193892403934966,1.4059854835328842,-0.06377625385343569,-0.17841353296913157,0.06108219714353642,-1.0449822821170727,0.5704892829902749,-0.3815894708840617,0.4318614848651518,1.0584511860821644,-0.04875119346386383,0
0.6988434799943005,-1.1817895756056664,-0.17850922188913707,0.4754437923939838,-1.204017310705702,1.4343932043499454,0.785394683178732,-0.5888512073056545,-0.021368435692728508,-0.01696801973778357,-0.4003978348674005,-1.7087773617036544,1
-0.6234596498708334,0.7006315076321639,0.10811996696408181,0.8831917207192785,-0.9867903662381954,0.845843506785093,0.6496934667711364,-0.6700483631306504,0.14281325623716223,-0.6677526411527492,0.5407416283250066,1.6535562139934556,0
0.21274294407701638,-0.8618900220764587,-0.32212656917585586,2.4230815611909367,-1.3048694403903678,-0.6896140000804547,0.12771238740394292,1.4584149330013105,-1.4079403941022381,-0.8833675671603463,-1.910049898256706,-0.39360055677419936,1
-1.0819073535312798,1.05403662546545,-1.4806004966170063,1.4222798356511912,1.373243584497191,-0.44065696614261884,-2.518357626184942,0.4965438888069533,1.175887778330775,-1.3000375489065372,-0.7110421222390716,0.2161973078941607,1
-0.5329820768367288,1.943688327008883,-0.0300845201584131,0.4517234265856717,0.9182601111552539,-1.7426777350915827,0.2862956389450802,-0.545250954723818,-0.6986204676301874,-0.4601072440361462,-0.12388160231184407,-0.6430639136659214,1
-0.0028137163142961277,-1.0840672435146084,1.0085402971015822,-0.2473454236428834,0.9089791454699837,1.338364474205029,1.7635540498529654,-0.07285822772531687,-1.9702382971212058,0.37781907264046655,0.04231520706199895,-0.13181669849872998,1
0.4111617555276827,0.6883318441226999,0.10469526876341012,-0.23382543000155023,0.841016602801531,1.223020507121369,1.6566856578676707,0.7317988941179867,-0.7189067505615764,2.620232584809753,-0.7770765600410827,0.0660526994647463,1
1.872746368447726,0.23495814021553496,2.9256793569782524,-0.32256210491304504,-0.5479168971007505,0.4033714917988816,-0.6875147156485454,1.3587418163937235,-0.6612381970804213,0.6735880949951834,0.6112911378239385,0.6167798297311882,1
1.0396895115656777,-0.627745152262253,0.20586543189292755,-0.25021255505953754,1.3879188331926864,0.4303621938738892,1.9696447092851397,1.5850462951906739,-1.13467079345078,-0.05375633769336187,0.22637782045955804,-0.11845101166361156,0
-0.5428841011613721,-0.1558076367140947,0.6512257258529056,0.9079123283132754,-0.9758689662893983,-1.4578186142160177,-1.158274473195946,-0.028375018312222066,0.23086638850577296,0.25156283609415864,-0.3354860603838566,-0.18724220255653143,0
-1.4698269089138891,-0.27312919000951985,0.7121975182220763,-0.20538089576892202,-1.634331601363973,1.789700406391529,-0.8859529774588955,0.20959396756488527,0.38879396399214405,1.5274635278317612,-0.0846753551371258,0.3764671392790867,1
-0.47400399805979193,-0.4628266167477984,-0.12526878873918826,1.1418027105655901,0.9459607122356065,-0.6826735555957655,0.4008757425673725,0.2317001284877242,-0.15293188807430727,-1.2770849069616559,0.28410491176966013,0.4554469199348141,0
-0.2410592300420649,-0.28726287333081857,1.9232677440894883,-0.3662356171707205,1.0388613438255017,-0.25667621289304143,0.08493464360772182,-0.21704078174217215,-0.02557959932261636,-1.1162006207470827,0.8013591936831075,-0.5032256610046592,0
-1.2532467934871332,1.013083459820614,1.6328979518550006,0.020547657443055,0.31533263548977836,0.9675733559621625,-0.8388985512059299,0.24208569264122443,1.3518003876145779,0.09130971812505496,-0.2910378392603658,0.11735730080599768,1
-0.7900709010112335,1.6194221311189008,0.9803937443506804,0.5795039328166398,0.1744758140363662,-0.15325672829346543,-0.6210628206112195,-0.8915562306342142,1.154955494461252,0.9171924027848877,-0.9569201550950343,-0.18330135772353776,0
-0.23598628175349015,0.6425592585826991,1.025285644996612,-0.8458810884398505,-0.7109031738957279,-0.49588947134651024,-0.22324098330731343,-1.9362060868995272,-2.1754395615288606,0.12321576304314483,0.23289653862794576,-0.02525648748404826,1
1.1538102335574891,-1.6545748711445654,1.7202173481644247,-0.11689573168176742,0.01659914111317538,0.34380515324181155,-1.0071451395897892,-0.44630147145227955,1.4723319570221414,0.4541269387270107,-0.08662918735208554,-1.3861534225303778,1
-1.314181727391304,-0.4677099263973216,0.08687064923458235,1.0270517931169445,0.8853709638146622,1.1736587153635838,-0.2521600651543882,-1.2001948742342072,-0.6904316009334144,0.10016780966320599,0.4088018605753289,-1.0029494308140434,0
-0.4188678342452643,-0.9149024486592463,2.0370528492071247,0.7815158333240363,-0.25298815259475,-0.38845740998569045,1.6162456497929316,-0.9246208647790873,-0.09415338160961287,-0.7827138427846498,-0.6463397121818153,0.425699965756292,0
-2.183464369147986,1.6834191744168803,0.6466297970396113,-0.16270391196780942,-1.0936135085376,-2.1462306835263583,-0.1743664400012972,-0.5657956490958659,-0.2674552686748564,0.01291163374870471,0.8234315887649939,0.7042126094056697,1
0.32596637983516474,1.3422213250554333,-0.1577041569920083,0.1458079482971162,1.47155657473943,1.8096775632847961,0.1613476956171649,-0.208204874354909,1.3290759754832673,-0.007248476339041528,-0.31805798498247784,-0.13061812235162765,1
1.0406473957069642,0.01516773252328094,-0.17476260952034203,-0.8131270752364881,-0.48810257272923946,0.6008036014812831,0.7206198981682609,-1.4113374713524673,0.22411557480091845,1.0608238736284734,-2.0759503529413603,0.46619214011851556,0
0.8114173321732595,1.0759067452170514,0.8073463366022647,-0.43977485824618096,-1.219005904921226,0.2683528442230784,0.4853012552994571,-0.6307177664006252,0.19323091078847443,-0.4497272706486928,0.39448426742079634,-0.19584721720886725,1
-1.4819976619645145,0.28769830234393595,0.8571564842743142,1.0585159576810383,-0.30228209607987144,0.46984538240062446,-1.2593883333026885,2.1601165264712483,-1.602002765206826,-2.1483661334755024,1.1369074427894406,1.1870800614475803,1
0.12394437764317508,1.9730480927456826,0.8243103805692116,-0.6126160123051476,0.6931231030356299,-1.121041354015884,-0.6253128107715648,1.5161214078106628,-0.06506868352469196,-0.16705534163715813,0.5734962637138598,1.0248315330022182,1
1.8464310443597185,-0.12987392112936655,-1.2116640401360157,0.9235442974974362,-1.4158565207430884,-0.02000724853906918,-0.9694166845957856,0.13315909450672914,-0.9618024098141936,-0.604210026643164,-0.7629303158027548,-2.7108139346983813,0
-0.6317209897751069,1.997637355492007,0.8442920616475235,0.6183967002557498,-1.5072970214530785,-0.5580035709500065,0.12448699106072565,1.781392058424201,-2.198832416245012,0.012057575151375375,-1.6428936687622395,0.17504429898214605,0
0.31435701629777324,-0.07452027778006194,1.7191027632452698,-2.409959617522745,-0.8910613038271978,-0.4110286529736008,-0.8150316654299624,-1.3305450132532488,-1.7335261257605656,0.44200044940108657,0.5253502150196626,-1.9328017537562359,1
1.350406430893328,-0.23521183266592327,-0.8132745622486807,0.40253104008335755,-0.7046035679795137,0.7878003771509169,0.32156693493849575,0.5668377725871186,-0.9796041084122429,1.0961201380449446,1.4889461775868207,-0.6890457239546537,0
-0.7268197838350773,-2.1069421930305356,-1.7875121185671765,0.5222901851424722,-0.7873326021814071,0.9197282216311523,1.032822704311356,-0.3843888400523772,1.1037568247378704,0.41242905111130734,1.0340249807362396,-2.0590194933952515,1
-0.16419843412731397,1.0389854527765114,-1.3815629600408839,0.8529271870613444,0.28799095604436026,1.0855910766981234,-0.20464367610413678,0.3255880638169659,-1.6197269685042188,0.7977826857566476,0.3053231609153434,-0.9076964132356634,1
-0.8591242454869714,-2.0881441251180615,-0.26707996866350825,0.6611291547062093,-0.49911781658646354,0.6057613883074152,-1.217194312656728,0.05447758017563856,0.021618365786464155,0.6070252885136849,1.2841008339664048,-0.11054592977629069,1
-0.3849985723472557,-0.6061191192530675,0.7134064703973138,1.4564115911436983,-0.43236122296250284,-0.5095359602498527,0.055588148605494346,0.06522481614061425,-0.879754731232258,2.4979360296336135,-1.2811446944515579,-1.4896705114549527,0
-1.4782907840768658,-0.02763706351722167,0.1763908833139634,-1.065478548110053,1.937989505172038,-0.5128858756969089,-2.4714273088697207,-0.16824954672485104,0.9096164816318257,-1.8391775803245862,0.8299822482002597,-0.5780678314882106,1
0.5736755907215176,1.1703612588966612,1.4494280793954268,-1.621189222880146,1.5135254929676765,1.0393421649289438,-1.2712641936676612,-1.831820466287934,-0.7371615399928544,2.200500695160872,0.3226528531809798,-0.8518230830971677,1
0.17262675838806527,1.5255475744656732,0.01519517123638817,-0.6432108809953835,-0.2244385419354522,-1.1544325362787962,-0.710486936629986,-0.39891100457039425,0.11795680945382592,-0.5400897078857032,-1.1772053267294988,0.25160505392319815,1
0.031747206542915005,-1.7573481093097607,-1.336527432947975,0.02750040826111278,1.6436243876846834,-1.2446127860269525,-2.3985603878845754,0.010763099276448645,1.986330850875591,-0.8490157452353805,-0.17647790537565078,1.1898882459997995,1
2.1536118074140402,-2.0405394662205327,-0.01852190393397122,0.463124948587852,-1.2135602799162812,0.6976260199461997,2.1170573768443965,0.3123191816893695,0.12483671612143858,-1.552045310455831,-1.2686771693710468,0.8991117735430827,1
1.3459697579878551,-0.14730796030058377,-1.4756485840939366,0.19791938294920178,0.6924288833176786,-0.9576667241066668,-1.492477937080035,0.2642554462324986,-0.48622551823001964,0.37311169981280273,0.22196416952095102,1.115259183060223,0
0.46419152596001134,-1.0338383638510704,0.08143253992420735,-0.38188194956443955,-0.13824791606936782,1.68063381917152,-0.3599624509123486,-0.41759581440206817,-0.29153327749818336,-1.0759661711223156,-0.5527955297624898,-0.8906810018649953,1
-0.2266749173589637,-0.25510922021825566,-2.633351009235886,0.8782383190525312,0.8857461364248976,-0.6503723905332944,0.31028203152706857,-0.22237488089155155,1.1269762851438425,1.255673276071095,2.6889553302674147,-0.4386942555008543,1
-0.6758716749348023,0.6330157749498545,-1.321355214941218,0.8465199680283909,1.0552305097022288,1.043920338948276,-1.3632354426502118,-0.2703708185466156,0.2925259517822325,0.8611054640549051,-0.6709583182984971,-0.5014004959428798,1
-0.7411930562381253,0.5554183333283593,-0.25108314315884256,-0.17802062381506076,0.6952464054982403,1.333184501055303,-1.2431044615820823,-0.2910886937906516,2.0203980071109178,0.757845567382493,-0.8031881250592945,-1.120839755318091,0
-0.5982662007992448,-1.1944593634913387,-0.08750207968672691,-1.6366001854804724,-0.13310363137011047,0.2671655276482144,-1.8013306241016012,-1.2124816815707098,2.4680917446673463,0.4452443395907111,0.48397421108858574,-0.5029612480745053,0
0.026626792388801786,1.0743084669386995,-1.130066044974096,-0.8435676055595123,-0.16097408109848518,-0.8268005445206064,-0.8858091338570286,2.4715072218354774,0.9859958492083069,0.05927260085469981,0.585694351898171,-1.584529217163747,0
0.38011314185400213,-1.0281726959518245,0.3896552709547993,-1.0618195604978402,0.4656454888636527,0.5084882306921668,-0.08561006025039686,-0.058984337389220216,1.0327564664377338,0.230655521552459,0.2905157170751235,-0.09309963987057121,1
-1.269700357891827,1.3255224858108894,0.42320167868681086,-0.6320146718902566,-0.10863714504655343,0.05222847442812256,-1.5976163571000817,0.7035509509080633,1.840478651034877,0.6155293216164736,-1.3073959190871058,-1.3004792532702945,1
-0.7533918518170432,1.2780733568483647,1.1333815402716318,-1.664341733065431,-0.2045014617217383,-0.5560604455078421,-0.38283644072835915,-2.0244621120929556,-0.011278035454257228,-0.875223155433588,-0.3613908065041248,0.12541069469887017,1
0.6527949781077403,-1.9307279640140762,-1.3988239545435528,0.3213626351517781,-0.24797456614684782,-1.152900206049832,-0.3995574881994803,0.23480029758648174,0.4577011305897892,-1.1579848595647044,-0.17721455004650766,-0.5889824641138266,1
1.8053773355821034,-1.0688871486879772,-0.66095878941388,-0.2765353586358774,-0.17903846694276104,-1.1073303562665542,0.6934039134280593,0.11558390043518953,1.8064847480669368,0.4940418979653004,0.20118039818427963,-1.1303915921385814,0
-0.049028363763813254,0.6606362341554832,0.1858721731014326,0.8577713178357955,0.4571644610124456,0.7544593973169128,-0.9505723465050929,0.21775452211027088,-0.6657111708677218,-0.36695354206149566,-2.151690256742477,1.6670924040650095,0
-1.6870994831910655,-0.5415719978073845,-0.3004708675362184,1.272277143930401,-0.9707754182789189,-0.9029763272282892,0.8996893991288563,-0.5260487217731705,-1.3139512199503445,-0.6841867341603758,0.9464401387400441,0.5260971866381784,1
0.5202487837140352,0.8765572782288128,0.6683230576184466,-0.05210072948290796,1.076988043859968,-0.6338531558274875,0.6672642426220114,-1.2010628861805557,0.5343145137101434,0.7888958893930031,-0.30216768201010086,1.8340333742993937,1
-0.2986042422948332,0.6396254012272068,1.6617066385083898,1.3560801510105782,0.8811235128677231,-0.822321738104777,-0.36283014143311293,-1.2860681410406698,-0.22377622583565024,0.8449364122914366,0.35033068126627975,-1.1722587863900358,0
1.7942348164937822,-0.05977090657994856,-0.3271624031714335,-0.1118653695011937,1.1883370656545842,-0.6675795036751002,0.5882411860766504,0.8660828562373594,1.6725188389474597,-1.455709407691264,-0.4282151848558738,-0.615215855993403,0
-0.18387500182237973,-0.1096289742454069,-0.10514266640834455,0.6753878041062764,-0.3160978652624946,0.4249580019475441,0.6879531580607543,0.6059887640734953,0.12851786612344906,0.786300120669488,-0.8606103420326794,-0.5906208107203496,0
-0.48961026210271524,0.5079178044695157,0.3763306170189922,1.0577463251217878,-0.7512592862228762,1.9247596003684733,0.06110137609596158,-0.5179137914317469,1.0469194292806907,0.6494581387834343,-0.07452784375395428,-0.355356271260718,0
-0.36779064002963874,0.22250332046496812,0.03905529800494464,-1.37407710605326,-0.3122961758803173,0.7177475660790996,-0.5743594015504049,-0.8709866223436632,0.6360150566498696,1.6774004833674037,0.5453801706260282,-1.576755538200681,0
-0.07765057351906367,0.9889246980838201,-1.0316588653093641,1.3092883731556173,0.7018771590150067,0.4065936268052149,-1.9918871281660637,1.1668960121407816,0.02898950644063265,-0.7631961464954734,-0.5771546040202439,-0.8121601758454784,1
0.39212536547865773,0.11610778792902952,-0.4455673067670335,0.6489463173891387,0.06866176444694534,-0.32890685713035606,-2.2880861989249963,1.950159106806764,2.488263886853529,-0.6720936532796009,-1.1649238388690115,-0.36480194224210644,1
-0.10483526145074562,-0.05789480847547001,0.6532169909742142,-0.7470827765170561,0.4880004669954778,-0.9110897452047657,-0.7139761834693023,1.8152046427547568,2.4390703746465596,-0.562193799723035,-0.5720308697383237,0.41470962001494666,1
-2.328937803245178,1.806208202740429,-1.817180117546605,-1.0798380257339977,-0.663551628552172,1.3637717614824694,1.3086122195239442,-0.08977998786265497,0.10104795218577181,-0.7847475693466534,1.5107688261881913,-0.8939211921931077,0
-0.05947017512764292,-0.5268013266751583,1.2194043297851016,-0.01923306145095082,-1.5529463029201618,-0.9983786730463223,-1.1445495468444447,-2.0412311859685492,-0.13081468226272822,1.0081462575954179,-0.4846362666010202,-0.5654638964504537,0
-1.1899120658167983,0.8177744252409294,0.7204320089622088,-0.11527240174015319,0.07924596926439166,-1.7386820599989956,-0.2583478571596177,0.1428038457817864,0.11375532789789576,-0.19794324348628267,0.1659072141766683,0.7589256326570585,1
-0.0564426031924206,-0.5411054407957783,0.8375452895282517,1.4010813463670408,-0.25466441917884347,0.36167672878433865,0.33213752349267994,-0.7618414858958925,0.6267605138016135,-1.3334274669049464,-0.8127187025570111,-0.18563500554448098,0
0.9428764536000129,0.6752562959406585,-0.03998048064558439,1.303997524221049,-0.9080323887795045,-0.1357438011098151,0.8271340197026302,-0.7465224081374425,0.3440758352735817,0.804216943290376,-1.584590477653604,-1.2331897457707608,0
-0.13552064487935672,-2.2431569469188877,-0.7601574963225036,0.5095745397023221,0.9181362239071397,0.43667332350426624,-1.717662060101839,-0.988541209152894,-0.31568291445892344,0.19595198386359128,0.496280700496332,0.5797724849555359,1
0.5529551158175721,0.9500729275010537,-0.04454860541687086,-0.3771616237456085,-0.4492830928295105,-0.9513599819949815,1.6682830819621208,0.41288556823115696,-0.7144415350528581,-1.1584583219739786,0.20498095880063125,0.5723111512738788,1
0.5521990524745396,0.8195348350442762,0.1254387850403346,0.7240595301083061,-0.0905943607642234,0.4553839899945139,-0.5959794134384028,-0.6803590951571661,-1.6405390727985565,-0.27545574516606636,-0.27020352899246985,-0.9759939381647571,0
0.4463572213599316,0.07747331247958981,1.31149178795056,0.5771558942569387,-0.9809941357838118,1.5497828791238553,-0.602240746898036,-0.8599453328538564,1.9085182905184654,0.5040828562478911,-0.4988102169421253,1.0159769669315688,0
0.7014290108154667,1.3393985621882554,-1.1336553400419163,-0.6044705056490935,-0.4000824732721497,0.9755070391005622,-0.7928352313461174,-1.8028939807174615,-2.2718532426004683,-0.6425727592926848,0.47467360148572785,0.006211957568329054,1
0.3799924737370597,0.4465616417046953,-0.7843345283422628,-0.09175002778280386,0.8437610354554969,0.2542846831689134,-0.7220554280495469,-0.12566103068550463,-0.7891542854210039,0.48821963924206785,0.3893172953694323,0.8810025550717325,1
0.016204221648518122,-1.9225080217815422,0.9957670641632903,-0.2601793184630187,0.3255039193226904,-0.08289939240148055,0.0316078947815657,0.16053691482981505,-1.8777040279985706,-0.34670647619762796,0.4227206761221727,0.20775015847795164,1
-0.35354673162351763,-0.5080586618011511,-0.221451317307656,-0.14176908332263727,1.3299683639575868,-0.5885546842057161,2.0224422959829402,0.1063218644712387,1.0469668543171349,0.7192719960426063,0.1406143244576627,0.19416231192771832,0
0.8717640887133046,1.475817249072191,-0.6768356644219958,-0.9079472002726681,-0.14869014306385261,-0.26066872825936993,0.6055879040948594,0.05865489446408632,-0.1606077865724563,-1.0477562092044561,0.7727925230085738,0.6601197580619533,1
-0.48759695311704876,-0.46827018849648744,0.7584765062303309,0.20279394023918873,-0.46510603350443414,1.224666462662175,-1.2326118355925673,0.796196547369477,2.4235207990371,-1.9305179079998531,-1.2175408403029793,1.6830834254144675,0
0.08958291491836395,0.21857326586244252,0.6219416387614445,-1.5336763542265686,0.950909832085878,-1.0707739102361145,0.8320860253708122,-2.0236717918268763,0.47503995640339913,0.17504517294083172,0.4058380217738253,1.6037282015918524,1
-0.2216350999645574,1.7067796571698626,-1.4306791826512648,2.1884341789627433,-0.6474125188896975,0.6972187267885672,0.6362867399813982,-0.3341672651120141,1.046240122958705,0.319707010610995,0.5629727555456588,-0.5571941253599506,1
0.5595287477350822,-0.7398631414450186,-0.43466869041103734,-0.9562513060324224,0.8365684643761153,-0.04751773461659238,-0.921418716106103,0.9783628914677163,-2.0147768573595424,-0.7194501261485852,-0.3887200894804194,-0.6362308592895848,1
1.0182975274569324,1.0337000296920555,0.6452813212891991,-1.2862247156526931,-0.4768724188549426,0.2088889997539029,0.7831965323395156,-0.2295253924835421,0.2865758529753467,0.7092035955556735,0.9309089121440354,0.39994386598219006,1
-0.40771649853527736,-0.14290488972422183,-0.46528154240304403,0.8580958137273298,-0.14069190911928423,2.0546825829317292,-0.2517859954535534,-1.0960140755769507,2.6427960184869232,0.9867717017909596,-1.0982313436541504,-1.0355361425760254,0
2.1218584699055354,-0.9558691373332215,-0.0239588089536146,0.5048752043746216,1.1535444496911602,2.0600387267645717,0.7441841611805576,1.8753190852936077,1.146909173561153,1.159935604239868,0.681968817643056,-0.6668723111092423,0
1.8634614131808114,-0.32100722994803527,0.9379610430485921,-1.8470804800834255,0.6935159298500195,1.459095739180148,-1.1355772317421509,0.481061061777368,-1.7828574167690898,0.0465826620066309,1.1906008103536365,-0.5119773292904909,1
0.4920027155964013,0.41078737364012136,-0.5382506615463005,-0.4615374035435901,0.6452986070058848,0.8885045251133714,-1.5198395100390591,2.2873514194865936,-0.37721710831952393,0.6415325593911718,0.5835609357899135,0.2002336371956787,1
-0.44734444076490815,-0.4783602448287527,-0.3498095201885493,-0.5724523058416677,-1.854385619513401,0.7482537807715002,-0.7963798572237106,2.781125785926332,0.627046585657515,0.042923891128652227,0.6272293401025657,-1.0769178993622897,0
1.9949722782261843,-0.2792481311370999,1.4465125065927165,0.5539015819624593,1.8647773261467604,0.31195381742969036,-0.7681835380975646,0.5614552628330073,0.18588776641269228,0.3516957318912471,0.35804623647827977,-1.2819504009075748,1
0.7160194826594164,-1.7662156107527092,0.5953756889304127,0.54114218156159,1.1047850199187437,0.023131769484647107,-1.45046037419468,-0.16376180395515563,-0.09553500043529539,0.9399148408777139,1.6617928476658996,1.3239915958062363,1
-0.23062506441700784,-0.659789048243732,1.3603782842432686,-0.8863535907245631,-0.8771739390536304,0.7309611083757812,-1.009397121913168,-0.46767934932972055,0.24984921301603902,0.6468328664752113,0.5047797791235138,-0.2941256302529929,1
-0.7453143931949343,-1.4613596126012511,0.05724148955091735,-0.35087373858520654,1.9501362697826623,-0.8495473676648475,0.13514143563595438,-0.8610165168999693,-1.425592606550371,0.17537599627734202,-1.339443475781233,0.12578557819222655,1
-0.5102966111119681,-1.0213850605900117,0.17638759468495394,0.48633477295742833,1.4480946174581315,-1.3400544072339644,0.5354233733065267,-1.170428525111036,0.9753999425992633,0.22221397466690881,0.898090751063919,-0.2624759465902468,0
1.2446450128646747,-1.0160634435826168,0.12460471769607266,0.802914915319575,0.9432175604145812,-1.0741767076049118,-0.31567672072576786,-0.7925139782059413,0.2911789090380669,0.48635622816548135,0.10449996887981738,-0.6307703465153967,0
0.8759035410008005,-0.743744844578395,-1.5205630350627881,-0.6339960625978058,-0.6628331086245635,-0.6203164325416564,0.2383315277578179,-0.8463032162997098,0.8184985887918831,0.12038346799584601,-0.2823325699075481,0.49347911034210007,0
-0.923067357413585,0.004445010897170166,-0.6632406843131984,-0.2323036425735073,-0.25619281320341447,-0.6736529499476548,-0.8584542454863352,-0.05447802177867678,-0.04721018161176101,1.1847803440403706,0.3581903518440377,-2.2487076024745063,0
-0.9599614451089675,-0.030129333383302696,0.13296047306778516,-0.3349091340159301,-0.4466672610073322,-0.011604543537676615,1.2385966032576565,1.0043179452717144,0.08424983292859378,0.3045461789856704,-0.9239438371666124,-0.7955443165347075,0
-0.8870106430224265,-0.09252643515841232,-2.0643540835464163,-0.0480494444942076,0.5249209104354149,0.8882283825460336,-0.14886870896958396,-1.68617308519128,-0.820668695087396,0.5443430784193267,-1.8444986903855523,-0.1440722722759464,0
-0.01917259297290297,0.9304725808280828,-0.2762719234627352,-0.43072508249191205,-2.334005992500949,0.6498736917792887,-1.2110740547323635,-1.0583463689730643,0.22273608139531673,-1.56110956328918,1.1244577559965985,1.1075709191588814,0
-0.6415113493294652,-0.08564855242921121,-1.9043691712258297,-0.7515805350531815,0.7517937125898806,0.9113401015846713,-0.6855446603420131,-0.3961288759319654,-0.24673995807598276,-2.2142846567202144,-0.44578064771128584,0.016340453410343164,0
1.6647380106969645,1.292147527459452,1.3002431004539696,1.470662367225102,0.9809184171600693,-0.5753685819453631,-0.6755846979346719,-0.10496124271927607,-1.221314681166758,1.5438401659695695,-0.20317101958212325,0.5525736265777894,0
1.2856209065756974,0.9552181147737354,-0.3584454633393385,-2.1118664916344376,0.4798228879116741,0.4624520954920705,0.6525449806218832,-0.5555617196101249,-1.3958840933534262,-0.8989148668676311,0.6678902905622569,0.9441999537520414,0
1.194014323561333,0.5459759941812712,-0.7589370972944395,0.22917103566508762,-0.8963016795627802,-0.35567127052708486,0.5854922299556926,-0.7755801680910231,-0.04620521177902743,1.5131192231403858,2.4730394327776715,0.8074531487152155,0
-1.46558013249568,0.5645516160758908,-0.2818595919464305,-0.48471543037681686,-0.7557810289683659,-1.0586946489118247,0.6230623540739084,0.8326540280781238,0.7523483134531457,-0.7465500707170366,-0.44611586556453753,2.1212287706580426,1
-1.0042890087032368,0.07886105750721766,-0.9596253297615109,-0.05614940520538221,-0.8864714599946618,-0.2933812597569232,0.7847937389134545,-0.5994389187738796,0.653546273380172,-1.2666034412369835,0.5773015824257463,-1.340122082795005,0
-0.4530771103180571,0.2788893011201161,0.9023209563725328,-0.30505423429248135,-0.1890398827123026,-0.9732111874600765,0.5740644266985885,1.3121642461765144,-1.2097939693813125,-0.6642255247242421,0.11248433694326464,1.809072380303369,0
0.6464117857589274,-0.8716658782910931,-1.0523944311056854,0.3620371781974469,-0.6236960310271449,-1.041100736459283,-1.3113046570319589,1.0692838741140949,-0.7586634205669043,-2.14168938855365,-1.2570323840319007,-0.23637875130391336,1
0.39976425841886387,0.5231834327507442,0.053362259628865434,0.8649517249322243,1.1576406078038524,0.7838750404760642,1.6230741083938574,0.749721466844891,-2.3581916222081696,0.7983918683547393,-0.01707133160826268,0.36701322307617046,0
0.33034880436423464,1.1386728150054706,-0.5650399928831633,-0.3322883060699161,-0.24724909851771773,0.6307008567367762,1.0257823246739892,-0.8492255710682374,1.3521008907489402,1.2283678005875842,-0.38106240297175054,-0.557111262190606,1
1.1032408753443415,-0.012460317960411374,-1.0942059532988029,-0.22790211875442232,-1.5853765316056836,-0.7583314496615365,1.2333725315822874,1.9075207699454793,-0.13987132970690802,-0.12476233968636648,0.8105328929562043,1.385057885194997,0
-0.9233743911862144,-0.7002287823239326,0.8615836530952834,-0.3862419954464628,-0.30980964476004574,-2.241214199910696,0.6507170630576273,-0.22072218449199668,1.4402664469124689,-0.5585293046747356,0.9177584037267376,0.23229239933210646,0
-0.846194534939092,-0.38411489686678907,-0.27244410738287417,-0.31732999146248414,0.303673170152181,1.3163386267007777,-1.0413925994695459,0.12614339266797991,-0.49628562151372463,-0.5427737515290011,0.8190331019208416,1.0583379351947,0
-0.8883390166092222,0.18631584850385421,-0.4713688816441533,-0.671708018009113,0.5309720459231841,0.7902631503495341,1.205699816030218,1.3307620359727537,0.9074044360794318,-0.8461878287736381,1.8733874493072036,-1.0915375510413619,0
0.8783220182961419,0.29982178656229647,1.186201215424829,1.210660954485415,-0.8591451791299667,0.207229391203113,-0.3794375459928543,-1.8600793284090318,-0.6812419308249206,-0.5086114015490228,1.2631361711587736,0.04408121590879491,0
1.4256404825141897,0.9819541561250306,0.3393107422135811,-0.40890191717288515,-0.33080864855819025,-0.5903947989765334,1.3588645684672944,-0.8887828919482428,-0.17474154811532422,-0.17760598270277836,2.258833514598916,1.1388237424367023,0
-0.18380704583476104,-0.7979238763190851,-0.8552969084609805,1.2536842367432843,-0.4552593111673185,-0.3043233435643543,0.7031174190732327,-0.05646154095865706,-0.6396169961421793,0.16830554381329682,0.8731365131786403,-0.8763627964791222,1
-0.6524899018025156,1.3486181363760403,0.06351690222008197,-0.7461107469591346,-0.873308858653586,1.2073674163568282,-0.6432440772857634,1.0882338464241408,0.4526971752659228,-0.5015081078293915,-0.3841167289394745,-0.5502693781148793,0
0.07589203709693065,1.1721527050164025,0.35643359612147474,-1.0658947533174308,1.2993319648935568,2.1786868062920033,-1.0080691791011238,-1.7222007931090395,0.03503140426231764,0.021443518262196367,0.7074398420995645,0.1275361435531792,1
-0.5523826174662249,-0.8530186370838668,-0.021859255579035026,0.9939849073335566,-0.5332563798370351,0.5546394908229997,-0.5509733120422025,-0.6878546363947924,0.9213443716561099,1.214243698025478,0.2019170336568594,-0.9861116343334327,0
-0.6362114740409551,-1.461537374675272,0.4975180044646375,-0.20301354647815645,-0.002682437709709152,0.6737359558337292,-0.8666642145259942,0.6872237836710814,1.243670741226305,-1.2734078482409354,0.6360529137052796,0.26825047220016046,1
0.6387646665085259,0.4743190257162205,-0.5574641678318344,0.7881762371694127,-0.5322761820015595,0.5684895525761967,1.4265232440478934,-1.1380005272944114,-0.7225162867875725,-0.8042693497146446,0.2910937182082888,0.7057388525897336,1
-0.25083076760853373,-0.6884847262116524,1.3148854561418701,0.9124891177157839,-1.6742852122672862,-0.020053902314517258,-0.606860559393761,0.24666085420175088,0.6626416969848374,0.7565725759563164,-0.2821241528306332,-0.13636293963285553,0
-0.1496823261536993,-0.8378270070864882,-0.2605095318904902,-1.297711963370713,-0.08585144500975227,-0.6672459135443484,0.2884290009015834,0.6515055397355523,-1.7297598263926095,0.05631844715140684,1.513984941000456,-0.32959148152070217,0
-1.5704359658836,-0.8401402340229991,0.31078444831272395,0.57525210459811,-0.6276222549526359,0.19707606211329326,0.9723041794276192,0.002168391042746182,0.5374671968644402,0.3608762206055078,0.1333062387538921,-1.6266725160255338,0
0.21622263219013277,-2.631457482073417,0.08422087678390724,-0.9657302835071635,-0.215587053490193,0.23789187662883166,2.111729752116283,-0.6150356107679084,-0.27572152212354,0.5332467111231505,-1.3457760999458581,1.0270432778337102,1
0.2131153292743588,0.06704728432575302,0.9272379385502304,-0.8381467266639199,-0.6692186024284041,-0.13453187267469302,-1.0387511038811716,0.816465044376705,-0.6977006937079766,0.15669607993743426,-0.4295952887097022,-0.32820623562854045,1
-0.937369316158176,-0.6536719068604286,-0.602376887534124,-0.3835501187644967,-0.5607419988859462,-0.8292547642546476,-1.6284039883355341,-0.4374221429307276,0.495136661652916,-1.1334961677698119,1.2420562771683954,-1.6513433195760683,1
-1.501652987696281,-1.7487135761158776,1.0183976149151701,-0.3577203488254377,1.4256281762181175,-1.6342045672871286,2.4015761355614,-0.862376793335311,-0.24653333459388432,-0.19673988008335414,0.2564606619025757,0.0480673950771754,1
0.04315636954398975,1.1089763546483624,-0.4836382453650738,-0.5124647544111521,1.4424116987214282,0.1330362942833851,-0.5870811541040355,0.6961784556975464,-0.17828886887175033,1.844088103320834,-0.9509718009226472,0.3091106832747564,1
-1.020152088626088,-0.1777701042824136,-0.7242139168253379,0.0042095216701584035,-0.39317667458584243,-0.8237566418482323,-1.0193148630254178,0.029522571918113864,-0.3645689064730879,0.6290509743095395,-1.0797032359834546,0.25281013787541123,0
0.27944694812398,1.6810995844833492,0.18714052907532777,0.4340244275588364,-1.5297602097436809,0.16709775067221574,-1.170067488051482,-1.4992286793856062,-0.20912512571971503,0.35608694991014966,0.6335666047950603,1.597188018969495,1
-0.5396782586303006,-0.7643371635426597,-0.8406155284389342,-0.5661080596983322,-0.6808034952856313,1.037073804815242,1.700153584980815,0.24247655799689172,0.25118791421569353,-0.18349615033633257,0.09069167763294939,1.0125875087052647,0
-0.9627375950024214,-0.5798178234604676,0.10420153948207425,-1.2941821211391582,0.07963995817561742,-1.3064082094036866,0.21212505292131012,-0.0590152965450862,0.0285252614768013,0.15843032197029874,0.8033158899688176,-0.44941757013276235,0
-0.08486209128094897,-0.6389445317164604,0.05718592415932423,0.015894552156546282,-1.033896873350804,0.7513570021476889,0.41232622899484034,0.9241190204894201,0.4119648787109576,0.7665445123311008,-0.8147717617363431,-0.32376639730676754,0
-0.9896920952772372,0.6393386993121887,-0.1673218673918603,-0.35083931910895405,0.21610984284457413,0.027985504309547937,-0.03165165637564417,1.557851638953386,-0.939927598518795,-0.7354581778517926,0.5307128702801315,-0.3901093775149788,0
-1.035492503261572,-2.195829882959506,-0.5644524077677152,0.14900207047536637,-0.3524241001517208,-0.018383852333333423,-0.9345827552840187,0.6406402475921387,-0.5744822781020642,0.9781284021435444,0.2542418104752708,0.43093134930642396,1
0.30805521904095706,-0.23222722885389702,0.0512827479862349,-0.2036206025223852,1.0125690845573145,-1.2477008986951805,1.4318508679192512,-0.7733102239420601,0.1381160340134077,-0.2353555802738875,0.23810025674043986,0.3073992592930831,0
0.6271137991812221,-0.4832338429895368,1.0893382412208517,0.8377839910191578,-0.32769035775569166,1.6199537830766608,-0.6651537844562059,0.5685276555198494,-0.0012229990650697003,-0.7437755029535517,2.0746105905917274,0.16933303460773363,0
-0.41408091138357117,0.08350418654664242,0.6587143041154271,-0.9014681336297947,-0.11890814430674143,0.43271193943004077,0.398317799519902,0.05049859994979732,-1.8796462637735378,-0.5320439653439568,0.6722140801228519,0.9546348932237747,0
-0.013055881626664698,-0.4201690065204539,0.08867932124941506,0.7966828689458131,-0.25946332690179086,2.417146953515997,-1.6628365773470712,0.6999378085975784,-0.4631067107400216,-1.274525891567031,0.23581888483756658,-0.15373370423493318,0
-0.4360998830270092,-0.5894684787637714,-0.20485757723577802,0.14894230591203064,0.35617356224837543,1.350620333830328,1.0781069859817567,-0.11475511207831517,-1.5281387394516386,-0.6834488092274656,2.2328928607649905,1.6627743834437805,0
0.28470732125868586,-0.37635256722097027,-0.9227292706534073,-0.3104235630056815,0.14673541945893176,-0.9017154985173137,-1.4826575357948915,-1.024312961133331,1.4390785509067816,-0.19725092414747272,0.2297146306026375,0.273630987399494,1
0.21176923856594126,-1.2165576289367486,1.514985949578261,0.24158450265747064,-0.4778176450723866,-0.1872283296426179,-0.5441065467998711,-0.5914734271276545,0.3267994200448136,-3.2435591273606725,-0.6353611207072803,-1.0336169686952017,1
0.12926669166018553,-1.721167328813057,-1.5926983033374649,-0.5993129690951943,0.49124487859012517,1.6719981248750264,0.7963331120028719,0.11862818834977745,1.21010848793239,0.21382327731427223,1.3995838897090862,0.006315515289106755,1
2.110282286920906,-1.5644836077306514,0.47365206976465024,-1.2177803199553476,0.48520751602155654,0.42817222847564046,0.8612966373390857,0.5595101724011803,0.743374684725341,0.7301480185562562,-0.12772671037886404,-0.08543558246599219,1
2.2474267363055653,-0.4535648320426281,-0.48180488925651516,1.0595374804267195,0.00638096840747346,1.3176185246541825,-0.6684288179951811,0.7004759343257702,-0.7295120024966264,0.6730426499713187,-0.3219336918523158,0.23228507455147673,1
-0.44905665446021215,-0.07121278469733744,0.9102317820106017,0.7244077099364864,0.3177761578579178,2.034457779732786,0.6902716682860225,-0.4971144837791266,-0.18802591466209018,0.07690174963942874,1.199840272085201,0.9975281666886335,0
-0.4066997854202573,0.8088176145681105,-0.1926407738653042,-0.7783081870804365,0.6373372699062375,-0.9538955995178516,0.2285242490101344,0.5696957855064455,-0.36208494035329625,-0.4244197033060813,-0.05668336695256654,1.7667748447418772,0
-0.5710929229868068,0.473157223315935,-0.43696473584032897,0.7958768807347505,-1.0105395848056375,0.055819783043217816,-1.2945395523588301,-1.38130853377018,-0.11479541700102117,-0.2368238931759087,-0.640887977260095,-1.0378764959450588,0
-0.32599926278551505,-0.39655615570691854,1.2162782685999693,1.4554300551859554,-0.2325037745858186,0.2089481198054544,0.40643108945586326,-0.3023994312696399,-0.5868563853946327,0.23155737546331398,0.07422999499390118,-0.9021471704311124,0
0.7357411028540469,1.2864356677721043,0.7337446216925164,1.8139557792332308,1.4962535941092636,0.6829815019526565,-1.7215394241542967,-0.28022518574509125,1.1255724002287046,0.48665015645372495,0.7383976458384928,-1.3921537008044484,0
0.7081455814271614,0.20721266358452553,0.7048597201575673,0.5870665408630719,1.6429020771053973,0.5118434680867484,0.4716002033511451,-1.5106388694025223,0.9818018922756346,0.4773718811254296,-0.49008848491219115,-0.9456980025330336,0
-0.31592267696169607,1.4000067598367896,2.3671283405551518,-0.30871703423265584,-0.940903612724507,1.0097672692901387,-0.3513848280382688,0.9414936152254075,0.8816384054305964,-1.0564552613312257,0.1021026841564564,-2.2524222098747106,1
0.8889253893542786,-0.42675890839632136,-0.7489168152595717,-0.0005861443601543784,-0.16073524133377626,-0.5271365438742512,-0.4729470175913444,-0.09446301252378406,0.022089354498687406,1.1822535774657237,2.0407718464248616,0.6433128015163129,0
0.12196878941057913,-1.5022884817563995,-0.43175638429479213,-1.4125471012022373,-1.3179571742959297,0.6328691955464241,-0.3519587411074351,0.6543977873203118,0.4911037047748347,-0.2288589618162957,-1.0023242037847306,-0.3055688788385301,1
-1.8610528043455399,-0.8375981597646832,2.43838696262553,-0.10524553436147521,1.217180744577878,-0.981548871836468,0.8530115287895083,-0.4967637616214603,0.026982264651805893,-1.0287869447053855,0.7519664682131302,0.2252911689531701,1
0.9531651502585271,0.3414400312693019,1.9487738387205558,0.2296459888604785,0.22553469377504734,0.5382100696567633,2.5377745599226484,-0.4737971660207819,-1.1392772655565364,-0.22693514887367625,-0.45496229514111525,1.436777685227448,0
0.2804199180304979,-0.557082312310455,-0.37727747478984797,0.2523762916860251,-1.1959813092043186,-2.81936550168674,0.706696485766183,-0.6271343464434951,2.503615180132052,1.0645262258965158,-1.283087439847107,-0.7160389318866783,1
0.15281887576454428,1.40267176383041,-0.4312896065597079,-1.5122726508153614,1.9135494311936454,1.9356253889565784,-1.2426866010102189,0.21682041085613268,-1.9910668948178722,0.7081691871486511,1.8776004268248472,0.7565869845336733,1
-0.4367216840324521,-0.31027059145511066,1.5964153789681603,0.8634736208132252,-0.3876540909103405,0.5584798020876278,-0.09285847811758566,-0.5095874287079275,1.8575431111222167,-0.05819047594270885,0.24610727142476507,1.3296241213545503,0
1.0569910185030735,0.4456079222874943,-0.5973301912690624,-0.11396852710216299,0.07487661215876631,-0.11526488779808532,0.46204218028992083,-0.3727661802747495,-0.8480285662138339,-0.8719947636833715,0.8635374395724484,1.5115956249214069,0
0.2262786421091907,-0.204818356816067,0.2998070559469578,-1.8010629752890217,-0.4863169859425182,1.1561293233286343,0.5975886505510444,-0.41249400594290714,0.21222661283874708,-0.6008898878151053,0.502139809550485,0.8090844660495385,1
0.495240560455543,-0.1381472005134705,0.41622090551995894,-0.7165302841994156,0.7728890160744711,1.5002823013216005,0.6312890124121332,-0.020069685730954516,-2.034891665417018,-0.4102214896581428,1.4216224256408676,0.07045962050408637,1
-0.4094260112662116,-1.0654458439395682,1.176543985854711,0.2252108998585025,1.1063279841082434,-2.18411378012765,0.6714698413530966,-1.0366295045595042,0.3629942456623256,-0.2769383971891197,-0.28269476970663154,0.48062593673824067,0
-0.2017923100309316,-0.8979488342683326,-0.22824470686613135,0.17094139819711485,-0.24258571298355175,-0.3808517407447589,-0.9626009461783056,1.4760340131197052,-0.6121324131657018,1.5220146387752247,1.0530074079874194,1.4524477446223878,1
-0.8524866470679398,-0.013198744477756867,-0.023381208874605385,0.3313876123377686,-0.11403131405024926,-0.3336818652936528,0.0075682781066543385,-0.5214368922298784,-0.4859827227346195,0.7292247648277512,0.27767323573292096,-2.1511758234589426,0
1.1249929187719026,0.8806615094616682,-0.4225321756024492,0.5364189975486957,-1.0097953891281524,-0.6009988710851659,0.06830197776976915,-0.9935839220384494,1.441601176447117,-0.7672355475320796,1.0944810341795,-2.115761226052835,1
0.11343495693149802,1.3227213783023926,-1.06659076422521,-0.18159520243453828,-0.9067370620751416,0.1343099419583851,-0.11706960371817829,-0.9475104298271146,1.6729756044891133,0.13165010475575778,2.1918915593205868,-0.7848128430160596,1
-0.3128742669512582,-1.6839940405604281,-2.496688992001575,1.4660715574527763,-1.072438985229078,0.05514091915270141,-1.4643153094726988,1.106618115061673,-0.3148548813890391,0.2602764183913286,-0.18402660051288144,0.9997317758715678,1
1.439924237863369,-0.5066268708186926,0.7866042215766805,-0.43526974283747494,0.9590129653366853,-0.9220949008830789,0.1312177105756674,-0.2899780684196369,0.8960913080644675,-0.9369658098958539,-0.3873339314080485,0.38417114344288145,0
0.516908021421335,-0.7023541673650339,0.6409199164733219,2.8796239696417962,-0.004112558985157707,-1.6357810766933663,0.11800086881246767,0.7248238177646891,-0.31708141876405566,0.4160675828085943,-0.5709619858285776,0.8530811681534829,0
0.43806447231631385,0.4771765606688319,0.7227850409799469,-0.02177061921718668,0.09578600006696035,0.9298086173615642,0.5882312327473223,-0.04028292175616807,-0.4900266020118928,-1.7253589433218606,0.23469150038770217,-0.19963987655782284,1
0.38739641697940086,-1.0115921630717855,1.1727703684185273,1.1444067299278509,0.7397875480563525,0.28337668815309025,-0.7629873487828421,2.239413876117667,0.9520848591592502,-0.018424293500509132,-1.232392343000696,-0.07825332914085185,0
-0.13495647819107884,0.6548515023663366,-0.17422201812014165,-2.1426794024697693,-0.9664597448664053,0.9797772250676777,-0.8684283562237345,-1.0231136141193244,0.6446725852017082,0.1445091594494323,-1.1407829118633936,0.9941778949685411,0
-0.9377806474679267,0.3684347211600076,0.9519431382630723,-0.17893395524786213,0.3671570518878553,-1.5862849244029325,0.8460575283261512,-0.09038185985491284,1.2515490504574132,-1.4431199974946582,-1.1367780772699325,0.17937851526031479,1
-1.13914572292432,-0.07914888934172856,-0.6306989062230142,-0.3015235997754109,-0.5674975843927561,-1.2555869185992692,-0.9764196020115761,0.33566929552051733,-1.454189578282288,0.5352953456991748,-0.9767275604855461,1.023601368846572,0
-0.9769715906903944,0.897246478775613,-0.1448940757951402,0.10661532234257565,0.8424718593332949,0.34190099497033183,-0.0718277488857911,-0.380000834701189,-1.8603017181658164,1.4855671317998569,-0.9407345200378129,0.7246970190654561,0
0.05186791837236613,-1.7248585845128783,-0.8414414956163885,0.3742999970599281,-1.0684639487916185,-0.9741332319059014,0.542088865944842,-0.018365105396358057,1.0266049769956267,-0.3118035389212436,-1.657091214339515,-0.9329600608417955,1
0.2667689059923369,-0.5185879184735533,1.0117664861543072,-1.0643189169067562,0.44896576661618387,-0.5533253826241752,-0.6832913455350612,-0.7172605247756605,-1.0276863661255808,-0.5430714695860885,1.086813412096939,2.9698267841914117,1
0.3349159988362862,0.09443864763759632,-0.2780907869617661,-0.9158731026856519,0.923893966744133,-0.0011381211215435475,-1.1022839962530102,1.870661025379743,1.8927081015045686,0.6196575741675603,-1.1280259183604835,-0.8477290487384912,0
-1.0759186989620082,1.883071953850526,-1.1683189867624488,-0.6045114947628198,0.6746020479432077,-0.14502896780233232,-1.410700272993539,0.5732890025748436,1.7622569197042417,-0.7831031846174704,-0.6888679953333839,1.1227348172727978,1
0.7513588113039105,-1.098312856192245,2.051533634006991,-0.898215975278909,0.5378507825962588,-1.3486515318151822,0.8149922263231979,-1.0099305596594064,-0.4856800365556446,-0.7924928799371845,-1.8027330306368086,-1.0480824136843614,1
-0.2287119371713411,-1.3048330355946753,-1.7441463624063955,0.0285222612617369,2.191159419032928,0.4032333079181466,0.9510174653697291,0.04853448587103487,0.11388927450614096,-0.12186986411942224,-0.22066321946157516,-1.1186799391909745,1
0.32714944168265736,-1.0861721670141358,-0.6308006343883047,-2.0292394946188113,-0.09928645535581308,-1.2521542286295706,0.1837372669406603,0.09992210071897682,-0.5217356739440523,-1.7053973173199475,0.2967301065207052,1.4522681077527158,0
0.8306636534283529,0.6988855949074402,-0.5792664819397878,0.3523046541720933,-1.6580192986698228,-1.1466745602729658,1.0053240176531175,-1.13601485736035,0.006905840886790135,-0.04952174357230855,-1.6900125940671944,0.4404631901726189,1
1.3134022800999727,2.0519991222504745,0.7569719591546122,0.3810647424283705,0.27182227065510145,0.5387313198271924,0.27677026195164345,2.21533787897494,0.7201796778429785,0.8811918457796363,-0.06473352789851869,-2.1566418147196473,1
-2.7242146565630008,-0.7266877290261021,0.9883233565855938,0.5775433411960001,-0.10329735991874651,0.5406594715014925,0.5666276350399806,1.7836722603532078,-0.5617796292621497,-0.9216579443571774,0.3538880781285228,0.4014765139052109,0
0.026897079787397044,0.23035946143381317,1.7397686802693657,0.045048552028524945,-0.3534898251256502,-0.47966740870397984,-1.1945391061904993,-0.7690909644203597,1.4067693081683177,-0.07688868555668317,-0.4816959503060693,0.9290524726095261,0
-0.2886801014875395,1.2828206257009631,0.5689580735154528,-1.1592397942758381,0.905568109824952,0.19594281965914223,-0.19914109423572526,0.14390097936043048,0.024752436367174935,-1.413742264731666,-0.2612986863286269,-0.3715173816726266,0
-1.5976876692234694,-0.3320759276607778,-0.08174862919610752,2.7708961497404556,-1.5436574277867345,-0.2753925412494375,-0.5978725999498025,-0.9420438290429491,1.5590326663668583,1.7838975898749052,-0.7375137120708201,1.022652156112684,0
0.6496868196106054,0.3563384464284359,-0.10943936851463039,1.1433511092391369,0.9923733197500638,0.48281644775261967,-1.5492886354032174,0.7276911427611835,1.7149962609429346,0.17455724434002703,-0.5523257450145708,0.9247584675028969,0
1.0490606033210146,-0.5206853074905456,0.48747093150367377,0.8831808284196783,-1.1164431302480946,0.8236490275721722,-0.2527890608977925,0.3086743326144776,-0.03650043215256972,0.3243060556964287,0.6608726619226186,0.3014751298738218,0
-0.3000729308153074,-0.6590901578263316,1.271169490294447,-0.6114316104748572,-0.8264214767121245,-1.546645385715779,0.7499570452229418,-0.2192765248935555,0.17399851518645534,0.679376534434001,-0.056088080169093675,-0.888582003027559,0
-0.4281267104471605,-1.5958969432259305,1.5929189722080346,-0.05580922190908833,-0.7217198789991841,0.9735328366855737,-1.7202621794119202,1.3472202298245561,-0.6446303474496767,1.0725871465516257,0.005828321961351787,-2.1064822110119295,1
-1.0931522207654676,-0.12599046704559758,0.0641935860523044,-0.22979203988257843,0.29355168138902205,-2.0753530744985937,0.31805080136384806,-1.3830668519816511,1.043850512242042,-1.5923291809309872,1.6567861214416097,-0.5045602397744183,0
-0.7036059995195588,1.4151611221213816,0.4975576657012318,1.0626092326687082,0.007508640833850636,0.2933276280335626,0.7011016507328295,-0.2081786341934226,1.7099401564295145,-1.175997656568018,-0.15574015749682799,1.2885264960756262,0
-1.7505592938418348,-0.4816084126964012,-2.0042096547788124,-0.3961752688880843,-0.06462347011530667,-1.081281103218996,-0.03775207055305276,-1.0266425773746324,0.41893223482827324,0.3946684647373014,0.5501402159383988,-0.1031052667291819,0
-0.8841587665475221,-1.2261346334572727,0.21466579597077168,-1.5216598502768184,1.337035847461809,0.12536837876424622,-1.5065651037462358,-0.5258473750583929,0.46623634922935,1.0313994299529132,0.2381259399001173,-1.1663930041808424,1
1.195518112041725,-0.13875406907063864,1.3126423047927107,0.4582891418374772,0.3841482492334077,-0.029160622652114828,0.4238833247184179,1.2887920475640835,-0.5690987602910279,0.9909150004121927,-0.061284636580961865,0.3441863891020097,0
1.2375727640252239,-0.5578031850031983,1.2920364612666548,0.6288480169951817,0.6046504304170724,1.237774590741643,0.4825130551392454,0.7341648146147538,1.494274213582682,0.44327144733504054,-3.708699895938228,-0.545998763831436,0
0.94019570909446,-0.43426195721354044,-1.0414481674418536,-0.8405895592201224,0.6564680933118175,-1.1469927850440598,0.35230116621165847,-0.2880389118605941,0.9820402424430064,0.6711398387413267,0.24025142833643834,-0.5679721853063833,0
-0.06693664913091557,-0.9547468496094409,-0.538586051680467,1.1465108771912602,-1.0748264076648613,-1.4774867954015731,-0.27935604518965473,-0.06711138632044769,-0.5051307808142367,-0.35163286878566435,-0.6002778501203129,1.1674449601027592,1
1.3029448081163018,-1.6330576540109811,0.6344022835618085,-2.8695444241951202,1.1707544277072561,0.16566226452903082,-0.28211300683430046,-1.4043813264536749,0.6313973067836846,-1.5767990319939362,1.4314342709389776,0.28946748899487407,1
0.4468098493747602,-0.4558828253190729,0.8667286678879463,-1.9107772341352918,-0.12862034526992863,-1.552697398062906,0.5052401182583475,-0.9094412465815807,0.11575776185399098,-0.5205622265338558,0.5017038747126464,0.33003053393373455,1
-0.5408363654004875,0.13813730032533728,-1.0073783498598627,2.3153307237117216,0.42208718383411603,-0.05779188051569875,-2.388251336605838,0.5707028661162779,-1.8361998971387947,-0.4076527933877872,-0.4605672567245209,1.8522578981426951,1
0.2826991403111957,-1.1191153535695249,-1.2183386434072725,0.36042454677854807,0.9373627464350555,-0.09175870557829316,-0.24458110807874026,0.03082420728553067,1.236914455427489,0.5016246504152818,0.002799432849411813,-0.7051931857995272,1
0.8532846953591563,0.6700257329141875,1.2438643694420395,0.9217487299233098,0.4350225547271228,0.22771211688373347,-0.7508449472813414,0.393907098013219,-0.5010762857437315,-1.573822024733895,1.9059548772638313,-0.9337465053414231,0
-0.810476335518677,0.15501910788547021,0.19682676871221963,0.18969692316727513,-0.4079184146854739,0.5114264912233422,1.1434293153572583,-0.8778371977573811,-1.2033433107363016,-2.1631335492884896,-0.4274667978043545,0.08868685421845783,0
0.3512149277304927,-0.5636878738744967,1.3634835476103617,0.8167936994097889,0.1876366558775397,-0.3079835634217866,-1.161796294813686,-0.811098677611547,-0.8066225516182765,0.25162562439070385,0.3195373836010358,-1.5659411773900422,0
0.44211626367847606,0.3352171607477038,0.38199435177887736,-0.059012595683794584,-0.49469543282770007,1.388187104883942,-1.1451963711722164,-2.0648377146936947,-0.825815593002294,1.1328731451528788,0.1451995192804311,-0.9191016252106297,1
0.5896907956439633,0.15649766690257724,0.1013278935198792,-1.1079399281685987,0.6946322104875033,-0.7689995550510821,1.3103597445690105,-1.3886221355278217,0.3013139980530929,-1.2171951900705804,-1.3877710298267538,0.4489670743897743,1
-0.9144846260377864,-0.43225386389563075,-1.0819286953509066,1.4935911286312962,-0.5899586768783694,0.7883352053438969,-0.7103948899327134,-1.6257043990261004,-0.05276669885599406,0.8385390912937095,-0.19710065546687294,-0.2987340124558491,1
0.19273815783164594,0.6967099995732935,0.185979248385426,-0.885934198750026,-0.727904997107669,0.5511330623044889,-0.8747803889800456,-0.27860295582824823,0.8892781932372837,0.16136853951142063,-0.11846252508949691,-1.2781263755053176,1
-1.5729975730265993,0.39628106038883304,0.06449765494118789,-1.327534495048639,0.9909466529017951,-1.2175658303049095,-0.748259719762218,-0.5329960018429072,1.4836261386545828,0.46384086830755955,0.1880357501530901,-0.6728247806426384,1
-0.727206021540623,-0.9967045203895216,1.8325304138492184,-1.0023840895817402,-1.1940122738969576,-0.3481355914852468,1.7886726741777668,0.12630490629470348,-0.418378194041374,-0.9877977777337107,0.8403347291188016,1.2597943816091257,1
-1.1044370577778289,-0.5703627374467299,-0.7329983047735795,-0.6162996243191409,0.042449333449198136,-0.857422939499943,-0.1951532834994718,-0.7437084929318305,-0.4436805561477521,0.1373957783079694,0.5858576753008397,0.21949969463867014,0
0.17547328913258733,3.0512992774029493,0.25796921974984827,1.4166637804974116,0.29771203044910943,-0.5920589467741298,1.2428627055046262,1.1340737559717877,0.3418982509286557,0.49378515653321586,-0.21816360792151582,0.7605858752409604,1
0.2852910677732769,0.03651397431975442,-1.563603729155199,1.8163209657314026,1.692741414076368,-0.23273570065677848,-0.46363012298605016,-0.1383403805232995,-0.03764650284066925,0.8624128134844237,-2.240218533302302,0.30467428676295244,1
-1.5704046143557833,-1.4219288959457825,0.5048951520242012,0.00310875594833103,0.5317536464600049,-1.18070540629653,-1.6432135537533479,0.4001834486388773,-1.612448053724976,-1.797405921517317,-0.09092950018548414,-1.5729069707850578,1
-0.530178107010846,-0.5675914441224749,0.19440683608653606,0.26051001705579235,1.8147508143172206,-1.2765836846111338,-2.076058612571186,-2.288957009375224,0.3764387495953981,0.568393094524115,0.499673889463807,1.2434983895294487,0
-1.1493534950925903,-0.5021526129807021,-1.1514025596257642,-2.7146305934770223,0.32814359860530146,0.6100025030848073,-0.7287155589608704,-0.6312073788875326,-0.2014878424144674,0.28214919625197393,-0.256859433206176,-0.48747873528899005,0
1.1132496193929724,0.16115070592160402,1.1013377731403229,0.7120173085668547,-1.189809076491005,1.5694105377602174,-0.5513619473869882,0.13920844365828686,0.4655583387165791,-0.7467946042460614,-0.0065452577776201415,1.0403372179424855,0
0.6190951289451384,-0.8005347618537481,-0.9670234286512901,-0.24743985663225412,0.4431539820011407,0.44317309401508453,0.5831953579747488,0.32964457619942694,-1.900594264993902,-0.6595925817935536,-0.696433371366536,1.5976296209112755,1
1.7178600915864852,-0.422368717347414,1.286239678848101,-0.18830621277979118,0.23512688377979132,0.10793188686681864,2.055150055520938,0.5055744094555633,-0.365724593484646,2.3358406842065866,-0.07950739013942554,0.3590019643595227,0
-0.41391793359439194,-0.6834527898903324,0.029818997749753967,0.07738300514032487,0.3315042034413954,-3.3920776345546764,-0.3916113878716493,-0.13020702575156118,0.16746293699435,0.7210471901152493,-2.2175562025534092,-0.24070759630663013,0
0.31844536903859133,2.0013041174051045,0.19032864949964032,1.1673825533469762,-1.4147072128777438,0.10239132279285144,0.5034639859305801,-0.7618743238278529,0.8322715622694071,-1.1566676351095044,-1.527164498398125,0.49938546946182316,1
1.5480576668136123,0.8872395322092513,0.04181485597983705,-0.3444379077517089,-0.3898815541514878,0.2748899340232263,-1.552992917599898,-0.8211216060340157,1.2813294934571455,0.6761287949912771,-0.0027339329782249274,0.542431639517894,0
0.19670489090012983,1.8029609702604656,-1.1731037188145064,-0.5614911685077494,0.2041336786783763,0.9387997485275835,1.283085879209823,1.541744356358047,-0.7549009529271262,-1.1201097605929464,-0.17558497664214215,1.1886685686441112,1
-0.037716015912249864,-0.28850042168743645,0.5219717779356755,-0.3853313884610368,0.21450880942514305,0.005276861969116846,0.05466812248849575,-0.4916046877847926,-0.06915293695843312,-0.14331591649356348,-0.7584758810655399,-0.9409692915278557,1
-1.4467643505702947,0.8487580203376002,1.1302311742396243,0.6232746487800377,0.4232646558489247,2.754664759658457,-0.44005923978058176,-0.0738387670683455,0.019969154641675726,0.04188109849226454,-1.884171841344924,0.9393871749767571,0
-0.4534340818873684,-0.5278294672434306,0.35457709318182373,-0.31438526227416536,-0.2283157945240523,-1.0001984009395388,-1.217933609278556,0.6546678736909107,0.3363767072133589,1.6731329967890682,-1.5819415475371683,-0.11019814665578241,0
-0.32472997831714,-0.4491341157788215,0.5417099203721414,0.006041243188252239,0.8210675913204396,-1.1442414115856314,-0.34346250746665025,-1.206354049927314,-0.8884904943878088,-1.2844958969103795,0.819933872996163,-0.3698318621346735,0
0.16293494600742964,-2.1089106077897246,0.6480946305384643,-0.056483632585229024,0.13416247740515544,1.1693258125645274,0.279826680851162,-1.5778642172086912,0.4937223382474771,0.916414363162293,-1.6389771355182048,0.05760828580154045,1
-1.4013777233343254,0.9480710915930483,0.17570398594914374,-0.13304501214648384,-0.3436975686748485,-0.8104753565524837,-0.5558271811279294,-0.47865598657803315,0.3922409138871329,-0.0038631348429501826,-0.23440229007935667,-2.387738999429364,1
1.4136669027046425,0.9998038793822862,-0.8139567923998868,-0.09503681663374206,0.1866046109028165,1.2130231487757666,1.2235179179015634,-0.11385701226418482,-1.3353763025915455,0.4563418561041399,1.7576142728993298,-0.7151294359769157,0
0.02504946500387519,0.108328726218465,-0.6435315944971081,-1.7521583944271621,-1.200386510552289,0.4825573909225324,-0.03382572793377939,-0.05094010218075943,-1.086072266766571,0.1011233567085849,0.2637712918955478,-0.544307492409341,0
0.06654514494441446,-0.3635970701887858,0.13721599455014044,1.2974697567734335,-0.7574409553751293,2.1555835654065505,3.2619578599667336,0.6613719646030466,1.0561885802965483,-0.45217997504054996,0.00514785238688137,0.22383705913874824,0
0.796032339837034,-0.012104815007016028,1.1978263278287817,1.4034008748115494,-0.017345030705363453,-0.7254913000910356,1.2100372340670578,0.38581986744053165,0.08953140802581948,-0.8054373677460421,0.1398502632792478,-0.17905240933005198,0
-1.6345935012224122,0.5430993733430831,0.7378302881381398,-0.10221663434936352,0.17142165805539766,1.506839149429494,0.26537603723667197,0.4181596459131318,0.1748141481547955,1.4246157680810816,1.0052508636039883,1.3809143472739196,1
0.5893845140016579,0.9020085155146308,-0.8636003109369631,0.005781250785947398,0.5919906953297803,1.3871050465334103,1.1353631046898511,-0.21107975102604268,-0.26352085407297615,-0.34666639759469225,-1.3979873794201747,0.3559593526189148,1
-0.22721061186145963,-0.2914309320160681,1.363058823932664,-0.24568935308454504,-0.5647190106861159,1.0198008667466085,1.5185893135695343,0.0012283666356220134,-0.2960221985925911,-0.05621264127306018,0.9465368730753407,-0.20533407936658934,0
0.3612824221040591,-0.7740759635999991,3.3025806942182516,-0.2832432308295732,0.48201364795323237,0.5565420782309691,0.850166204695351,-0.8488505654555766,0.3557927966598105,0.3748064540948987,-0.968199661444223,-0.10724897179726803,1
-1.3960204312716564,-0.8465574964812886,-1.2616944706990492,0.04058812100680428,0.3261802991196392,0.09749124573569118,1.0009631436404753,0.8768949216954508,0.6533228299960717,0.04643590786306426,1.2657011031407526,-0.6728025101047469,1
-0.48912239914002825,-0.24190333658135943,0.17675226782030254,1.77987985764524,0.9798870615950682,-0.8236141427730197,1.874998532897999,-0.9267616773437839,0.1964793875970743,1.1642022315518437,0.4864406858642598,-0.1377125427989953,0
0.8391004391482972,1.5975341930393754,0.3522547786153244,0.1396420905117394,1.030188604851946,-0.904743150527185,-0.7834961930382736,0.4474163707974105,0.8548215181674645,-1.7910991853886695,0.5996143171445297,0.3509960105071445,1
0.532391503376309,0.09942419378899031,-1.5555015804060333,0.09107831802728208,1.7103504358540085,0.9130413408259472,-0.7324762442835385,1.0169667260807134,1.208237720760653,-0.5272554158533438,-0.3262482085353306,-1.7768228072481127,1
-0.5259701588290913,-0.4042682545010638,0.7544962275419664,0.6561687060174022,0.6668177840439864,-0.290358238658429,0.26458012678986514,2.002536814438659,1.4993123275645488,1.7691502015442182,0.676811528104041,1.8063775008131675,0
1.827309818063202,1.4729601532345264,1.132456295641056,-0.7943602042172214,1.363259817956673,-1.3089550117406992,0.42525338973705396,1.6925493038802697,0.43181470044104026,-1.4680605310734407,-0.7608788115428706,0.3078226517100736,1
-1.3215870098548796,0.882869777509043,-0.2373634038134331,0.8903769708013187,1.0347280666981078,-0.337222685746634,2.811001306120647,-0.3951984425150675,0.15901024290658025,0.7191454717432803,1.5763605101573845,0.5095113870495965,1
-0.15689330572302468,1.4549643303765478,0.19176282735004258,-0.18272144812226193,0.4604483963343393,-0.13990504496474543,0.7448934888589333,0.41145918616788196,0.16557832769289452,0.4324241755565985,-0.6544759366826857,0.6179730853260393,1
-1.3973181796034924,-1.6582767952132242,0.22924363910804693,-1.2460799597184238,-0.8511227442778244,0.8438537848444361,0.791412692368634,0.5508167844521188,0.5875455362485367,0.6131704814533577,1.1689983222082545,0.07336452025254751,1
-0.8158764783042176,-0.47707861402177637,0.06122238415918751,0.37353350919095857,0.16051766805974144,-1.8844926539880307,-1.656641500918384,0.9928808544108249,-0.786371033746303,-1.0823445965465954,0.8711982187025489,0.65686666971266,0
-1.4964153871362413,1.111129006260209,-0.6419608716790354,-1.4858421486386706,2.056175960614464,-1.3216466169216026,-1.0381260520916018,1.513076055798426,-0.16106941025652852,-1.011091340167882,-0.5399969766286975,-0.16977830075871364,0
-0.38792344036775533,-1.343830940121841,1.807954137371211,2.152033840074022,-0.6669022972948131,-0.7129054505057126,-0.9611215567298452,1.2773454947286673,-0.2030319633284916,-1.3481600119057169,-1.4256105692913006,-0.03207879569879224,0
1.648900290505837,-0.21761794527566916,-0.45538765724508495,-1.0607326611467762,-0.16547124971042265,-0.23156783815901713,0.4074793649818421,-0.05822115329618456,0.4095451397649447,0.18884334589968083,-1.8201000405244914,0.09247424016277273,0
0.3241565320513882,1.1027164723522502,0.07619718735079337,-0.8834251636314524,-2.0886236956437587,0.7579252848824687,-0.9733141630036245,-0.1073857758964269,0.35217897074624466,0.00209188832186276,0.25273914912024453,0.14065627983303697,1
-0.773985748050784,-1.4654353767301196,1.2845634812971216,0.7988117934672625,-1.0276927340360904,-1.3210379080469348,0.39051415672036216,-0.8047737465178031,-0.9109451910398493,-0.38193049667317513,0.14447415687712747,0.4610574590738934,0
1.6197112710358381,1.187318449331281,-1.0863534223918683,-0.7470323545710916,0.6765788437068597,0.05607862230348337,0.9791860327736804,-0.9906479072561668,0.04619993025736981,0.44276197248841037,1.635243992399176,-0.2728808840920178,0
1.0122800134659318,-0.44467488516796194,0.16092601494255307,-0.7463846260208342,0.0014260702498165142,-0.6594902938015395,0.28515112996559705,-0.9805577231631694,-0.9931862277620959,-1.4577742044914037,1.4395477016429499,1.811561068807888,1
1.2764384411164016,1.2323246340803002,-1.3149552204859811,-0.8612657726792743,0.9141853276124228,-0.5945041613001355,-0.051442603805053944,-1.2845643022920057,0.30047133186663516,2.3239507696830444,1.2118681625252907,0.19067290879504026,0
-1.1817998073467926,-1.3079664917044809,0.5091967793042812,-0.6797393249908329,0.09839181360607195,-1.4570524567364196,-0.4074851432180248,-0.4267559681223637,-0.31232482170091547,1.6643013949944339,-0.6618261178636685,-0.34803105542009505,1
0.02139439263133987,-0.06796678387736044,2.5935192999187997,0.14213863199352744,0.3151384322608633,-1.1809613177114746,0.123607304911598,0.14052389383539118,0.7927971321936472,0.1697820934001547,-0.7512183972949896,0.9069529630472686,0
-0.20306181472658155,0.7526978451912661,-0.46646751822208127,-1.3028032346916567,1.1085492367085794,0.6355196520294374,1.5766216262707102,0.5014721123415806,-1.8276671717781046,-0.15636164106472775,0.8698563045480553,0.5486152122347763,0
-0.7149142209452566,-1.798061324096278,-0.9074763639212583,-0.4152213903935119,0.06008756980347543,1.5839691045970372,-0.45169194827643827,-0.9931177516454113,-0.7080566813553721,1.402967015595077,1.3288723107767206,1.5159720938632377,1
-0.3474496261515043,-1.1485940340807634,-0.5881253968352226,1.6758434525323207,-1.770647135541054,1.2242887518478611,-1.8828630735769647,-1.3778319006951685,-0.19884122926133493,-0.015912417245550724,-1.0351971588623616,0.047064256165013696,1
-2.146202312244412,-0.05129295743677022,-0.8485950391742927,-0.7700733056838167,-0.5058989481929164,0.11489109737159069,1.3091449170742628,-0.23253613275869459,0.7548457465956887,-1.5449514271403768,-0.23102879986165548,1.2341108584759717,0
-0.027255963019146397,-0.8542349533273997,-0.005039895077789735,-0.7938206571383342,1.3492666236894988,-0.012223860038254394,-0.927848645634403,0.10794897122508325,1.702841447548802,-0.3153320899009624,-0.02432647780008932,-0.9666966852020984,0
0.7701549636610446,0.008644244924469,-0.7203395007665491,0.7812906373596066,-0.30574623279396645,1.3202458419323702,-2.3217593806311645,-0.023904994119961567,-0.3586650191156012,-0.6113980922862989,1.5117739695250707,0.24834378994981804,1
0.01200879990405062,1.5993343984149966,0.114689632513888,-0.3615817096238643,0.43026477272205343,-3.22508543697229,0.550872464707787,-0.4604703470954538,-1.4797719871701056,0.016236900947895167,0.2506645870439614,1.7457327362613382,1
-0.9553720775288799,0.16298673401216665,0.4072646935576347,0.21518089221372802,0.16208125538415308,0.22362660462593792,-1.279605825218574,0.8394563032315638,1.0102460156334439,-0.4728253224911208,-0.24215649733018524,-0.6601585461345952,0
-1.8737524700788308,0.4559629357336886,-0.20211060041502665,0.5683952371995243,0.22660682772085228,-1.0485975018403095,-0.4268652809534005,0.21748258920181987,-1.475629376565652,1.4057930072367928,0.32273187888333116,-0.8924945936823133,1
-0.7612144458427259,-0.5321879812250092,-0.1996440535296929,-0.8222194344073263,0.26757910373703636,0.06793252153748888,1.100527717812454,-1.5844383075645334,0.8808746908439099,1.0019677230803201,2.168569383879421,1.631328522390825,0
-0.5923377765635306,-0.06939326146361091,3.7288334703809918,-1.395911949945613,1.333416649524404,0.46142595511343576,0.27012414025795395,0.4469062520714303,-0.7695518198032125,0.3428842193093001,-0.9666889000654034,0.44060061010830104,1
-0.6858014956647001,0.49827429408122076,-0.49842522762506214,0.21148876198968541,-0.9991682654509842,-1.4816084286460325,-1.1335664254510884,-1.1162219346638778,1.3051043668764615,0.13082516363773233,-0.5990062345223114,-0.9662774280209053,0
-0.8781626362518636,1.6540764061052824,1.4927513037689413,-0.12185799295060278,1.0997367305685055,1.7844667192102819,-1.33142214092641,0.35419189217077435,-0.3252760395309532,-0.7304304221125043,0.5505592290783992,0.4183702233698024,1
-0.47224005457782897,0.41045193341097375,-0.19549738756061408,0.7284404747613157,0.4003848047585908,1.0717709223502045,2.0079771897876872,-1.2325692086504318,1.2299743004718628,-0.5531756985235918,-0.7374572557475262,1.4967094949215143,0
-0.4029459967879788,-2.865249908908143,-1.8344316060259889,0.41035061406889406,-0.38886805964411586,-0.2720452832606112,-0.1022989629890433,-1.1362353441656101,1.239110447459167,1.2282904869027351,2.201616383972867,-0.8063164262603696,1
-0.4157174792425688,-0.6840827834127281,-0.16821854084958643,1.036639292395689,-0.7928024225519539,-0.3382693568340056,0.7898964163735315,-1.0099702907731014,0.34106589443730967,-0.135883213082614,1.8147015447989272,2.5595767263229265,0
0.5507744748148856,0.5691226530670535,0.27246216818898195,0.11271973032273887,0.8825910915312333,0.1758049482580922,1.5899737908614786,-0.17948311367812983,0.5699958484835724,-0.4324661164449387,1.3166229838737231,-0.8577596549820115,1
0.30469698071519186,-0.11940346500755004,0.12037892127064345,-1.37531056958043,0.7690122149559082,-2.3297344838645566,0.021491077751446607,-1.5730546812537989,-0.3584559305945217,-0.4907420766675821,-0.3657461345868992,2.0177906620554626,0
0.7665770967671871,-0.005494614469678481,0.2641050864431505,-1.4540955181539692,-2.4931080453202754,1.4335433033142333,0.24971853979506742,1.2324877742506726,0.2863705028093545,0.2548669682276905,-0.09513330551296667,1.5974190641757051,1
-0.5434083316813244,0.6436609622463444,0.2283996501564965,1.2958249595065245,2.0571786859395376,-1.6179668913235117,-0.9894012152905032,0.962209529937756,0.1383889205415631,0.5000413315578975,-0.6745441002597745,0.0161056078600584,0
-1.7851407596463154,-0.9418779235626746,1.4769502435188206,-0.785169990616324,1.19557653999249,-0.569822679749544,0.022392184738786666,0.23728922268399338,-0.877475993848874,0.739122429139663,1.772485343337117,0.730137829554629,1
-1.2083244598209375,0.30415939213690785,1.3089108676207795,-0.6170790046418414,0.21861573827758732,-0.8435987419938723,-0.6398968153488456,-0.2937462082723082,0.19087517720187727,1.28350323222978,-0.2918906971368359,-0.25440351139375156,1
1.1943605192007443,-0.2595219945273987,0.7586654102624771,-0.9673052969066781,-0.018720818030451655,1.4905415728630032,-1.5607903556167344,-0.07232229592564415,-1.2117808541274306,0.5101894241331615,0.6153074169742309,-1.5155649257810173,0
-0.2864920353945308,-1.76195666691878,0.11853954579929935,0.5635870808275866,0.8324007496895551,1.0288991827066574,0.5637259777397962,-0.9598121784787257,0.4671693944787441,0.6563400434115775,0.44001983651938753,-0.8622533046321218,1
0.6365548753767399,2.209068928295002,2.021793974593194,1.2092996607671154,-0.5323081840457754,-1.0135344422710415,-0.7191372496387437,0.19216487920317785,1.0037820820428216,0.8592018412381374,-0.44312349679941593,-0.7309718044418135,0
-0.7100155050010343,-0.6582003316128435,1.3184701413209348,-0.6904749723973845,0.8886650673413249,-2.380206501001324,0.2828795428447002,-0.9326296282277486,-2.928081262448799,-1.540317712608681,-0.1623694889320197,0.7444864064993733,1
0.7241614403949157,1.4905644724703724,-0.7131943479541224,0.2171588846603399,1.1845266382797703,1.3826989104350333,0.8464861432433469,1.1527791902120683,0.13322466739128266,-0.10597255101440523,-1.0203032996927943,-0.8911923118739672,1
0.25239664674058443,-1.5050491648223194,1.18350430782644,0.09094954254625966,1.443153493880346,-0.31032649224795295,-0.23702079275935353,-0.6569840290116631,-0.8881812465967539,-0.0998621418569186,0.6482926731786869,-0.3413507264370251,1
0.42905201999842835,-0.9621844177100346,-1.5533200913847443,0.9273314353248708,1.5382820563593678,0.5865850252654368,-1.5042456977662904,-0.21502126289700407,-0.6945463167107234,0.061837814173311134,-1.1768033423988822,1.149230194982159,1
-0.3210994463830153,0.6704807636415204,0.6526248655593953,-0.2140881979475563,-1.4645718742323033,1.473540969618415,1.8768054531068181,-0.6036324919016071,-1.2580365798748514,1.409637195713517,-0.20399102672615171,-0.9827797379595521,1
-1.197090773702822,0.8689645874249993,-0.32969112720316623,0.788649200701314,-0.3655568656523327,-1.3534858094068167,-0.2700921738013714,-1.5646860889783685,-0.12895436588628442,-0.8479164209929312,-0.8912481396360429,0.9767112859094566,1
-0.11006490807109592,-2.150403053930106,-0.223305850967806,1.1755064847192664,1.331499378333969,0.4398377465454959,-0.8010002647877886,0.12938359604661978,0.46837558894880116,1.8008583239473845,-0.946217973535502,-0.5381392326283649,1
-0.010575032954616096,-0.8405760064840446,-0.3090438227478911,-0.5398062864688441,1.278132968130083,0.15334282934600785,0.19124150479455723,-0.1280550893375617,-0.8170889299796787,1.202333883550344,0.4650906603148535,0.3060898837474025,0
1.0547704746611104,-0.4469271126721687,1.618273255876584,-0.3617356498562306,1.0342643798104851,-1.1145204115044702,-0.05755484359543345,1.0629092788980434,0.3005543396265375,1.472611061155157,-0.4414190263396919,0.5862634912396463,1
-1.1297918690595512,0.6189246877916027,-0.08744022105248352,-1.2089692202799727,0.11187346443191881,1.478993843423781,-0.051209548695709727,0.3638280075908592,0.135246948510709,0.013385288905304951,-0.8881345500960119,0.45817765597281834,0
-0.8586728019435353,1.8476711171690723,-0.9726755001078033,1.3366695142288474,-1.5090619990004603,-0.029943683024188456,-0.49772957042477173,-0.8376717818104308,0.6779577664648213,0.6373662537055063,-1.3408179217413008,0.18636726819073873,1
0.31064001712869665,0.2616942930417587,-0.1914747054326338,-0.8879883713162506,1.3634040466271342,0.22713605634809161,-1.1870248451294734,1.7834245420852763,-2.4111728533596315,-1.2362601242817215,0.30182452895349643,-0.3936948750829366,1
0.18176425937936475,-0.42581006425832396,-0.2641196967833257,-1.1343646260356668,0.23387068074823064,-0.9706074484057863,0.22474127698367607,0.8289474150604466,0.6253666576878675,-0.1526962655889513,-1.034227571157006,-0.8625011229954814,1
-0.540565856100614,1.3188825844388368,-0.2842471496691124,-1.7509785598977408,-0.88192221597297,0.9671978089987543,0.4172928499229345,1.0379012033449981,-0.8901336398959881,-0.036774908899607106,-1.491229715791891,-0.4554258802187801,0
2.1655437272813614,0.127806305884926,0.9829605627938416,-0.5714573636009542,-0.36956357864744976,0.5140208945490701,1.9589143099697854,-0.5268538680962366,1.5216566904695514,1.7773375386849588,-0.5944759757208474,-0.4706161794199464,0
-0.07388196237224981,-0.49664889464228645,0.44659953578368244,-1.837643267841865,-1.5634656206165896,0.7544099887823545,2.1401136069492153,1.0474784330132079,-1.5457231962389197,-0.9842068002890655,-0.4761282631950834,-1.5641932918924253,1
-2.4525832467293016,0.5446081672009049,-1.5749668393242777,-0.4336979011933186,-1.2514947774830938,0.8369121409709629,-0.32994351234091795,-0.7163249548109525,1.7659036212342683,-0.0998453023633308,-0.5354556767643331,-0.014603694277323501,0
0.9885141516007148,0.7371191760953111,0.3012129043468816,-0.5404551137046438,-1.1239712102242656,1.6056121377401573,0.6539911682168384,0.9204135772818024,1.5108274863761915,0.3981466707950772,2.0223634609871777,-1.1897005223690058,1
-0.059699700384053055,-0.5611903167153479,0.7777848399833392,-2.3458145420071497,-1.436730841061239,-1.3519007070181928,-1.3445515036199636,-0.6220314372918243,0.4517497376394972,-0.6394345560633367,-0.48675031104900074,0.26844371294545283,1
2.222550521659898,-0.046918393681012444,-0.32628302807706155,0.5497606422264679,0.8652897409465988,-0.7150874354037465,-1.3349480238550677,-0.4037810392024892,1.9284310568118284,-1.0201583484848262,0.7077890936507382,1.2468930689237911,1
0.8936085982569563,-0.07518224676463482,-1.6478216895980653,-0.08792096653092993,-1.70382335205052,-0.557177161302153,-0.1236766919966253,-0.08578170122818247,-0.38606927140949293,-1.4549135824664512,-0.25418991559774434,-0.17483139064466927,0
0.4493081767282144,-0.2557211426917323,-0.8058961127697635,0.7636038132378149,1.0420927426911155,0.31360007829120207,-0.34797555037745187,0.6664390991761989,0.5304362838354103,-0.5084142567147918,0.2547037623981647,-0.8390051810649933,1
0.3349196293181183,-0.8761079484276921,-0.6438306086868207,0.16991006543257978,0.6245873675337505,-0.20301568639401504,0.16528405259549267,-1.553043802689685,0.7267504592519107,-0.26498038160107074,-2.757244485563956,1.1495586532412472,1
0.2939647756114575,0.7982354475540402,-0.20988220553107734,0.37072799835610043,0.4771193777172595,-0.7014373791761254,-1.5040596059021338,-1.159048961952372,-1.087447739227657,0.1754076987070909,-0.11990258017363567,-1.7849621352920824,1
2.3267022587228716,-0.6561647968070266,-0.9445424787647683,-1.525499400937867,0.18322985978855555,-0.5368068921221422,-0.5909896164789538,-0.000884217367140708,-1.7187244920636928,0.03421108904515013,-0.5053605770257175,0.578380267865185,0
0.04316831405067551,-0.8400726399042323,0.0817142678381148,-0.9702180109887917,0.38416201811102674,1.0444123792812319,-0.01170984918942674,0.3424570082957424,-1.367219350400985,-1.2551332984204087,-1.8933751500573748,-1.356398113427951,1
0.1656646409029111,1.5672369946095397,-0.25255116331294664,-0.8862242374996259,-0.7816380774454286,-1.3898051419061876,0.2266805434982175,1.2519751103359689,0.16174748341167433,2.786732613761336,0.6771876677419945,-1.1921272195532204,1
0.17272924074431018,-0.8347666606979395,-0.6685056501346567,-0.09044145698115996,1.9582572584267142,-1.4470707163724332,-0.22865130234432796,-0.4768524792988679,0.6037148938907774,0.1360747042828509,0.022522837004370456,0.5118968827593333,1
0.10619548771848757,-0.07149008271814043,-1.1886541824403498,0.12073029746243495,-1.5213651415600067,-1.1117821724072203,-0.764589246603115,-0.2667933388772081,1.7275205839906305,-2.553126214465102,0.4809952901441971,1.1643865405214777,0
1.4834164993249497,-0.2608074309620032,-0.007814178038063571,0.8194833119595493,-0.6243825890685832,-1.5308605784032931,1.8616522128250295,-1.4138748266228702,1.899518328800657,-1.3986685964077505,-0.09540722043923086,-0.36108736305335953,0
-0.7478262626179232,0.3237118642818768,0.7004613948016998,-0.8646830629783322,-1.2425900385558253,1.2978998732982123,-0.7641087381855363,-1.2157766413650295,-0.3556592888953675,0.21894416646845485,0.7802448736843903,-1.535223165107293,0
-0.18837438625037098,1.0793280086560717,-1.5309898185904032,-1.225792362609154,0.07777421880966753,-0.5727035283427179,0.4346510609464808,0.3576152671436602,-1.9684914990147016,-0.8543232783893013,0.0945278405478487,-1.107710414866925,0
0.4343476144385289,-0.922186073806756,-0.6326606764603045,0.698705701797762,0.7898463050677573,1.2950733266700896,-0.827928817213745,-0.6253083816639701,-0.2588823701353189,0.3247726635008832,-0.23181884602390906,-0.5371172796028518,1
0.1809155287177481,0.8523774191159513,-0.9211056251815577,0.7148873406160512,1.4707980615831597,-0.030982961211256967,1.4167255879592282,-0.8531459003128581,-1.7821818670710035,0.900876343841601,1.556673651838001,-0.5690079230046761,1
0.4627462451314623,0.29405630045200215,-2.319112798322355,1.6069496566654107,-0.5318500430677426,1.310376768230845,1.4491704210258964,0.5187805263067574,-0.8468292881311369,1.1966280572593637,0.3400798643887354,-0.6929806666598902,1
-0.8872898114097045,-1.1405885434537522,-1.2472385342065748,-0.40152367313911425,-0.4033811252103414,-1.121405804932807,-0.5190777100582691,-0.1438474993841508,1.1807143666841384,-0.7215710629191755,0.594136497049565,0.21101729538108382,0
0.7047109080074732,-0.374453452008984,0.08456841566581816,-0.08047618997843979,1.2416103980855033,-0.27956023247798845,-1.5293503685562257,0.6271993749874766,0.4886520529063032,0.461273433895941,-0.01847218579707564,1.7948593219569997,0
0.15180306728482715,0.7512610250345199,0.3196595106652646,-1.2476509129291897,1.8805009046890198,1.0186134431921368,0.29669362155502116,-0.6300699170890831,1.6658842730521688,-1.4584332525945785,-0.23078531629133694,0.6018296613296679,1
1.5175485592984759,0.2907802644543788,-0.3279863073972426,-0.852508424134161,0.08922772843620697,-0.09559103257271469,-0.725969489589892,1.0769749083856999,-0.07754425908677795,-0.4037105840894213,-0.662000901961228,-0.7195849215220385,0
1.1201599053060154,1.0178336742474534,0.8770372862082063,0.5651678929800116,0.5318262551165923,1.226829373126004,-0.6537813782213175,-1.2194983689832637,1.6440078388805235,-0.7011360902029788,1.6700105438765658,0.2507902220366457,0
-0.46602388172954895,-0.5939178007501555,0.12144150130418771,-0.6315941274960685,0.04845036468750513,0.5185804657728454,0.5443817725334674,-1.3075561901543193,0.7681109586477625,1.7758581853024797,1.0970906065978452,-0.42561793665795516,0
0.29576030997301644,-0.0050877886515923385,-0.7776760052010064,-0.7211743292428822,-0.1703882751172563,-0.7160968520699393,0.6777833729204154,-0.5116395047199858,-0.7122177700486283,0.03230882617433649,1.3767563311022808,-1.003260667688562,0
-2.191347960128983,-0.2090747369138604,0.44803741577233364,-0.933185635286155,0.20507229496781396,-0.17847800894797353,0.02692105920624175,0.2500000991566334,0.350417388263325,-0.7231077591318614,1.318603075450424,0.37741366078260546,1
0.47632208075264243,2.288362431351942,1.7004264236152655,0.17917171867105372,-0.1545028750326319,0.22128939304266965,-1.4641957761438869,1.0090938717707152,-0.8263940340074015,0.12599207571264473,0.9932493799631242,0.21107960830945033,1
-0.8824446674024227,-1.1586840841778452,-0.4268852429397941,-0.32508285997926,0.21292930499442256,-0.5348062381092895,-0.5635955198515761,-2.0642785808223145,1.1454867667910185,-0.835810800913565,1.1295359399487064,1.2452056605399808,1
0.4556614338391399,1.4603063991197451,-0.16761498102733874,-0.8745947875930726,-1.1120341770908744,-1.2929956189131226,-0.455480637492542,-0.4084697752568336,0.4749869906372738,-0.03390968535282968,-0.09461543988032191,0.307303828247976,1
-1.2717012659639555,0.8455476012242031,-1.2825144085051194,0.16526006711576935,-1.4737471709529775,2.74944767695351,0.4258854831383469,0.46901235773405137,-0.5399266343582582,-0.13283698938343882,-0.14515938101033898,-0.7556799428493847,1
2.7993790730479855,-1.3938907777342109,-0.3192160864837978,0.5418334040519072,-0.2107698225457783,1.0305261043854017,-0.07905426716832768,1.5074274534559837,-1.482883910301124,-1.0381011805362732,-0.7447098277175317,1.7130879198906417,1
-1.0145034418538283,1.7995272981972643,-1.473316913927404,-1.125431823193044,0.09064920004313569,0.14257330865614226,1.2972532872755347,1.2165792531253175,-0.2236045267865489,-0.31957674283762944,-0.06065369073880939,-0.22036313054666012,0
0.8571550417851056,-0.48238185318930443,1.0908820755833746,0.6212937502701991,0.2284227741208267,-1.13130354952836,-2.735517269439004,-0.37930671972959146,-0.018877566576541813,0.17420776769068486,0.23522396549889094,0.3050443020011231,0
0.5226652329268464,-0.45031254772432516,-1.0507090705490458,-0.644582059190524,0.3930336952854951,-0.30034275441394354,-0.5089401885690238,1.1893794176431167,0.5511168248987137,0.2802213757834444,2.058146340227212,0.5831493144855519,0
1.510785854296095,-2.0425995912612582,-1.9515497460378097,-0.34779903496133724,-0.016527437194077257,0.69417886789321,-0.19829048741431113,0.21155795227731564,0.04926091560180877,-0.5488965138437593,2.3018276944532703,0.8377183765364459,1
-0.11921522647985146,-0.2509454480241873,3.6843600954531155,-0.7410196843697527,-0.30037522983551623,0.46871071827548433,-1.347018791004846,0.8403715137864279,0.008731578032393213,0.6444155714116941,-0.3769167628806415,1.1567429050165772,1
-0.38022636772256346,-0.09665058715759724,2.116589888329135,-0.5971150888010442,-0.21747811852571267,-0.25541938199938136,-0.05216954546626827,0.8936051704024238,-0.400522913882216,-0.3851544645201239,1.7822651113663108,0.34463100595159746,1
-0.17422539898231282,0.7804789256455811,0.4722104778146426,-0.1894595747524003,1.2231114102076739,-2.767198030666915,1.5286771454817212,-0.28931006995922226,0.41055963063140605,-0.0952280839997701,-0.280623070331384,-1.8847027277965762,0
1.3334622079689165,-0.3433148905425716,1.1594641817994524,1.3545495955891573,2.152111114628948,-0.3127597603094765,0.8321327277670724,0.4285472691244935,0.892909017826577,-0.6173183972441082,-0.36250815041183015,-0.0005563528964672754,0
0.24152816371054853,-0.2469118440489191,-0.9171754807921942,-1.0469002795606903,0.8871894348378644,1.1221900149499928,1.6969480512987203,-0.366382209159847,-1.1923195362414176,0.4152965670130089,-0.2577427491423401,-0.13200701408513177,0
-0.44288792073559746,0.16091727966173075,0.22629304479617185,1.6743214809727647,2.0519091052577605,-1.2975848885462264,1.2788324626413003,1.8106685109916112,0.8880655862326324,1.3917441843740808,1.2876489464594059,-0.06610507461362648,0
0.07545142610113474,0.3174281961220674,0.07368773496822043,1.849758187753005,1.0383530435888177,-0.2852479324975244,0.6068863169304852,-0.9737382890789862,0.3836000160446528,-0.5219494891267825,0.5588865952347487,-1.3857946554054457,0
0.5675732615001851,0.3652118945667384,-0.359333756794048,0.29315902759209916,0.6504172240374997,-0.5319201160413926,0.021163705104701353,-0.35977597353307783,-0.4201020192620998,0.4628333536041268,-0.28633568499378764,-0.32016901895963257,1
-0.26671693079622505,-0.19688550524894294,-0.5498377406145835,-0.32380635856560663,-0.01443400740297975,-0.14231433448641184,-0.8181958341236382,1.0890665217922035,-1.13370307089424,-0.7039430804233073,1.5024051905931504,0.3995194191863169,0
1.2217404842452515,0.013027345552677741,-0.7707873865138459,-0.06875401069762924,1.5471384690491137,0.7483120005190859,0.06627941630249144,-1.0590771616799157,0.6620534270496562,-1.0445373443643917,-0.7483292173647146,-1.7121727358759018,0
-0.11071487100339243,-1.0361255858550091,-1.4160094076503045,1.589248219365338,-0.002705278749905955,-0.5084653640579644,0.31351227307097224,-0.05814425174030978,0.20735128986791845,0.7681136225749164,2.580331474608105,-0.8923728076267939,1
-2.09458060182193,-0.48644748913441416,0.6658706979658057,0.17076933855245632,-1.0704327421000324,0.48445914420929903,-1.2936314013294448,-0.09530718138854112,-0.34824498628337663,-0.7780122100094563,-0.4917825661558356,0.7020714006716481,0
0.14198098866754905,-0.8634075775554585,-0.8177737029396169,-0.8318384126292683,-1.3216817038582347,2.3088119415177903,-2.0143460383918725,0.07697992761080541,-1.3472826788617596,-0.5193342205042848,0.970013216443564,0.6989347459579546,1
-0.3978950455574567,-0.2696731163182261,0.2283091342758206,-1.8616844638652035,-1.0586843363919403,-0.3653836343988148,0.005375266182940035,-0.4486610704771126,0.25794371450088294,1.0015900295418656,0.3610925030681463,0.5000207896488847,0
-0.9809370521996327,-1.7721751015321183,0.42156158398252297,0.7436789830347512,0.6346824090659079,0.08427327768995607,1.104491260742631,-1.3431791450092803,-0.23734100855855927,0.6748911952383889,-2.0349758688899677,-0.05627313403219035,1
-0.719605263870177,0.39769543615179004,0.7861783854370045,0.7086153186557159,-0.1530856856521806,-0.6626107618716917,-0.5785790929170971,0.28069940612234767,0.5709968646065199,1.1758059213273941,-0.9048918439364235,-0.08232324015058001,0
-0.05291029643790273,-0.08901666560914169,0.2687785905692056,0.2000259450651843,-0.820795169973319,-1.058842070386007,0.5178146112421677,-0.9188865001451697,0.9116683032013592,-0.7584470321156044,-0.3746478801686588,-0.6278634314888338,0
1.360286716570055,1.8735594697146223,0.031244908825784963,-0.6155766805031333,-0.5128880091791609,0.8552500274661442,-0.23534558958273608,1.299399536907917,-0.10371741834987788,1.222224346841245,-0.15804000331022605,-0.9105622717554827,0
-1.5221814756882852,0.5233591871824983,-1.3882211423292956,1.11088247899401,-1.0201331662721447,0.4733704569843841,1.6136976021780889,0.8571953817209913,-0.40749084364439375,2.4528750106797887,1.4561734611294115,0.9693002502241528,1
-0.019964311016591022,-0.5306901249248136,2.3796722117194133,-0.058053740340297255,-0.5866542423316391,-0.19227453533136596,-1.0789893057621645,-0.6773504202102291,0.357549122385548,0.26963547918756836,0.3884163892053614,-1.159475513739939,1
0.4983423487101959,-0.4489049654019595,0.4342530778868737,1.4411834085692534,1.297930743281853,0.7960166076993831,0.0388615063997694,0.04567143654109709,-0.5607849884552563,0.731758325672032,-0.9310933525447356,-1.5948754232485247,0
-0.38703095314505237,-1.6317751225682025,-0.7946580143988934,0.5059943689862197,-2.1032229765917876,0.09550261590179007,0.5428002534318893,0.9470659876194012,-0.7613856163167534,-1.5051182135160561,-1.9251282619376548,0.5179056343750797,1
-0.5436398084460158,-0.587466860414568,-0.05197155299788042,1.1885076613446275,-2.343613381260294,-0.5942460394009206,0.792394166904369,0.5353112230803065,-0.12547188780244184,1.802288232544132,0.1961805608328325,-1.4046122682131768,0
-0.6090008551700388,1.5891903586639036,0.147509326089254,0.6820878751392152,1.5553216721144798,2.426240422241825,-1.2354298070694618,-0.11189239416472987,0.15483683463972184,0.18364661746935163,0.8569012259567046,1.0956190464264433,1
0.16261001807253495,-0.010997147492628439,-1.6407768681797272,-0.40918643022253204,1.234238545370728,-0.9546048637038096,1.043675037268981,-1.230858331437111,0.5355693697593773,0.27877107715548327,-0.7861936060581511,-3.054780019897935,0
0.11007153937082509,-0.06304582311060158,0.7544250345526399,0.2642855416432389,-1.1073205111385818,-1.2212354047030118,2.136973424884989,-0.017615573055356357,-0.26728205038047387,-0.288550397492123,0.3663286587391246,0.30589665180433945,0
-1.3776921345900242,-1.2447711247495314,1.572801503807089,0.3534239368719777,-0.7024782758881326,-1.4604787412481253,-0.758818583241582,-1.412872388698537,-0.7653876194074997,0.4469034032688789,1.069695760711353,-0.22105582931003068,1
-0.7775924279518257,-0.5434968098696029,-0.8290824983468812,-2.418081199360179,-0.5749705490810277,0.15717366603386057,0.452117389713274,1.9329106985397682,0.07195860492655315,0.7135463182038113,-0.43535324716671375,-0.09209120956229432,0
0.388214960135896,0.3386615095125667,1.677291745491039,0.3817688853968025,2.256399154590653,-0.38931737996342075,-2.9931227998418564,1.8070628198648166,-0.444191408828125,0.4437484309657774,1.806142187877231,-0.7816712917893941,0
0.039661318942837094,0.2685365975626954,0.4772236090961085,2.9860314484293826,0.15085934891555633,-0.4480625043495217,1.1272980673505915,-1.2960298583251335,2.0958069925782907,0.04926189092826502,-0.722616502168102,-0.1286271746989788,0
-2.294558333633975,-1.7780502687972723,-0.37286211023586113,0.6652536662414296,-1.4397828100806769,-0.5028166626311515,0.5904541902750121,0.6076796628416792,-0.6006469967180765,0.6977548552012675,-0.21219952659767663,0.08500991140583096,1
-0.39688998462584696,0.6525505807134973,0.11388632208967799,-0.5487409706001257,0.28294709475842655,1.2817204937996611,-2.886878910175454,0.2494829476170332,-1.095973114331083,-1.2954200896676766,-1.9670908843981072,0.27777788151504834,0
0.4394563723192316,1.150191865838281,-0.42057292715883376,1.6683302939708686,0.14109516640309905,-0.9059772386723075,0.15731614103293018,-1.6971837877470302,0.24552280346492883,-0.34156529892884435,1.664674897706032,-1.0140458243505266,1
-3.1950548285955676,-0.730668052101649,-0.3449958555980678,-2.3687040768217833,-1.3318290323576538,0.5440782538138292,-0.12294083187540882,1.833562868575947,-0.5458360299422683,2.326397053554146,-0.48252767213027475,-0.9421999455695089,0
-1.0182286625940353,-1.7117473833460461,1.1514520956785674,-1.1925004418128347,1.6554186726070665,0.6973942698702333,0.4185670608322168,0.3973313733543538,0.31491076930353945,-0.932918402244703,0.4975586299424508,-0.7355257423796197,1
0.2862775560326396,0.16607497987592637,-0.1438495126905529,-0.004324686652334084,-0.11788092348443555,0.22121226843542877,0.6311454022524838,-1.9563181836980599,-0.3736302874704999,-0.8337203602743883,1.2051242429785252,0.5993414766133911,0
-1.12319404854484,2.4157017310795226,-1.208620264843865,-0.7051594573738519,-0.09526381155411028,-1.7386542665153149,0.3376686063748834,-0.12894983771780028,0.15222478301638964,-1.2080766203970705,0.3643763791922243,0.15626776821264377,1
-0.7654582205075168,-1.0550412955043798,-0.33596088697387305,-0.7857087486674953,-0.2908509385563335,1.1685358080753714,-0.012136491863654977,0.057394358599091075,-0.7174193798539963,1.5575570989670287,-0.6709710516455843,-0.5455789730536138,0
0.4732111468216496,-1.057675222032547,0.20389662141713058,-0.6282309645290586,1.776797447316067,-0.9214206265346896,-0.5230773076989713,-0.4828077345916716,0.16700639758386726,0.18778635215224396,-0.9888500965711564,-0.23280192664866828,1
0.19832619377270633,0.9391219752449712,-0.7177450761676984,-2.036670650137446,0.17947750306910362,-0.7965586349467144,0.8598241619234165,-1.1377613987215462,-0.7982953786208509,0.9779136297285903,-1.9665705750954539,-0.7424338776247064,0
0.4647180862707151,-2.6688238786496767,-1.61832018503852,-0.2566134342835398,-0.52811434028725,-1.029491392359957,-0.5483409411273972,1.3433150979934303,1.0174140871677502,-0.4037028638252912,-0.9779296204614341,2.3193674523874104,1
0.9442323404102233,2.029575191247777,-2.1227296868904224,-1.1755288941319324,-0.08384164464353708,0.10226959802092196,0.40261640785274033,-0.45814591945060956,0.7237247670899172,-0.45278779666233915,1.1113227219276058,0.5290308502798987,0
-1.2953941778898084,-0.43757409378039785,-0.189579289192889,-1.1568593925272717,-0.9189682679843555,-0.45126891120301843,1.522308235794152,0.586675916539984,0.2878735115755275,-1.5383055513401689,0.5891763936727902,-1.0948270853188076,1
0.02389617743590474,1.9197261136285941,1.252545851924818,1.0371653298395245,-0.7975317915365412,-0.6164265530523529,0.01641206166077519,0.12679600088875037,0.26899739502485825,-1.2443430690708959,0.9103969590185893,0.5468546654462855,0
0.4475140796206019,-1.712364947389851,-0.46140543439929443,-1.834698131023673,-1.3561783926138158,-0.4406089126420647,-1.021106043063683,-0.8688173447694558,-0.36130335995799034,0.317438025920378,-0.07771085668129857,0.3735134606228523,1
0.725279581733383,-0.7573806437060844,-0.912751108302338,-0.5261569066285882,0.3083706419501882,1.1154583876121331,-1.8556127737110801,0.3549961950849332,1.5179660232205174,0.0032700642359331637,2.267548389361718,-0.397198036065828,0
0.09756043395933198,-0.48408125533538254,0.762527046793921,-0.8723120415690814,-1.1367090770104342,-1.0299928179415327,-0.9641846321022268,-0.21545000277156054,0.6779902459629976,1.3422952673762911,0.9311621180971618,-0.7497220015937118,1
-1.6598605440620664,-0.6923923264914483,-0.16027728694206855,1.5193689875817729,0.0525412466563928,-1.0289678771259778,2.231024054207616,0.5192112334873967,-0.9360678516485463,0.060120305580106004,-1.4044768109916426,1.3674321418166844,1
0.9938065285136534,2.0594506736176315,0.250492890234389,-0.7563487078868861,-1.2895970523265539,1.3139418191066614,-0.026301311024725393,-1.9185674683641816,-0.7081619776817545,0.5690403695541199,-0.6540677089314801,-1.3844946844390598,1
0.5141092151196317,1.6919568947069668,0.33508104877608014,-0.02935345471707301,2.4697111252862642,-0.8245462650104906,-0.21450699898667178,-0.392287979502808,-0.9731295167986965,-0.7289602980383106,-0.15143260595487185,-1.885800906058563,1
0.3857365522585587,0.9492556734354617,-0.05863841476263381,1.436129391049191,-0.7307562514776325,0.11526097176863627,0.21057697953538418,-0.22800152980584537,-0.26208676504408274,0.34818284208313816,-0.9330268369573844,0.3681098272884853,1
-0.7740583183738393,0.45299781594934524,-1.2615978912466816,-0.49593580677881943,0.9581925873948682,-1.0196251241267562,-0.9130061861822297,0.14099906737494294,0.35300507772097506,1.1404791890843466,-0.7211195390815774,-1.554661667179597,0
-0.34696127749930256,0.7600408362273803,-0.8967464003070997,-0.6833101746712217,-0.6852960214237609,0.8064122313742828,-0.2739596249366215,-0.014429680028724273,-1.3202286787480488,1.0446907018422806,-0.26131398728164107,-1.317465696708477,0
0.8985727886977599,1.1070640118091724,1.1087675728616142,0.7473249804152113,-1.4185081872417704,0.38090842570877476,0.491631624149167,0.10709243399978387,1.1691102971431968,-0.7622322155315345,1.7002130444835404,-0.5216638994169355,0
-0.17729085984213494,-0.5719331774060658,0.7321568142748865,0.47749168758519744,1.3377133711646456,-2.1773124033985862,-0.049365544611318674,0.5107319174438348,0.5658965522173712,-0.414775935764554,0.17699398663373034,0.4697550756155414,0
-0.8781019802166471,-0.9140043216502937,0.7514501556750373,0.00939657381810412,-0.09734415983900857,0.6266509503827546,-0.9905803540542252,-1.5683249335200657,-0.6369966547019286,-0.5174685292680532,-1.1257757869118505,0.862023678828339,0
-0.522238135973041,0.6822422128660762,1.7818972290001234,0.42512853970179953,-0.7994422685699744,0.31566601227131375,1.7462113477907266,1.3575960292985283,2.2437254422645716,-0.40684479959274517,-0.4498172959324097,0.6436124638034694,0
-1.1071257314255625,0.11609071491320203,-0.765889308049544,-1.0410713991116407,-0.7557730778473919,0.45362295840022243,-0.5765691507722637,0.2785468276504339,1.0676886379668573,0.6780096036462135,1.203543457133059,0.5836196456709053,0
-0.21926061696526458,1.796553681266156,-0.6873831153473959,-0.4186342686099862,-2.146206833256352,-0.10153196124680357,-2.1325200417893453,-0.6644226238173211,0.13816330685984934,1.1496217949899166,-0.6622441209945578,0.9607175991832932,0
-1.544867313740068,-0.7615538982577078,-0.05250903693750819,0.4535652129715731,1.1468500846163951,-0.3046040863044704,0.2065015488178736,0.12629615627726787,-0.7443792764744029,1.2378563407640646,1.0673183092546563,-1.1460652206055875,1
0.5514772415751726,1.1948318560189115,0.6698404948056463,-1.1110001192308554,-1.1139878205379854,-0.9832867388190027,0.05312286033935334,-1.7780507207861191,1.0818361191308252,0.1361698426245462,-3.3251096052876363,2.1898455881016807,1
-1.3646149534470442,1.4096280591044759,0.46072813002135005,1.1466314875861614,-1.095172169293513,0.35162883264068967,0.40260818710626134,1.22099271471389,-1.1355432762394777,0.09720059480410802,0.8465618708936993,-1.09014265753333,1
-1.316348821127549,-1.2855429522457782,-0.5075242778698724,-0.5516108240578341,0.5581640087400831,0.23060057217967103,-0.01158236258132147,-0.6776573619838135,0.04591382639344784,0.5941816326471315,-1.6868501827728068,-0.6169237506440017,1
0.4177645764659886,0.2689800829143485,0.38487062656817167,-0.6415306052893784,0.08213445734237013,0.07287332220451241,0.4684830416373754,0.1060336018168145,-0.33699541035819813,-0.6807336569947503,-0.8072298811332481,-1.5977646742677896,1
-0.2916333090815364,-1.6600722306511546,-0.28135382496565126,-2.052942105468256,1.0024540222987655,0.8696695345738389,0.13149739480727843,-2.0243950229693293,-0.17387645804521817,0.20348730695726797,-1.0131031770992176,-1.996728496869063,1
1.8839858085902619,-0.11303460943265835,0.33953246089272066,-0.02086693720378397,1.0912793197430615,0.3103831056198627,0.5598312126093481,-0.023115783720449153,-0.33524566388360016,-0.37739925892562803,-1.1126333301663462,0.018372552311746684,0
0.40016604171684306,0.5480575658592011,-0.2971791014901091,1.0960983499523234,-1.3546893829720277,1.1509915601428715,-0.9198426068509772,-0.665662456429518,-1.9194133950452896,-1.1337652338141666,0.23014818083300514,0.30515426330645795,1
1.1022344210528072,1.3783326822690973,-0.8411500514215795,-0.06828499846605651,-2.057825544558494,-0.8044650320569264,0.02797871758116805,-2.378099882883341,-1.4911857956576113,0.1433364873806678,-0.8642412206044277,-0.6556887128990065,1
0.5625536949688423,-0.3948617171784582,-0.9176669106504878,1.0902207322310242,2.3803761840458533,0.5394442261372799,0.2493809414390393,1.5260001089919597,-1.302870380723733,1.1305305218706838,0.992979601348006,-1.2320547309637602,1
0.22633357195045542,-0.38932345298160237,-0.8297395081507859,-2.4138548125654014,0.681409446988815,-0.9911848334184128,-0.08149386336233502,0.3876159490498983,0.4089707170892145,0.729391600989392,-0.33547412880648597,1.0827124603369596,0
-1.322148686048024,1.571485620342584,0.9081950835191773,-1.722892738058288,0.7144206648664213,-0.8783823498981684,-1.2130600441927273,1.734282050358689,-0.8936244211168674,-1.368149630921671,-1.032317278663192,-1.403682928720011,1
-1.2314780823835996,2.857403941813416,0.31465379781396646,-1.2741556832758305,1.4718318215307076,-1.092550387897082,-0.5455901453843913,-0.07638681678309475,0.6436774838267009,0.20233211253765332,-0.38123978950682025,0.8204775518361761,1
0.8680444847784444,-1.7322811872261357,0.5018315966281243,-1.1920766191762557,-0.575325425615898,0.5844408769139333,0.004183234897254159,0.5928354524486336,-0.22669468378815816,-1.8226116926198728,-1.44277479300636,-0.10468173020832464,1
0.8473552935661552,-1.1488983037525964,-0.33989242125555613,0.2381517082637115,0.6145959846625872,0.24493666053692173,0.09948484439987863,-0.4088982792662531,-1.467538815299905,0.4591075936406873,0.15906148774273873,0.695772740453798,1
1.7107531949430188,-0.06418801025598278,-1.0307443718467282,0.1868219099229849,0.9412184996625914,-0.3010452218520676,-0.255128256028681,1.1162099830868575,1.9667093862968665,-0.2868668203522577,-0.8541886620653713,-0.12626526845473118,0
0.8479473549663029,1.297715650643323,0.5624253403884899,-0.5597183721050277,-0.5724405392307819,0.7163932847422843,-0.3218002869968334,-0.37993897652663433,-2.015717714181573,-0.07580941392435075,0.24954135266600658,2.0357501932924915,1
-1.1091495833427238,0.6800117213843516,0.9502923052735037,0.22609463530390556,1.7193176082624146,0.7618506591296818,0.6338312601496391,-0.5511918939798452,0.30660943970718824,-0.9470342476068212,-0.9416359304123404,0.4080231198636933,1
0.7894512967805724,0.10272983934111818,0.9166091952961578,-0.6099593173529065,1.3769414234564459,1.1319505602339741,1.031476543743038,-0.8045136756022981,0.39302458117345035,2.2297510575868795,-1.9472689399173797,-0.09542477119423776,0
0.630463050214364,-0.7030817820058327,-0.49044426136176694,-0.4430993980735965,-0.8455820013904781,0.5600717222074666,-1.3299883161669945,-1.0572432072385092,-0.716859338711931,1.515441835276911,1.5246672840306346,0.15766509627729178,0
1.7828789387138364,-0.05324855702254296,1.7155580800884784,0.5371694901551725,0.23381867644038712,-0.7095516233433684,0.015509705813016172,-0.4320513430218095,-0.9684664345443064,-0.8062040207387109,0.23202987414545378,-1.063985095580615,0
0.7213623723318778,-0.4147268628281036,-0.11563762803476448,0.6834579265158627,-1.5145402726993213,-2.777603429187731,-0.9181244515637884,0.8865356389218029,0.658569418768878,-1.3202138090821849,-0.7530246743834138,0.10111794296791725,1
-0.28767042028651196,0.5531377116923702,0.478196571662324,1.5304076768090158,1.0954634947638828,0.22057408475287954,0.15957661414210464,1.0090263942587276,1.939365339891365,-1.1562099547547509,-0.20655751903243233,-0.9823386919985482,0
1.1818960047832714,0.7277745688892151,-0.8093495592992459,0.5504511460531663,-0.7802836748046591,0.21245328707543143,1.4888943420613758,0.581163627183574,1.3880272550404642,1.459942354487213,-0.9703144713074396,1.8132822085794043,0
-1.0093837219752855,-2.1087799579933577,-0.23137744642812325,-1.4467486613749891,-0.28053650052918944,0.5423670744273066,1.9228763857681703,-0.9078201888738088,-0.8937544977695526,0.41122912238592424,-0.6034592144726368,0.4043040179000902,1
2.407279570303262,-1.8935457501633055,0.3900464756772611,-1.2111498578518607,-0.7054691636167129,0.11268524745652848,0.009168576781304102,0.09093088695929939,0.4674843786736664,-0.6319188463743308,1.6125281783758085,-1.0197166045244062,1
0.13346491205133204,1.101693000010147,-0.9010768390025178,-0.3979833551575309,-0.14520900203592835,-0.31255394686919724,-0.5142520609586052,0.520192327276297,0.027714074269102613,-0.27236243439147695,-1.1370846416624973,-2.1154070000984877,0
1.1524928092708955,-0.18526631407881267,-1.1402129577549593,1.0112283893261378,-2.2910926279529074,2.7494473643858783,0.8328938290120765,-1.4716580510360948,-0.8230096708656603,0.2759619251298886,-0.08441282273487628,0.8840122444484326,1
1.1462928459165176,-0.8900506614594111,-0.2145985871058566,-0.07596864045035714,-2.011426394011076,0.19464733607327547,-1.880862376196092,0.9109511341869997,-0.7626850551693763,-0.15046435784143114,-0.21489944981124856,-0.9995560310127486,0
-0.3493823343291364,-0.3929767151466668,0.4133189712920816,-2.2610918335738615,-0.524637069434596,2.8824410920020758,0.3379137985922064,-0.2644977659137415,0.33074025578918065,-0.5783479930854133,1.4070269271149214,0.5056330770525049,1
-1.3481987219782383,0.15130658705620553,-0.08925430597616782,0.9883148406031619,-1.3511284227558422,-0.38832714338837465,-0.7788870005026123,-1.3659956926909145,-1.22132267035995,-0.4428673530048844,1.647571681654182,-0.017786563616825013,0
0.5180722155041785,-0.40187211610721135,-1.0338241029423572,-0.24844951802086362,-0.09564204087360575,1.4555461782889736,0.7513223793091707,0.19304639190738895,-1.614904927030835,0.49956925578563144,0.9145393926222631,-0.4030453719461462,0
0.5930643992408485,0.7745218210879881,-0.25203043211163556,-0.30594553806300956,-1.0521520824993114,0.9623300158212198,1.0076640638106684,1.1008568595750903,0.16951663180775678,0.03076712909765503,0.6965163083843222,0.46617126120330354,1
0.04171179780216613,1.0858076058204198,1.7153903764899676,2.246299520362715,-1.0790995004683017,0.3629022217953229,0.507223544993016,0.3103947690333632,1.6406596155541016,0.4155533414742196,2.67943104008301,0.9650672255042291,0
-1.5595236332586686,0.49187115078947663,-0.4581716660088664,1.4619872291667957,-0.024751371173409416,-0.7125680810907057,0.24988845516072875,-0.31374859195521837,-1.147300373326209,-1.1474590955537505,0.8636231148444602,-0.31251440444026174,1
1.1119296017711469,-1.994596383147144,-0.19563791027670122,1.4187533662769098,0.738300163435354,0.6363703683233619,0.5661192747785088,-1.259762111248133,0.5081633733446881,1.07750954029294,-0.9351566513513441,-1.095592283252602,1
0.8239672898076916,0.2035054281234829,-0.8912999561262643,1.849769469142747,-0.41255387121241016,0.7475721335334468,-1.9356403562332625,0.2714250576137933,-0.6318849751823588,0.6015351008745232,1.2857805444046992,1.254414378793197,1
-0.10077123010570593,0.7388051037709507,2.545121275274925,-0.0946091696102353,-0.12780118039651767,-1.061155104475966,0.39895684020333033,-0.48503573381505394,-0.6849571055774707,-1.877561204849268,-0.9770474311560918,-0.8725977556885935,1
1.263173185327263,-0.19563822604702472,-0.8779121429584644,1.7097040161192718,0.7475264967312626,-0.9085898577757859,0.3455381836740632,1.2560328193134453,-0.5508264971205817,0.2002501227601378,-1.774828316459625,0.5271055892239613,1
1.976802943264318,1.287763748516823,-0.11204619343524626,-0.7607337542532887,0.3351993065438682,1.6087944892323691,-0.2522949305533127,0.060261856522420595,-0.9792296949225537,-0.665877967955267,-0.2968118410161772,-0.32828620555087207,0
-0.7329665050583186,-0.6924833669104843,1.2218955205552025,0.5686909718049591,0.9494681742661041,0.7919028397792053,0.9758311936651382,0.7967665112190796,1.6310995725872268,2.1948893380656984,0.40636560554659584,1.1673114461759588,0
-1.6674709036317608,-0.12254771396296225,1.0959228103259693,-1.9531430525533027,1.4772878340471736,-1.699604132397859,1.754714379873672,2.0607292912038533,-1.837431909578494,0.6668813805389098,0.10038606512008948,1.1254067915906365,1
-0.04432082136275528,-0.09798065287235465,0.943528192962565,1.2369477901769426,-1.4897700088495387,1.0850658765959038,0.7340275208018306,-0.18786800556642302,-1.5267238617494214,-0.4061514930301868,0.40559023605453093,-2.1007766428383943,0
0.8774026094487636,-0.21333436061520325,2.0023493235038377,0.315793207935487,-1.2695928855357235,0.8628755819509947,0.19299539484252165,-0.06680727188229332,1.8861190092814457,-0.9319482776648345,1.1715175332035093,0.002202221110691014,0
0.444682262554253,1.008350881184116,-1.5644695843007392,0.215362276706118,0.21830496562576138,-0.31897376575524433,-0.8474306182238925,0.24113274358997058,0.8941917004749429,1.6095051141688157,1.0631899518352441,-0.2527718428405233,1
1.0552941867195065,-0.4917779224256356,-1.6924726548032307,1.4698752858506896,-1.2535660738449879,-0.8191239986440817,0.033083962388306236,-0.13225563658425354,-2.0056914065546003,-0.5611754830444116,0.8471961260532046,0.4138758071881669,1
0.5800896924416484,-2.091122934822471,-1.4582073793593318,0.5661296950553482,2.093475549513154,-0.15199431386901674,0.21695068367076814,0.2661165546774222,0.8945752860206513,-0.9387469711934007,2.0303987375466996,1.4480485140963,1
0.775011304209038,-0.4676851390368265,0.5667519074303278,0.5099692503677823,-0.7562314625079282,-1.0720280865914502,0.4517120894058527,-0.20050547088081613,1.0937227636713538,-1.2836418218951995,0.2868660803756524,1.3051075307879278,0
0.5289341489415745,1.3348820470044005,1.1717310860343086,-0.05036170327263159,-0.3873337355466121,1.1940632500814607,0.47776124560005934,0.37702008203080417,0.8799363497343128,-0.0667134041978734,-0.679665019001051,1.7563397522401258,1
0.15812261791208856,-1.0323218380483568,0.5463722476528458,0.2825106723273474,-0.3273363594731531,0.5225767725670152,-0.05684594736336087,-0.7983282083042336,-0.9376704205605492,-1.1482072420419922,1.190122994944705,0.8079662238518904,1
0.7865465747132957,0.5790288823918793,-1.1862158443623092,-1.4417620934679407,-1.2684788920160517,0.6099681979281408,-1.1564742235787027,0.8657916728908738,0.8994426483450332,0.5711412554486464,-0.19840717886578,0.8651630213814463,0
-0.15679403450007579,1.3784475354096206,0.824435225110927,-0.9047930094426508,-0.8538728407772226,-0.5328667228822727,-0.25668462481828974,-0.9506301291535363,0.7484608533045636,0.5866225888426881,-0.258974237328967,1.2036646900158547,1
0.017529971255131678,-1.4074307213452661,-0.9429884535574364,0.2769653516797112,1.3811442722780527,0.3593952046717451,-0.9391410508646001,-0.5952367608513905,0.39741483880887385,-0.9698255973809924,1.7874112084728289,1.1745013448997326,1
0.07725762857883041,0.9007259135568553,0.1350281892182186,-0.3300081571057987,0.13881502365638798,-2.1852407426417573,0.5539582439812382,-0.4006733870409914,1.5196185429272462,0.5459476434333153,0.21361585556615695,-1.1478866155938188,1
-0.4031697091712479,0.22085931851747484,1.0951129000805038,0.4330483597831012,0.13276838133484148,0.03404704188280941,1.462401673363248,1.128359744905687,0.719837618023648,0.6150447190272527,0.34176690034041785,0.5130462370582286,0
-1.645511812423011,-0.27109010939243317,0.741061398577318,-0.18155401445640482,-0.35662595056170826,0.9403187424902304,-1.6997907756485133,-0.6339484669849272,-1.5002672464851194,1.3081544626855377,-0.1108640452768987,1.4044659702794051,0
-0.285221904042413,-1.4717094060288005,-0.33092608278466223,1.6826500151899033,0.8211158905778855,0.14292579320855436,0.1299151778308842,-0.21969847856268093,-0.5271377068374176,0.3136098605184289,-1.5225343466382397,0.06355608814592073,0
-0.25017967139622266,-0.21068494609743613,-0.8949272101651313,0.32167082782928447,1.5184870534248094,-0.5690017107243692,0.3594846009152637,0.33736120233528966,1.5270257525657727,-1.3400790559328297,0.2582556796459624,0.9633269817619555,0
0.8428715164265725,-0.6360589181108383,-0.8520659510616299,0.11693328100161415,0.9094957055923053,-1.9410237256302005,-1.0773673398669679,0.40053156469625895,0.1607172934626693,1.2172326590560636,2.606643469572961,1.6048765303471522,0
-0.07236899603903012,-0.8259732116680901,-1.3571372623726519,0.41893718390578466,-1.8345090356733222,-0.15326780765062795,0.29326201802256036,1.8276911187727816,0.19960298047641883,-0.8141728315156517,0.616690360314188,0.17866794186362095,1
0.9899310983802084,1.533978165262162,-0.2821257951302096,0.6457814407763238,2.078344606904411,1.6884044372611022,-0.7573109353136179,-1.3170770493696196,0.975791374541598,-0.42937891791139254,1.440710581688674,-1.4566439667166609,1
-0.720851496767553,-0.21899769161143687,-0.962658096270393,-1.0206064221183822,-0.635363408874075,0.8991812532494354,-0.3011803983433687,0.49239401261304777,2.3893880807622536,1.3132514051134205,0.5097924705238397,-1.4572437232852935,0
-0.38628771620220675,0.8393540578279208,-0.32497575760554603,-0.8260138625611779,1.8167561338415474,-1.2300518952371302,-0.17378417427762094,-0.4780089263046887,-1.0567803150628043,1.7470188045073265,-1.0680359131807822,-0.856063308421995,0
1.1598231868989817,0.24097842277742484,-1.002554698235183,-0.06035458878285213,-0.9138652926813048,-0.11858558427577695,-0.24497133378845357,-1.2547295514965096,0.3337677114483489,-0.7566118764253589,-2.040362262766573,0.5709457791682719,0
0.047174775075735774,-1.2355174956351547,0.6431605432759927,0.7697917696497222,0.00035838711676227476,0.47614632466796925,-1.321013289620064,0.6774669460803805,0.0003247610720184166,1.5609989380382543,-1.8812596827802774,-0.2560054878378045,0
-1.0374121212667395,-0.6445903889315756,-0.08530236099690296,-0.508423337684472,-0.8667906598713596,-0.8400797481975191,1.6113622338123788,0.20421857793002474,-1.7509636541401423,-0.8785943675114024,0.4445498653667938,-0.22894596412620194,1
0.11826897520643215,0.6536327885373484,-1.75838981746361,0.5719339005567762,1.0858480123718282,-1.5846133249287717,0.19914046111863087,-2.3857008913805995,0.245718085479024,0.2920443478910409,-1.038632505792387,-0.4635367491241126,1
-0.2091849709501296,0.0016081234676674026,-0.482493310151582,1.0856204798439613,0.3459998288875723,-0.6312710625898434,1.0614710325740118,0.4863962937805551,-1.1999615674146176,0.03250766968377272,0.5715991120583729,0.8978225363633722,0
1.793058753296308,1.1400353214941723,-0.2830528993016093,-1.950074449955898,0.6678518402711336,-0.22774915033061327,0.9297040853756063,0.05581939806538012,-1.102413464912343,-0.47524837944320847,0.2984522558137305,0.025436524546385713,0
-0.5316289649972905,0.1534948157394159,-0.07226195435694255,-0.478949201240596,0.8117582092504986,0.7966114993721393,0.35784832961662716,-0.3213547661305676,0.5330512163070612,-0.6544582998047231,1.0505116642644559,0.3018022289834153,0
0.3340552090831441,1.161425025873759,-0.0909888837394087,0.3818683939900352,-0.5137479850110802,-1.0313870333092099,0.7108379107676768,-0.4676390581260068,-0.6296882943700037,-0.4019539685909058,1.0775834884160946,-0.6044438270313051,1
1.6524000500268703,-1.4250900226631353,0.659605960298109,-0.5485579715210067,-0.538930387217757,0.2425132654147451,-0.6771510810956872,-0.7195297354319791,0.9267038145008956,-1.2641848212741993,-2.052702067941961,0.14698210101021505,1
-0.5983526386331115,-0.5103895384920574,-0.9530661601831368,-1.533929764865284,0.6464123057796773,-1.2204968086321668,0.42692745876123045,0.6414059441284286,-0.3382700709753677,-0.2760851063642617,-0.08498073275107658,0.7910631431871129,0
0.37450858365354966,0.8988629931347437,-0.8274334318351162,0.6242017676274554,-0.4353109840092232,1.3192183689418508,1.3645942182396575,-1.5328000571892817,-0.9576505328448554,-0.9274922222808019,-0.1795894353320983,-0.7300730662889937,1
-1.4638691569768558,0.6832766246025535,0.08287213822716068,-1.1654945316324967,-0.8454900143041046,-1.574468581051335,-1.808895131719844,-2.077393777836275,-1.5007700676209703,-1.286326615720415,-0.1866176826366105,-0.7074360904928925,1
-0.02377602675198644,0.27954492182731133,1.3149301541808474,-0.6533478204820099,0.31512287277024637,0.7570735772505126,-1.176610521922436,-1.7147355868651812,-0.8994350548632469,-0.184755626450505,-1.3417751607294301,0.1588362073035428,1
1.1663170491413428,0.7592255695646795,-1.60031130442509,0.6349452307505442,-0.49736824439004673,0.5345141158928194,-0.46003041836931396,-0.35643809722631864,0.27101553440491016,1.5780724600201725,0.21343635368675642,-0.9163683008515071,1
-0.15171768974664843,1.128804514253894,0.4525276774068968,-1.6419773595717977,0.24589403548251496,0.8767683944828611,2.0110107814465397,-1.3440127140111047,-0.8554887335975887,0.9373212961192442,-0.3087832350924832,-0.35517543111293615,0
-0.5583095729785098,0.32639700762376556,0.936887062706903,-0.49562290509522244,-1.3952299779196196,0.5789015772799447,-1.0459124770806378,0.5557586142167033,0.024257854750927933,-0.2408013885326143,-0.7940795097777396,-0.29629332329071983,0
-0.09498520547460541,-0.3059772433502923,1.3956778926212006,0.05401906550051156,-1.267999140101622,-1.0867889078435011,0.2076501469482441,-1.780298438582719,1.2369203597366287,1.3589403405832614,-1.3784349937375093,0.2729529183098451,0
0.4099563887703868,1.5325914907412153,1.1800834303276326,-1.0918295620108747,-0.3854134138018631,-1.0093872306522125,-0.5356798148429407,-1.1596691714395342,-1.7149186594245989,2.2450685220768,-1.755187576594193,0.6322096174453379,1
-1.0843035708665567,-1.8476655695408535,-0.9691997905664348,1.028304985075862,0.7941862139442284,1.5373498265435759,0.22228624829352833,-1.7252888787271061,-0.4432397527262868,0.5347965472654793,-0.019252056001887487,-0.7627861794250692,1
-0.937125713256771,0.29480829402734826,0.5306560977970852,0.19248942907066732,1.0986771357247438,-1.9377438515154592,-0.3158806978629631,-0.07714802612826832,0.5792998673656652,1.3930043143645232,0.5813254585197409,0.22257041151550094,0
-0.393355656359719,0.6918869800763195,0.08986638540376612,-0.4317514161293934,0.9937679561120271,-0.2652479211342465,0.20835789528026774,-0.8703116699262733,0.41109821126727836,0.32538771755294654,-0.6585211504441384,0.8173709246228709,0
0.48504931419090797,-0.22944054899153163,-0.3184829095273402,0.08656375726132627,1.490980191218051,-0.5280167999254723,-0.6809182951809061,1.549884122467379,2.1692485047463,-0.8352864252256869,0.026560489415521887,-1.3078935237049825,1
-0.6223941232675159,-0.2458203018802355,0.007265140918708359,-1.4317641233774605,-0.1509273943357255,0.2467036177985409,-0.49021962244733974,1.0235455134724099,0.1900139452270885,0.7053758798033346,-0.8236932008827287,-0.43455129775136664,0
-0.7332718932823395,0.2644337386478138,0.020217619144876683,-1.1709410881875548,-0.3784129830463152,1.8888736278778615,-2.1116157391452783,-1.059659971815893,1.0454512204977828,0.008142590621733009,1.0923928973629708,0.6907952536553017,0
1.7269700244613881,-1.896956163149301,0.020907017110130866,1.0990367461542585,1.4310400818410642,-0.3461983870836088,1.8681663438527445,-0.8371776661284975,-0.15900485187165112,0.8901175525204102,0.4331984729640124,0.11416440973580645,1
0.07931285108788624,0.22111279020794666,2.776196406151342,0.12074008336408068,0.29530259640902123,0.6131409745740767,-0.7199034877326425,-0.610465214382625,0.33779956241372583,-1.1624718069804956,-0.6688879562726707,0.21572338329792526,0
0.3377055152178492,1.620343085725404,0.09471691154322076,-0.04167897840453078,-3.398258580201547,-0.8474820288622257,1.9222473615243203,-1.8649608107967255,1.5636927714742161,-0.22312810779503134,0.8206851553179071,0.03772517493292284,1
1.944423271825953,-1.9664249791485668,0.7275540640788293,1.8337567384083981,-0.30909567999305937,0.5787790995446989,0.25134149226317243,-0.5678630549241045,-0.5448803407819803,0.24000659972481847,-1.5524977378715648,-0.30577082659616045,1
-1.421920218183509,-0.5506971077869276,1.8119584193657183,-1.0702107050041703,-0.4255709864983948,-0.5229759646100367,0.6959071613966477,0.22816228179789708,0.18594744670125868,1.12610970673331,-0.946438830468207,-0.8743622051930172,1
1.6704546365800168,2.02157461861054,-2.025647909843888,0.9074392065638862,-0.7186079444747989,1.6251890294849762,0.07922922604716022,-2.200157896950364,0.314750093512887,0.6026903096053564,0.14761124184404964,1.3470165388908102,1
1.1241422388024616,0.13705874366796822,-2.033144758763083,0.23688595415994024,-0.20296789092137313,-0.08212467733046656,-0.5790459940397725,-1.6985834515465668,-1.0639855351808285,0.9658332232632081,1.0673698460108945,1.6712683248363691,0
-0.23303594612758463,-0.025361319047024104,-0.9224406542324683,0.20979253389064748,-0.06522855428828442,-1.3907984039658643,0.47852353979243084,-1.7332834589885253,-1.15930396242548,0.30845355140316116,-0.9750381107306968,-0.5876671785771236,0
-0.06622385464807388,0.7875237284333865,1.3276059655148602,-0.809405312486993,0.8791492926106238,-0.3656667201921147,-0.2821234778304774,0.10868192133525156,1.277146549186723,0.23709349007133465,-0.1518031455126942,0.33931577968338555,1
0.39523816930124905,-1.8036849973548523,0.5211099876253104,0.38231713310892135,0.7532188308299089,-0.19391547501345824,0.12283061351666698,-0.11201141121910466,0.08954353117172556,0.39075495469918914,0.752436976359801,0.5167841943938476,1
0.21762539685378102,-1.3505884633178382,-0.17748280649371992,0.53960749506727,-1.682170734618761,3.2194003728637512,-0.29218452137511874,-0.9597102973773924,-0.46269327443780006,-0.7117770563983704,1.2192443262973638,1.1106040435730546,1
1.5909642621843267,-0.579197243032445,0.8766309991866565,-0.1647974217715208,0.9075073886745378,-1.6248133361471275,0.00032559485907228587,-0.9559614483272588,-1.397197351745438,-0.6985694876149683,-1.14738567920648,-1.1555671726076382,0
1.2232912252998536,-0.05647263346787643,-1.4654618133091233,-0.06461840026994063,-0.1991805385959084,-0.5704973696628053,0.28436758583378335,-0.290263361874511,-0.7223858490116631,-0.19883030035504268,0.9871199350997327,1.229725807739883,0
0.5531148897080432,0.8242279423522564,0.926003456632189,1.110939598601734,2.019355691024546,-1.1085502967736596,0.729021010301314,2.2553197343195013,-1.5491673030246695,1.6008460212398348,-1.0948826369260134,0.7150675575329544,0
0.09009326088482016,0.09069812020828753,-3.720428215866752,-2.334376605792574,-0.523291704836317,-0.11629415423830025,0.441247297616034,-0.7338788985639872,-0.2647910349175564,-1.075538419386187,-1.2017315249500549,-0.6245900403698029,0
-2.2084829628617495,0.46515300979636737,0.6871102755659443,1.2831889919602877,2.640235958031039,-0.6808011626255948,1.4270441862357413,-0.34655837994862343,0.3579220642619535,0.456393724379499,1.08087218012475,-0.2819644067845968,0
-2.031127991161135,-0.35825000491185904,1.9518564940355334,0.2612957154461265,1.5066745967216248,1.4708675141225858,0.28334085058027936,-0.49498352769192333,-0.6335380888530121,0.3490321884349868,0.6233691240300556,1.4511752950408459,0
-1.1419916800593704,-0.9353645960784103,0.2982982357437886,-1.0020672032041364,0.6913035292930364,0.1206137655647707,-0.8085634939948125,2.129047058507596,0.24076934029409564,0.838675357104591,0.850102795275962,1.4379194630708654,1
0.7302570083559197,0.21973396248471305,-0.40387874133914436,1.020720958024685,1.4895520495408432,1.550520500967898,1.669424423661745,0.2589815197726755,-0.42791200384492073,-0.45362125751499854,-0.07101623141084337,1.339039041319906,1
1.9717453232056856,1.0698443307304373,-1.0391171728518809,-1.0428541338683717,0.24193821903293475,-1.2866901391371626,-0.43092179067517067,-0.48518010149341845,0.05965153896135414,0.9249122595076404,-0.9741712924173791,0.3171796626653211,0
-0.10693118667169858,-0.0782318859544237,0.5872682725773184,-0.35167572183886187,0.3272517146149669,0.7326839608333356,-0.21042300793408567,0.2557858314197416,0.4271074517210591,-0.5662633960190132,-0.4675060433341492,-1.528194357836196,0
-0.7896818860282622,-1.2806175745354855,0.07505563432269421,0.7754189297658525,0.6481503330366232,0.9418074690246465,-0.05325134847645722,0.015864941554425745,1.3282241808350272,-1.3991537607078666,-1.6072274247589202,-0.06604040374223327,1
0.68530751351487,-1.0326944959047066,0.0733805652471983,-0.26326630751011837,-0.9903065787881226,0.11169106037638267,-1.7067808751534663,0.47805402247942486,0.8604692904772434,-0.6232405276443076,0.8363354538851137,0.5405147461041963,1
-0.9541633441168277,-0.1846093466512021,0.5165249614420685,0.3707067258711568,-1.394434692238346,0.43844683590330896,-1.1257797015277988,-1.6098899711768044,0.41779610794999533,-0.15821182011404583,0.11591907329681651,1.2668243855351582,0
-0.22982579937293815,-0.8043626538839491,-1.4463917612003647,0.9936920059484283,0.321461753089898,0.28591694774140586,0.6370018019014259,1.4171084065005142,-0.8907624815155158,-0.9433536145562772,-0.17771390088787486,-0.9510595014841006,1
0.1730214246551467,-0.41314520837216046,0.49020149549875053,-0.32747694225616886,0.28312885350351047,-0.5971922764386391,0.39430298588094875,0.7160864958833463,-0.21724596155041018,0.5400467439174467,-0.3709617115701707,-0.8996751122412456,0
0.5932181036062905,0.1279558142183769,1.0355271938490975,-1.1420843027233067,-0.2829694168875347,-0.4874278079056499,-0.07760324521826581,-1.2353639431577887,1.09951275710451,-0.22404335342766868,-1.9429573618059854,-1.4639141369032302,1
-0.40841765040438316,-1.3044967861701458,0.18995449647533244,1.1494483930615909,-0.7291813720964984,0.48448888877139046,1.3283471341222226,-3.116580427429695,-0.28027931235398673,-0.64851100312894,-0.7510786150697715,0.5326289298978116,0
-0.674792652249073,0.19274290438485567,0.22432547218315327,-0.48697322920072955,1.5062492639194702,1.4624717748339688,-2.3664241212424386,0.601280684708456,0.18417569381578025,-1.0793102621609612,0.023877505944191513,0.9302310276905931,0
-0.3716668902512669,-0.6293285045354596,-0.028110037384301886,0.13893841869213575,0.03016351394158073,0.3199315201675398,-0.9559123584513562,0.7187334976529371,0.4330467015300587,0.8191045686670289,-1.2837205620862502,1.1064160147404354,0
0.45998718651140363,-1.16659541302797,-0.1833040898424052,0.30505980098995833,1.5156884704114575,-0.9098723086354132,3.1893714614280317,-0.356473588649276,-1.439929885585755,0.3901428348007916,-0.5396590614062938,-1.9913990122926202,1
1.1457649857185912,0.24342140724760716,1.5467417001371282,-0.21941362197359218,-0.9945066312696749,-1.1586619963195524,-1.2705577436405338,0.5715636812580164,0.3810652899272638,-0.9366650835230796,-0.5952575993530717,1.3581637131980455,1
0.3879293920169569,1.0909567258852382,0.3837899298311614,0.7561490447628441,0.17088587448740605,-2.3072825167484656,1.0465198784851275,-0.26743477999497445,-0.19158512933992936,-0.46174504846842296,-0.07028878758382033,-0.8288057609034207,1
1.7074787296095169,0.08903411555287413,-0.6799443461414076,-0.7344282031991289,-0.40981570093316905,0.524484792117832,1.8385568067451277,-0.4941013197625878,0.8556206863143104,0.05126902799331966,-1.4624957047653677,0.055759047039620126,0
0.4871191238539003,0.5794141672881271,0.6263421460800175,-0.6878025694102046,0.6796127407361421,-1.8498964377515048,0.3721727252683874,-1.1551419331024642,1.0897792507487676,0.36060178696978956,-1.3379896088511654,0.1953617371749623,1
0.19979397336664423,-0.22968989931396971,0.23444206013412516,0.37073298346649436,-0.6296723628642823,-1.1936556026481213,-1.0200259883161706,-0.18796251783469292,0.8567229591641455,-0.9321892330633813,-0.6027144067441847,0.5359480524213815,1
-0.06706404730688288,-2.0566650299694755,0.23917195936471206,-0.21399183800350854,-1.0510707161227923,-0.8231689790531325,0.3131381411191633,0.7097705028818981,-0.9812235074138134,0.031160264242016813,-0.4008268624198693,-0.5147868903689037,1
0.33877323711735957,-0.2463729352568292,-0.12051410000089605,0.64073561833611,-0.6459671305614236,-0.8545793555191099,1.5040709823952654,1.0680206594676984,-0.07791579869248227,-0.8345105940831629,1.2011544414267432,-0.24373551152406264,0
-0.42499950152964283,1.404193396945845,-0.4219384649110094,0.2325082754498837,-0.7064027845619637,-0.5277709774673208,0.5912940073550613,0.348002182352356,1.5404286288229951,1.1077679072614388,1.645114654751626,1.652989055938244,0
-0.5884055395676981,-1.000674200541844,1.5498966076125402,-0.6983587135804814,0.04388009784304447,-0.2669651142115892,-0.8804783046312857,-0.5657531068106305,-0.8647338827755092,-1.4014548735521184,-0.4507757811740821,0.6334578087276658,1
1.7101519905622944,0.20046300845178885,-0.7243219922067449,0.7853414504450499,-0.21250790709324718,0.2046538255846414,1.193314378647398,0.845256308885506,-2.1358193191673798,0.27549137693098136,-0.4152547815409235,0.07282489617937453,0
-1.1214672017372764,-0.1212607034772206,-1.246106279735979,0.7364863294385682,1.2387288015747153,-0.7120992106028667,1.527198604490078,0.7092367178360669,0.6566807647938354,0.33063794183815876,0.718148291086287,0.8698049690446306,1
-1.9932471180448468,0.5079425894881249,1.7646228815054021,0.08476332633377624,0.8376604621431607,-0.4035390018907338,-1.8481169168512086,-0.7725894966071787,2.6098690391798325,2.566245557110728,-0.3062382258325582,0.3555062411093005,0
1.371122503266669,0.08263532339935167,0.6492705381275993,1.9299405189103238,0.4251296456618573,0.5439572879176443,-0.08416046947407058,-0.7101023002791433,0.9473725858759005,1.3845367906325878,-0.7265872689546449,-1.9264660677966485,0
-2.769765818615514,0.2886746597754566,-0.05580858702618425,1.7035620822037947,-0.22208700011835583,1.4056805738291196,-0.7578785321012496,0.5400796628340073,-0.5187463609563616,-0.18890350062320396,-2.8079379616139084,-1.247261717319333,0
-0.4647663645207512,-0.47128052728428577,0.8176287657380662,-0.9971639601361897,0.826427176839665,-1.7835330993364331,0.5560632117315661,-0.4015639393422104,-1.0379294581687666,0.9981215295719528,1.7234375917410214,1.1062022002093372,0
0.05492863116832983,1.6485765270925452,0.5345888253536951,-0.15177502924599656,-1.2481965651889884,-0.9943173020621998,0.9323854912347568,-0.5367039109866194,-1.1278145430398603,0.48137112130290854,-0.17939310743637088,-0.14089926952041143,1
-0.7460590282356571,-2.566719135390673,-1.1653516858636201,-1.6276216403835548,0.9400553987979019,2.1966693846421412,-0.17134899165540438,-2.8918858981640736,0.08017470589065077,1.4595071376103155,0.0651430948725048,0.5679630743820755,1
0.4125151636523264,-0.16077028283010789,0.3259331219948242,-0.8654442824800843,-0.0011411486859838798,0.03147497225163512,-2.1460745452492054,-0.13005475670217712,-0.9540232678532091,-2.235871647656439,-0.05729031376779029,-1.3297970175827591,1
-0.35062280796054257,0.0715844750605262,0.4007032687971123,1.6041394456914306,-2.7556170786471683,-0.11924317866201545,1.2887904621299135,-0.5288220127628191,0.23122914451414128,-0.471620353916072,-1.0496815680442686,1.8787234169038385,0
0.06921110500115349,0.6159272779981146,1.4310369881799043,0.520937723774763,1.0534705981849761,0.3850635047953632,0.70879811390746,-0.6723604482429029,0.1812895709979446,-0.43175258343354633,0.07946329233029768,-2.072926678700769,0
-0.0099561139772437,0.23261162672311364,-0.5816160075619411,0.5268790806709679,-0.34236712074846165,0.3605635698331068,1.502418144971334,-0.8787428645480126,-0.8502658064658096,1.0761651557195995,-0.7767330983989655,0.18363956768607162,1
-0.27313990591292053,-2.493307455964498,-0.13626746526183642,-0.9056031130736498,0.1853490079809663,0.807137532683452,-0.9502337193911188,-0.585080763247575,-1.6138706014758994,0.07729280482300009,-0.1644333177988422,0.421749591552541,1
0.26023000724986595,0.19436306984632792,-0.5668309046461953,0.8915664121950797,0.5572546475571386,0.4074877424155933,-0.1564506009583637,1.1915917798572693,0.4097282073920425,0.19324926563208203,-1.4894826981865399,1.0483840084319287,1
2.443266678408591,-0.45648313274462454,-0.46316862919739255,-0.4757870003469297,-0.34574057730543845,-0.730664281828001,1.7527515255876271,0.746350836818977,0.18869481935777851,0.8018960497092962,0.7646514270165305,-0.9042576062191898,1
-0.1797187197540245,0.243486755388694,0.6606328349245697,0.5887775711180872,0.0015429190640089453,-1.948041530237228,-1.515244299307978,-0.5148777357806704,1.0726358486300178,0.044269089986422774,-0.07972529986579589,-0.6582131518033417,0
-0.21061362926247368,0.8664723734180506,-0.03390173092913179,0.16052175653477077,-2.306462988024982,-1.2205306573899273,0.8190178487551407,0.08714331231899479,-0.2371043014293676,-0.8809031345968928,-0.7591480924070007,-0.2719178357656055,0
-0.48987266852388406,0.37381811909560764,1.0745066711185303,0.9227356236710532,-1.2241689867145287,0.27951537474132376,1.5170787898096902,0.18648576593320576,0.930677884573469,1.3683417032183354,0.23174209040687602,-0.6559378355838921,0
0.34227564903913277,-1.4146455766577364,0.22726559020432885,0.4706649457521611,-2.1629822989082346,-2.0244737699381665,0.7958010487486104,-1.71815145024558,-1.1635477559450953,0.3586888147879757,-0.9961992581375106,-0.041261840091856516,1
0.6853473702797666,0.6339725689343112,0.8097910725712397,0.3582660383456295,1.100612562162706,-0.6201719337208067,-0.16826139349081773,-0.10344003343088957,-2.2986730843771133,0.0036824725331877414,1.0636855856611145,0.28860844934166213,1
0.6921608394573968,-0.17510949975139728,0.8743542997844452,-0.7283528840261206,0.24195577984565006,2.2341696201924255,0.8473909989405933,-0.10387589682118989,-1.2967388485069564,1.385583751474489,1.9421811129611461,1.978807835208819,1
0.4908879126282892,-2.8697862918935253,-0.5637424757654258,1.510128168923506,0.03357959181410994,0.270917211592022,-0.1049731134043836,0.11258661198745379,-1.0017981988736961,-1.4106106280292687,-1.9696602658454732,-0.32057341723829674,1
-1.63178816051643,1.6015957589315517,-0.030283684001896315,-0.6112847605575199,0.5371099996114648,-0.6135716142442508,1.8068683182232754,0.16285465785913342,0.5257920361286544,0.6899579559094456,-1.1193531449091794,-2.2653382289390653,1
1.2416881224450553,0.7755797714318647,1.2726703322967177,-0.584904448850371,1.3660886534663357,1.9937311687739023,-0.5409031294093752,0.0719215946490589,0.99065249584638,1.0628150006873696,2.185693716828369,0.7775253839163018,1
-0.20954962671062063,0.6376561702126358,-1.6529210394382603,1.4728609343737338,-0.16067470463403197,-0.6356580429288444,-0.8505480807372624,-0.3409142029445855,-1.4467730789106281,-0.2566667438043256,-0.2999008172050505,-0.6716229753343741,1
-0.1973146932659146,0.07430219294505827,-0.8244439905707186,0.4294517715761342,-0.5836792441636431,-0.6613336170446121,1.0511358837295066,0.5523819056838116,1.6724674764715874,0.2023510529847999,0.2550809967091615,0.8933762156957935,0
-0.8507102044374395,-0.46484638964442015,1.1645033583090005,0.30705329794779884,-1.035939555054928,1.4273847105090605,-1.0038825984405393,0.5363505543823142,0.01024037744690011,-1.3677131991466902,-0.15074359860697567,0.5387024548910286,0
0.1478474890299506,-0.266218671959649,-0.21279052336397028,0.6567889116871064,0.6220677284452445,-0.05915355447511044,0.8047222493971066,1.1801882183044268,0.2236799532387911,-1.0219577349139128,0.4281514438358118,0.6805588888600844,1
0.33958190719101056,-0.7608819009567391,-0.47177323486799966,1.2150898521794493,0.8232363934992925,0.9855319957408604,1.1966305442638259,-0.8273781052120334,-1.3983696038223707,1.0386682231172524,-2.266466557187815,1.898221901162551,1
0.13041029419630068,-0.32031458222570486,-0.3921138017757477,-0.5532161767149499,0.46345261935095383,-0.10897081991490577,0.8127150250976973,1.1268317979278368,-0.31278960823922486,0.4887486836577121,0.2917147322300313,-0.30667918718968296,0
-0.9457976574959456,-0.7944859787781052,1.1361107195694018,-0.2660972547598921,0.2836407733783586,1.4246923411344368,-0.6095219136987203,0.42630994610053063,0.4183496464431594,-0.3780391207826851,0.05433745823674032,2.312241402841544,0
-0.3428528926754212,-0.3843458629139126,-0.7347374757378126,-0.08373408098497012,0.29226668581901527,1.4343181812818662,0.19381434252236962,0.6620348772999598,-0.9488551184567133,-1.8572646152498007,0.9441854310525006,-0.6535970194450764,0
-2.370620707648705,1.7707504165957704,1.3352178434884527,-0.18531042057801192,-0.7735704703732234,-1.1187123850217466,-0.1638599441415431,0.6850907963650663,-0.007142082049529098,0.056508359652189484,1.832404382638986,-1.5185493660569904,1
0.47565972607174467,0.7520116976768352,-0.15802762101654091,1.429395246867047,1.0105493476285659,0.4791087059010946,-0.4718800249072832,-1.0234923691607227,-1.6110668976955436,1.4073683457393906,2.1609231391577346,0.6393363091052939,1
0.19924844839473185,0.14338168071915347,0.28461509524800377,1.025176901153218,-1.6412248205978386,0.07154116439347864,-0.4657866993681019,0.21991676668227597,-1.7955334597941726,-0.987566334778258,-1.3559096437796896,0.501933084545759,0
-0.24082468953698824,-0.23163494681407645,0.7906020976793686,-0.41212643830383267,0.8903084854430314,-0.23385743038133297,0.8527405631550082,0.979285035411587,0.022451157417254685,1.5792138196552283,-0.7854450751588161,-0.5644311225863113,0
-2.357664132380131,-0.058388152273375016,-1.2579731695707796,1.315833612707384,-0.153872473688056,-0.5641974298984775,0.34903050560190224,0.6503885744083678,-1.281594080814029,-0.5047495323879203,0.7053381188635276,0.10727929067007969,1
0.9380248123012467,0.1930794382450163,-0.672950966624623,0.36434289188170293,0.8195590025396059,1.5657035124848895,0.43718588322388313,-0.13448239749565782,-0.6052594332634608,-0.24782302200953787,-0.3952847989504124,-1.5669712582934758,1
-0.6533754607001214,0.8702771097157285,-1.6367682875897644,1.3805358893925206,0.05437724878946027,-1.7306444402127066,-1.3650904691478332,-1.6051565089555104,-0.1738393884128357,-0.16467305277894062,0.570483641540274,-1.5406021923816096,1
0.7419675396917296,-0.7247321772869859,-0.4111614980324162,0.38216617147582377,-0.10944505762272395,-0.758910243462453,0.5295032614305675,-0.592835470834724,-0.04340793815163755,-1.0196851951288566,0.9329384742906756,-1.528921357164192,1
-1.473667712199714,-0.8056364955093411,1.5251149822164145,0.2594852243498951,-0.07352746114052548,-1.0937828366959983,0.3079311198669667,-0.3925668008420673,-0.6547561950771584,1.1023762423920667,0.9608050428687719,-1.6647764286959192,0
0.9248120396220385,-0.5172235540492712,0.12360216026206612,-1.991096277034594,0.631661514182744,0.4058394448618696,-0.7189157220833929,0.09583734273932203,-2.0173619733410737,-0.9252630704719997,-1.4732194260558031,0.07786866325064291,0
-0.4682243639513769,-0.048108970593682326,-1.1303615181365696,-1.9442786134133414,1.280664047411621,-1.5150610574555459,-2.1077154304217762,0.9599020990219894,-0.010533711263660546,1.1300476943463311,1.228197574302371,-1.9364219676338001,0
-0.12285570386067436,0.2664732836978145,0.243400987384535,-0.21450802321614046,1.9211957109046653,0.2168281263730651,0.3330958781046732,-0.6609027054802742,-1.81969490359305,0.7827883177979176,-0.13292259348764596,1.178192054364963,0
-1.2411468686174822,-0.35764911233132024,-0.8619232246197742,-0.932663908517039,0.023047727184714678,-2.5837848877933354,0.022694561251131062,0.2472202586704813,2.1749577312557653,-0.5114278593960575,0.8118567520644028,-0.390376723353695,0
0.6513991176526145,1.3162880408586919,-2.3018562485376317,0.13497504308311198,1.4082103325979034,1.2355391374149038,0.1248912372568735,0.7464028951786578,-0.36242817342971123,0.7438842951705342,-0.07756269826338626,-0.5576074040616505,1
0.6087875482609204,-0.6570953973019201,0.5839206935347063,0.628748494552421,0.9686550533873353,-0.09166456791173819,2.1368909815783783,-1.1639441891537265,1.6458739515864194,1.1229143137689097,0.7265430194175043,1.0012387951920503,0
-0.45926011067142747,-2.7760545198163724,-0.5485891954474257,0.4491690129102898,0.8275396609412592,1.440399356148538,-0.29454510111101384,-1.4895976314159673,-0.3509176599139417,0.25770089102457394,-1.1888690457655129,1.8651087975629226,1
0.46010989007620656,-0.2932146816422259,0.3064940553789668,-0.014111537145633322,-1.4297295993323522,1.1403444479343978,1.0614357675513106,-1.099285812531962,0.944752122727023,-1.8488221986409747,-0.2959235850680128,0.04037328278125524,1
0.6216473969782481,1.7871735317574915,1.5398104194677966,-0.06445316885776002,-1.842449492395476,-0.27597553650799167,0.2372610520998155,0.8152758316789307,1.776858892501368,-0.8733769643934904,0.0423640127884637,0.5720119285217067,1
-1.2451340867287133,0.39223874081620297,0.11857884770539041,1.5237228524472313,-1.3222897476875657,-0.054215282310043106,0.625726623213799,-0.08207369129970396,-1.3251209046707302,-0.5355567923773428,0.20725715522488483,2.537553499314414,0
-1.2522989917441145,-0.07537969555551645,0.20921330815309394,0.7926499967316263,-0.8990541982751099,0.2862308120473785,2.2794941679468175,-1.217540232077965,0.14345442939841155,0.7564832303863422,0.05908872963021202,0.141186380710647,0
0.665836557519416,0.07247332256560471,0.7313539855629572,-0.344351345999518,0.44314178596774656,-0.6503748173937675,-0.21241363313109626,-0.03657272299373656,-0.7457429544865237,-1.581627726542512,-1.2468082914238061,-0.23651870036384123,1
1.060705528457221,0.356849728331769,0.9963067802519653,0.6278953652846444,0.9760347267184858,-0.4304014557780127,0.062335524281268685,-0.20156571171116355,-0.03202455726389081,-1.4570833263932996,0.5066652680528592,-0.10601946467481912,0
1.1618573481107504,-1.2489810627896611,-2.350071883945234,0.3314511252723538,-0.9163624696008958,0.38437110509046435,0.5824364735946513,1.5689191467945856,0.7481275073980284,0.795128410867886,-2.5548811113753556,-0.7440104972301841,1
0.7223492502992427,-0.13555637611958066,1.3850332252927038,-0.1621609676379463,-0.4408887374287462,-0.5948534036194878,-1.0283813066932288,0.14492218999858428,0.18928565807543857,-2.102521135868028,-0.49645621019985087,0.4227142158148473,1
0.04557905841862378,0.022551713109489665,-0.6425994431067772,-0.690036515895264,-0.43636656418025693,0.3396104662353738,-2.4647211218727643,-0.8470261725984409,3.037360031940995,1.8014337239681433,1.2996890362772238,0.23605135589810267,0
-1.4161475626990994,-0.35727397429040225,-0.37066020889998114,-0.578983182403521,-0.8010309268447103,-0.14940264480508358,-1.0755768636391365,-0.8705453971609407,-0.5174223196177048,-0.23389506904305313,0.3788672275332106,-1.0331251463493445,1
-0.4366312885329423,-0.5534386349014343,0.6347384034188769,0.0595400248897771,-2.650530105929857,-1.3324943361980934,0.19039710467337273,-1.088078606126323,-2.027910860226472,-0.46039155861061204,-0.9215299259281428,1.0518108920106506,0
0.9002666138883143,-0.029560070813197198,-0.29828462381200227,1.0781554844891676,-0.4798201063978968,0.5716295103675828,0.10863395871105821,0.19258761135607216,0.978793155879574,-1.1296045162965391,1.1033388560766224,-0.19831056213959353,0
0.009825252603477391,-0.2079697276760425,-0.9250174298799504,1.6253921247343068,-1.6022362936246306,-0.16458787251344875,0.7673804155350034,-0.15043726858214884,2.261854741932181,-0.6476604965158599,-1.3710873179638403,-1.1501011031571535,1
0.38689586238384155,1.7468553957169453,0.49564999084668865,-1.3292630196439457,-0.7667656340806168,1.242866322245479,-0.8111357668274322,-0.8634572594730672,1.9727331418067835,-1.2440627931885537,0.5453787332416511,-0.42643388326384535,1
0.6446830889140128,1.4334280649937308,0.7504625619388062,-2.0412378992482116,1.0784305031965036,1.2412320881123768,0.02356644213110613,0.34326103052062995,-0.7059041821062961,-0.36940031054582145,-1.3049469309283808,0.5682771794032823,1
-0.14748785284207977,0.1416393159942557,0.33374228746341983,-1.077083810952361,0.11360248861209092,-1.3442772263784506,-2.1767167530084963,0.9022242256208074,-2.3917501597688835,-1.7455220171761996,-1.6975333103915917,-0.3083541927364898,0
-0.3757674968819695,-1.1445634292000684,0.613080199389884,-0.04939862685533408,0.5966126432679771,0.4101141747265296,1.2316673154254816,-1.9292541405396988,-0.7558884133641189,0.5787119766949592,-2.0783531839018066,-0.55841841338885,0
-1.7990647787813243,0.4136466564341271,1.0384106672305469,-0.4541955496303363,-0.4646497768025074,1.3881688064694144,-0.28675900025566314,-0.5381090915195194,0.9016723766773326,0.8180163437796195,0.43428034822912276,-0.17326596799518273,1
1.055957459408332,0.00486017784188244,-0.30015929084956416,0.018334681399457344,0.7104703982814987,0.4292952991468235,1.1664218029784728,0.08464821056887917,-0.8045254937919074,-0.2590150910606794,-0.5393792957572362,-0.3403245228427929,0
-0.2987622620125299,0.4418077814665105,-0.14309902588132561,0.08367941711314719,-0.11025559504347333,0.07308521089889768,0.1509981369363904,0.4807081613832705,1.183359484424198,1.153073752919211,-0.4297390727053718,-1.6971085630000928,0
-2.0015676471329735,0.312638407515933,-0.25932558403798395,1.561826045622291,1.0214569023918327,-1.727412455470847,0.14334070994879264,-0.9418429879032534,0.35945848974005634,1.0666027139369874,-1.9881009464104602,0.47147209733097517,1
2.3451246101088965,-0.4373405215515237,0.39391638940508245,-0.6529764591811704,-0.4719038023762334,-0.31283248725400964,-0.2910824761654333,-0.6489153006664696,0.7276677462224159,-1.8069943293174766,1.6258554356384554,-0.2729789000708192,0
0.5122259718254151,-0.7572339266089069,0.40663256522504054,1.310265684698459,1.940179463694913,1.0849491342064324,0.4540951559407592,0.3989970487662488,-0.9281657653790937,-1.7872385778314754,-0.5589390121733374,0.5963993517851887,1
0.6563205846007214,-2.829145349445671,-1.4926863727280248,-0.3445454406281749,-0.7894488585206708,-1.0407530981469122,0.897712854673411,-0.20912456935417728,0.8755764806716652,-1.9818235919866214,-0.21429797118779936,-0.7623575098797601,1
0.10894811129671733,-2.7787479111941815,2.0471713903436903,-0.48565404114264055,0.3798534655049294,1.0081161396522922,1.3423164648729644,-0.5543180948810427,1.144259640975775,1.10812577635395,-0.29574711921182456,0.21800512854196205,1
-1.0606329648720094,-0.4419148386618039,0.361330992962605,1.476701901387233,-0.20830759034747645,-0.4164073118511543,-0.03315269407048213,-1.5382608556533899,-1.2275349791707382,-0.5495836229846782,-1.0489334518629947,-1.926517330963554,0
0.032811670966682666,2.0951389633657627,0.023197102962644905,-2.4078700367285646,0.7857549241528424,0.5473694908587191,0.6550996450185346,-1.1588960431017634,0.5699593720772628,0.7573774661509719,0.30482304395852644,0.13580860152132698,1
-0.0743491948644126,1.6832763801593733,-0.18066231660919932,1.058845912932786,0.5132855264767505,1.2224360771661822,1.474580785914264,0.65210276028716,0.31739139974002395,1.8759000481212469,0.34147559587721604,0.5936647649497301,1
1.688744945423426,0.6677310388775384,-2.0146642199004154,-2.4658874000310593,-1.5927361868931795,-0.9737783137594129,-0.14200959139121708,0.3589313599915299,-1.1738627119076153,0.44335245007166213,-0.9652639690353958,0.9394951890392254,0
1.1348156889982801,0.9757813851537953,-0.32755796885010785,2.7067489257682253,-1.2113443274936984,-0.6739102462256186,0.8087710237247078,-0.02877449307360758,1.564762972420415,-2.2734681644707653,0.08102095961939272,-1.20765714601969,1
-0.3086044141951858,-0.018006311294756716,-0.19518569420407797,-0.9410700552309028,0.18381137468674769,1.3720155560891674,-0.4544540593674235,1.8968510056720023,0.766848908220098,-0.2261721248901342,-0.45651546777079727,0.4999771578010745,0
-0.5837743174611848,0.7396130884116691,-0.4765991785569988,-0.7597018823584125,-0.08848062559003449,1.5813542111656018,-1.2022343457862303,-1.3616015832792667,-0.6599623324254865,-1.3508582176504487,0.5215674456516483,-0.1586908841829344,0
0.3102256514100755,0.3371242336440361,-0.4772399370987814,-0.8470657568602661,1.5603597773436342,0.3197683371659424,-1.8451910542492749,-0.06800563305215818,-0.9973651596204043,0.3975086081220513,0.9763467060951108,-0.6992002734911176,0
0.7420229487650032,1.1794178284375256,0.2568758536273869,-0.7215025970884145,1.524355681855042,1.5305376105134354,-0.038385954469904164,0.0324775213231849,0.275148168311259,-0.4074077479666882,-0.21408295063949281,-0.6604935993422141,1
1.214307853998063,-1.6410719373732445,-0.4942535518515948,0.9956115174550203,0.01712202614581706,-1.108404822330395,-0.5186266979415832,1.4507690799307422,1.1951021896240697,-0.17376874187844948,-1.113343032407575,0.9267610130203485,1
-0.5561955151713067,2.138639597266843,-0.7479137457994705,0.47418473218674717,1.3369266094933638,0.38926653368648423,0.21630818349538491,-1.2879863645196388,0.39717486248748024,0.32888583969405644,0.014189629415886458,-0.7320968961169888,1
-0.15822822743226808,0.6772319381143439,-0.1004459062171857,0.5556487919251745,0.2795572885763007,-0.45566413306988796,0.16474231721252097,-0.5675422820491556,-0.7421656085898874,0.675389990517845,0.3373274537716117,-0.10272535578316451,0
0.6902682047312785,-0.6132100542800577,-0.6844821268905189,-1.4287841402690502,-1.047155071033964,-0.168879676299249,1.9381310118027901,-1.2297916724741076,-1.9811293109900865,-0.27571614468118494,0.10933243911582158,-0.8966529061840106,0
1.1269978088118848,-0.8296379957700311,-0.2565669310628312,0.07323431871723868,1.3776325144120036,0.8299473789040647,0.3687148358092497,0.2552475140005811,0.6884828590591455,1.9527857576132042,-1.7464785828153775,-1.002019974944582,1
-0.9727372963246889,1.8133456503711836,-1.6068720493556314,-1.3723208227777008,-0.06663764900202569,1.3053972372519762,1.0134256940355435,-0.2784073668026647,-0.7000881059221771,0.30774830689570015,-1.3903444622248287,2.176346168005311,0
0.3702511147991623,2.0334455352768623,-0.32952394404297797,-0.2738935208910451,0.3397451000132539,-0.1485443995517391,-0.19401772528043335,-1.4514496155889303,-0.13910484351671784,-1.6287568949982436,-0.7890507281378503,-0.4364395336273564,1
-0.9370333918213429,-0.17553061566530853,-0.2215333751312486,2.6290772679664705,0.8606000457454543,0.19862004863553878,-1.271760057391859,-0.8499250974650802,-1.5351886246997624,0.4504834888173708,-0.7173734808388528,0.4763946557797881,1
0.6255149929040617,-0.42111688173918044,-0.5493105856641197,-0.07561277022307257,-0.822256774226451,-1.044015871468668,-1.6803603317790057,-1.5047902046410078,0.04102724240793894,0.40041414170897544,-0.11101693436556219,-0.8202554319344093,0
0.861209667946701,1.8930884049866041,0.044859346646748996,-0.279581928587773,0.3345591719191138,-1.9767313523386736,0.7143581951114878,-0.9722413782202884,1.1659640785757286,-1.383825528966021,-0.561364188812932,-1.4997542694257469,1
1.3659556112317905,-1.6948869765204209,-0.3076488588446358,-0.7291344709864958,-0.2529380052995682,0.9418679188414639,0.33020892036878313,-0.21495468702089582,-1.692341799594569,1.7005027453228532,0.16291296251557352,0.3600874768680363,1
-1.2152805669319753,1.1952016416093694,-1.286088101900803,2.526614396463687,0.5369792143318001,1.309797769509752,-0.7551878577977399,-0.14842186319437253,-1.4894863723928475,0.7161910055391371,0.6164787584130896,0.10502621456490135,1
0.28687363828706225,-0.6527020727918982,-1.1751046392203413,1.5300338933761368,0.08720358887526072,-0.18209414407158692,0.27512362891829995,-0.8027019270887161,2.112073939528972,1.226971057300295,-0.7342918266125922,0.32448706342172295,1
-1.0834974477579538,-0.16394687860503693,-1.8836184723608531,1.7612857256349215,1.0781834688443794,-0.6611975504137179,-0.31211727844377696,0.006249530569492037,1.1060898539287682,0.21791770802626595,-0.67854093463549,0.16833251441272104,1
1.495123598628179,0.5411499961794232,0.29249813072555486,1.6779267717798154,-0.4923939407720661,0.32595622448802114,-0.8542572813579205,-0.7463210008885096,1.2695133566016692,-1.4054160069515316,-2.98942429345049,1.2684205365508927,0
-2.021302236451123,1.3007366025575382,0.37551079118110026,-0.4222613312626816,0.15327356800731298,-0.7792895754427263,-1.0942031841684587,0.8519137133230067,-0.5653764763881611,2.067105335413439,-0.03386805481728721,0.10289263953093078,1
-0.7758464380769061,0.3819726182882388,0.1608066005930428,-0.5634464665257828,0.32381387735948086,-0.19232876937642387,-0.23725431512236955,1.1652854535985202,-1.2734804214390685,0.9883437958292152,-1.2873760803802825,-0.13887768118496696,0
0.3456971664957695,-0.23765753421501978,0.7980484019530178,0.4905034308203207,-0.9988947333823207,-0.24781754315089136,0.20414478645231462,1.1398941871500965,0.9717521642276512,0.002712278966636923,1.658784107346559,-1.682052653950353,0
-0.7604897989898717,-0.15480067337783793,0.33893492849993445,0.5889945569342981,-1.2373411123747016,-0.13092155256574578,0.514028093340684,-1.0120913861137655,-0.11229661725054636,0.6867429277014668,1.8666888265173358,-0.5552625002243537,0
0.3383577134269084,0.39549248182117985,-0.9881565055376417,0.8805570145528381,-0.06444790562925112,0.45545977519975916,-0.2914335729796404,-0.23240221121031376,-0.4302141429058485,-0.914598656534595,-2.0107556540873666,0.0794724604851177,1
-0.5519765394089828,-0.8426813561812189,0.5513959044548589,0.1474089115400385,-1.144539101316787,-0.02821877785062017,-0.4292101751732819,0.318512065884893,1.1538951108552946,-0.7844627490143875,-0.36003769600537533,0.48382934838644887,0
-0.5767491492325936,0.15811676434514918,-0.39831800001467405,0.9293564136273698,0.4625208301225407,-0.4156132515372628,-0.15173431326037998,-1.2716971650654758,-0.1214248415394168,-0.8927878955559755,0.2195710879098349,0.4810035570809155,0
-0.034446534872268494,0.3209998037730303,0.26981547157842123,0.8371977917711524,-2.274318716687717,0.7215263498881,1.5560036201501604,0.5673130365275271,-1.024814803525373,1.0704358409634487,-0.2947403636076132,-0.27952492244161603,0
0.4645119208971932,0.28202810162157793,0.9466890884238046,-1.4923350897464258,-0.3320858286842732,-1.1481298297579092,-2.2145497024011154,-0.6717660604897381,0.3204838034945039,1.235145855665815,1.5040569713579288,-0.020468723267945108,1
-0.590539051889415,0.31288039099484677,1.4342253623197936,0.08591311338975031,1.382380536206684,0.8963635062481194,0.7400001139677901,0.1267901304897599,2.78205949134232,0.6315647112765054,0.2794725554779108,0.9234879320601029,0
-1.594585090596151,-0.4038602514335605,-0.6467702427017561,-0.7244827033694944,0.4882625628798497,2.147102576589168,-0.5768574828325306,-0.4349296716734594,-0.30063192940182265,0.12886726821634747,-0.7105858134390595,-0.9766391294984728,0
0.2948700981041052,-1.268500240673968,-0.679913238234131,1.593705375822721,-0.3419493215703102,-1.1561481735915038,1.03710528314424,-0.09316512542231194,-0.6882685279497991,0.049091990458766645,-2.0949427363057285,0.37471270528986556,1
-0.9354162309327337,0.5995580677534069,2.723050110712333,2.385409818132371,0.986328639510865,1.8160694842223584,0.38091207028933904,-0.7335420194777882,-1.351518695877658,-0.15977639572062588,-1.67540401234207,-1.2808079850720877,0
0.9420851045079118,-0.13505540091276005,-0.795139689039596,0.024351761319495048,-0.9966442247283984,1.1108348733496947,-0.549714124418809,-0.4827508183764342,-0.04696017979119712,-0.37684564036469004,1.4888108949487193,1.6784119301126497,0
0.10054578929697126,1.9022405820099682,0.5712905670270454,0.04189629552860406,1.0354150994790623,0.17872773980030365,0.0937072607773298,-0.10783029237429242,-0.6398184293362369,-0.6505683359895774,-1.5961260088604334,-1.5122406583345795,1
-0.8401791423042936,-1.935099335983079,-0.4281491751841103,-1.0667860244057779,0.3988740349036516,0.6062194810815132,-0.7375550940856436,1.5659502916413892,-0.5337097716962704,0.8543668358488918,-0.6101058414836953,0.4977707782419915,1
0.1414735990543918,-0.4254346849683985,1.17321403958921,-0.189016249280252,-0.18077850444349292,0.7951883002233231,-1.473730731786085,0.7809020337006158,0.6332971258832497,-0.42474982109456116,-0.17630793537084932,-1.13871615188841,1
2.255960018484852,-1.2276759870074223,-1.0103396255012598,1.9651430590412495,2.0646371936252144,-0.9894828399758577,0.957760898019232,0.6602091933067807,-0.5041836005310208,-0.3713015715017146,-0.0836845375992504,1.369667543740736,1
1.3977725242533505,-0.6523407717039644,0.21574928378687377,-0.44850283784141176,-2.595968890678076,0.7521947430439978,-0.22146390706452457,-0.8614950199847894,-0.038214258551147455,-0.9049989893911199,1.7204639584310302,1.1328542701543314,0
0.7669703396840806,-0.7642210397126489,-0.19581580883714628,-1.0819889550148367,-0.019585483142228823,-0.5637560814392464,0.0095259824678039,0.9108569322652761,0.2472062560086158,-0.35670000048541606,-0.886686673512385,-2.703489416412166,0
1.136915274885511,0.3898065330590824,1.4892501626000063,-0.53205995356176,-2.3734156074438673,0.5664170912267504,-1.0949254745369272,1.4906611086674748,-1.1125388834667886,-0.0893341735924204,0.494991327291744,0.3559287913254042,1
-0.08292699570756702,-0.2379380289700455,1.0876299622943395,-0.25657982784519934,0.23301154581064795,1.4142024122968937,0.21904007427742853,-1.2967334358164349,0.8952588596973603,-0.1313189340338725,0.8407713048932277,-0.660788917867002,0
-0.4819880167340869,0.06738506431009961,-0.5603972140650575,-0.3790168574255871,1.4489296226591832,-0.15684822908243015,-1.7402377917692151,0.8728590975102115,0.7644013484977816,1.4434828627567104,-0.3011599800758728,-0.6630360389473496,0
0.7136715549690043,0.13072130366548665,1.228483758415417,0.9918928339067433,0.24340944859586253,-1.0648575458122442,0.8060784885504056,0.6729932069489472,0.683385703841656,-0.8890369534699578,0.616198614646612,-1.8897855922410784,0
-0.7936935385089292,0.019068335011433183,0.4930425708960615,0.7167463834473199,-1.1540582728146707,1.2766285620917994,-0.7458449867618304,-0.40011444230245985,-0.3127307632323966,-1.5390384395224463,-0.8174886060185305,0.2295100377885954,0
1.417394427295561,0.4122916797240437,0.9690459345223347,-1.1278583866564191,0.29215709337489376,0.12637681695236835,-0.2593378811099911,-0.17115105580496753,-1.6170560143942074,0.39667281714224,0.08241970966523271,-0.05145626132455133,0
0.921152727927307,1.210520421685353,-0.37534611751253966,2.6090146267431416,0.7349839879482868,-1.6784918888155396,0.2802267127216881,1.3708596343609392,0.24518961315083512,-1.2548557616481575,-0.42159662090883526,-0.3668098337115031,1
-0.9554437381638511,0.11350250714448777,1.4986160806292064,-1.2379279312599685,-0.5106327049489028,2.6154109013105233,-0.8039835804031424,-1.0352106671588823,0.136960944903123,-1.510813876820512,-0.6427823538410941,0.8916511279827621,1
-2.363930066493724,-0.6268187755813914,-2.605114879219499,1.2717157481991752,-0.7495439250833125,-0.07489286890713631,-0.5065137292957841,-1.2183838919017105,0.46943681642508633,-0.33303798387836525,0.2931335338622864,0.6168004200026057,1
0.38562645124244527,0.12856490383923766,-0.238799983450248,-1.444822902130072,0.40833348352098076,-0.24358115807225278,1.3982128063325299,1.0912195697395042,1.2992912874213394,0.46183392771686577,1.1075703513413255,0.02836524104421657,1
2.0842146575847393,-1.8537370323565565,1.046528149094681,-0.8831251092129536,-0.1824501394655034,-0.44115323280698004,-1.1628595342609434,-0.8578590369764474,-1.6100481808854559,-1.3376666389284935,-2.7276804377593846,-0.47533198846284264,1
-1.0657653559363778,-0.8916853178872353,1.6111614430166548,-0.8607117484202146,-1.88818722574963,2.264752555226106,1.3681806162054853,1.0629875243372877,-0.3632555150523582,-1.3963284947519934,-2.5860717514469536,-2.174114698900046,1
0.31512611525310885,-1.279029030876908,0.1197534449181006,0.10322309448467121,-1.1636492086215324,-0.5104282754688996,-1.0560718867079604,0.019441142621575373,-0.13323762555138535,1.1748995942452813,-0.47252858706649475,0.6799520429085567,1
0.12350006646033902,1.2347591758171854,-0.2997850282864289,-1.3329364591140902,-1.0412781330088854,-0.7817088228276796,1.5164589084185243,1.051383046534651,0.3106021925508436,-0.542609005970332,2.8467334509781135,-1.6075947190834288,1
-0.4446495705654967,1.5893154031748495,0.3564032229402887,2.5571382349695138,-0.1875905056636905,-0.9892779100683861,-0.17350214344517614,0.37276849786340793,-1.5467845713625363,-0.2894246733153747,-0.12399144203918067,-0.10621721273207176,0
-0.905740495619962,-2.210360986931376,-1.012569595930855,-0.8396534402367497,1.1382020530017387,0.3971396562049904,1.8526700299346464,0.04921659075970874,0.44468106799794815,0.25234806718710656,-0.9120571599203281,0.9299095356492335,1
0.6188614787119721,1.316378486749373,0.14375011297501344,0.3722141142501212,0.9218393673954265,0.33803277861651443,-0.6812095860508341,0.9635696367947585,2.1482469453534545,-0.007571879809462508,0.6695744629081223,-1.2702135226718658,1
-0.8932474215319954,0.9015687565122074,-0.2698780818351558,-0.07682817859110083,0.5217707207601574,-0.6778837314838129,0.9422324421082365,0.4890339903946752,1.1026114201274304,1.6202617205445806,0.536863352946767,0.28920600045899086,0
-0.5620461231627298,0.31602268184628524,-0.002461519730624469,-0.14823863546245955,0.11950954287810872,0.4215753464539724,-0.5270994455593373,0.007206604944056223,0.2903632474146481,1.3877478238185745,0.4778367167197617,0.31942726760766393,0
0.6515916711454002,2.1466935287987665,0.5181829927107723,0.40157711983616134,1.409342486282248,0.7394175720699017,-1.6791974229033086,-1.105728679562849,0.5178394662104593,-1.224933176220964,0.5300002030214718,1.0303790911463597,1
0.08898262757760139,-0.01964716466567917,-0.09104185616868017,0.3718789057400739,-1.3542280991191211,0.6250621711507465,1.0522287264048795,1.344301567532935,-1.5076857102567394,1.4245083283943836,0.12618213995531605,0.4009543371870576,0
0.24634215981738233,-0.4242656936883991,-1.1484763993754001,-1.2201327305702818,0.6532568854036708,-1.210461968155027,0.08992949985459871,0.7523356709224089,-0.6500408132794325,1.8513274733509129,-0.22458253327456967,0.2347058032232992,0
-0.23629740961338583,-0.7567018062368246,1.1047679591576944,-0.5886614557072132,-0.5296789577920492,-1.4021368524683948,-0.2961261240869239,-0.6569347648070246,1.7722351591945495,0.7457369639323042,-0.6750299352308027,0.2349333590198356,0
-0.5397358970767921,-0.6779766894987624,-1.7127009225584113,-0.8536208660845771,0.8856025269051587,0.025927518131785003,-0.11210117150123068,-0.455585882449059,-0.40445191604863406,1.1926830192526345,0.24116063143796435,0.7224018198411791,0
0.27846679298088717,0.8130131915708908,0.8418059121681202,-0.4979590697790635,0.49581197293112456,0.8221379302589384,-0.41605794750208397,-0.2746354799095935,1.5444155798931969,1.184283638540509,-0.08304902098285337,0.38345509797637206,1
0.6180341563666695,0.3630426150468387,-0.4164612296454982,1.300100884386634,-0.6157703121236491,1.3793466253933113,0.37978694921655703,0.0014638820732331454,-0.009780556619537587,0.3908776894277108,1.0130608084716612,1.0031306567609717,1
0.9163440516219337,-2.7361897882670774,-1.9960572821496196,-1.76466732620051,0.46547267565636624,0.8450550595461724,0.8972485746658598,0.8933227878279915,0.22255749471185945,0.7513593842407175,1.530779157543977,-0.2530862497779031,1
0.6403101537797314,-0.5875708025804612,1.2429871620703874,-1.4248055392126078,-0.9296863886298401,-0.12763921760482272,0.199521120253142,-0.9398585768276535,2.5363488604147473,1.8236283590379718,-0.4752972992489242,-0.25853576765021985,1
-0.6111055343372082,0.6576806459119975,-1.3088142739244164,1.4078615228816163,1.276016509314799,0.634802848375658,-0.11279421526003319,-1.3406598599847626,-1.4730603070687374,-0.9791891615638302,0.924940610382977,0.9635159060121967,1
-0.6581986801030043,1.1464727765349054,0.7010583506268688,-2.0891085335606703,-0.6410519321548493,-0.5195806813321961,1.0013790664435622,0.39519077971239375,1.3172735206903532,1.4471951657064592,0.9920488276150421,-0.02948505866404414,1
0.08703359647138792,0.4268517664257919,-0.25815904105882276,-2.6845848619219983,0.6928410142422781,0.38568590475166326,1.2433588601682628,-1.1002494588880354,-0.9290353905659055,1.850834122366367,-1.667532177782304,-1.110362438536585,0
0.5027955569535754,-1.73841363564518,-1.1837388152861803,0.4178261449025988,-0.6337711625162852,-0.36423523342825426,0.266055583357861,0.7246923274650654,0.784873492242564,0.1037563588033605,0.1940562397305131,1.4502633976908832,1
0.741103708860588,0.8358862634983528,0.1878212860328196,0.6610276612155546,0.7452060931156974,-0.9019269653635088,-0.03271531806778693,-1.46621690832896,1.173127759601597,-2.0436763161418066,0.4679763559056946,1.0685737451585118,1
-1.3793886243157758,-1.2105043624968568,0.07857266496409986,-1.471998639302912,0.06319134943973526,1.868538161367435,0.03467202960216857,1.144780375734861,0.3537335396814818,0.5598662685999982,-1.898962267480737,-0.13604497239288535,1
0.7008456446513253,1.0597610077980388,1.6038802743700287,-0.6567830491512814,-0.3645329698766079,-0.5213390757211227,-0.6597075766533348,0.3886034120721988,0.1981669430165058,0.8248402921281066,-1.7661345590189874,-0.5416055027553894,1
1.6376453790123822,0.20445616779440454,-0.264172404649306,0.6044838168656387,-1.0504697015093072,1.2859740639978845,-0.3271993767711845,-1.8596805162003252,1.3429153652521908,1.1140269024281766,-0.4210769809128116,1.1504172780622088,0
0.8377499523945758,1.5090551999201627,-0.09083928003513352,0.18659812359080388,1.6628980763652972,-2.495244635667511,-0.24612458610938762,1.1381319896252515,-1.0976311762624213,0.17275009908832206,-0.4370824053719097,-1.2311117300256078,1
-0.4075433651082673,0.19401323273816468,0.891382203882752,1.9917426702860135,-0.5264359239997989,0.5629182962147009,1.2844815538423229,0.3736613573895081,-0.9606740846581073,1.154707169074555,1.4415304646545735,0.7331070186656453,0
-0.39193021690428875,-0.08381583301947466,-2.0047916399587735,0.26360500847115775,1.067299536075227,-1.152368734811172,0.05334466337135845,-0.5865103369505653,1.3755182363168812,0.81974597652685,1.0720627327225456,0.06747300834676494,0
0.5050440862537602,-1.1412095451922017,0.0360869363988459,-0.8011366372010507,-0.8263717620771186,-1.0916626795888689,-1.2994112082253129,-0.6334120874370016,0.3293933526184384,-0.047836565356530754,1.7842718937491717,1.1938370702738037,1
0.6443683194801892,0.40222815827489505,-0.4703731511119264,1.1086248183041736,-0.4344868658014443,0.49670490686834734,1.6962620329988605,-0.962158804833209,-0.721129047513245,-1.2674799657516693,-1.6200670794674152,0.07765988483493949,1
0.7976779206224641,0.9103211138564391,-0.5508979250376771,0.7341443627881377,1.3159124555811865,1.1873847260181118,-1.2688625191169278,-0.49345827776897694,0.08352163265573906,-0.4875920437911688,-0.8999500969408418,1.4627458071744959,1
-0.43681297453185985,-0.4000346176623147,0.8228384853373113,-0.6431275399663922,-0.21623534142394313,-1.1513027592709626,0.9647308954874557,0.42140558921050175,2.0134379194323384,0.1339315395205297,1.6272634269663662,0.06681614046375467,0
0.6597727754389426,0.6694294485663738,0.7978170732282374,0.6090836845395273,0.37045014678236216,0.3064108877303207,0.9974513732530422,-0.08474239345200042,-0.20950094085808196,-0.6243128484724716,-0.15076677962011625,0.7470345526311778,1
0.16185334479002578,1.0960172751671309,-0.42878086910570706,-0.25823717383406886,-1.0139256949517421,0.7236291399880763,-1.877110123842848,1.344331828658445,1.0870502003124562,1.5172472588683221,0.3558294460114299,2.442196338508212,1
1.1224439437889193,0.9913615871613719,0.4431994720201856,-1.3350409618778178,0.011006691144362002,-0.3234609078739714,-0.15973845237345743,-0.06107063832712492,0.760487465029911,0.1171162159599855,-1.0972081443221076,-1.4337390559960919,1
0.6926282674270131,-0.8403814614822912,-1.7934521680400057,0.04922370425745394,0.5489917596690964,0.0736955099245144,-0.6239568234309132,1.7641756104466464,-1.170600728640035,0.46072293711557766,0.5503035687289236,0.24517343562146618,1
0.4564066200837935,1.0075053568873793,-0.6017617761500135,0.4950360899622699,-0.14701461635542526,-0.798317002042968,-1.0571811478187192,-0.29247848145804345,0.4197765028211252,-0.2094345250999529,0.5715245610157152,0.657763928671552,1
-0.1806634301650905,0.4957600997830564,2.3571584236239653,1.031536153619708,-1.6996827660608016,1.869990230054459,0.7244907778366235,-0.8470168897747632,-0.4708963268837521,1.2238290921446753,0.5723071263545173,0.6849352475604185,0
-0.8799133273167775,-0.2166227406809655,-0.4443737760626096,0.8091610549509464,0.07464248301409751,0.12383369449416694,0.15113874120585966,-0.2931995779890756,-1.2066239993893424,0.7646933417392668,0.5260106398580724,-0.046680343071890465,0
-0.023296340545585863,-0.36735770796404843,1.0330147111035053,0.23529439810916672,-0.580997393755637,0.2981828860028394,-0.9236688545701298,-0.30161132704908383,0.19667631595040005,0.44298964953129,-0.6015196423734256,-0.41926799722560815,0
0.03281896690802303,-1.065077810973808,-0.9339650883310601,-0.27419573405426545,-1.1483576463014045,-0.16807501308104825,0.15723497486698618,-1.1059314644253762,0.08656564868307229,-1.585217084761776,-0.03756248644366899,-0.06650199649089981,0
-0.12956066464970284,1.3871042338684827,1.2453482536082923,-1.2770044622999626,0.287428003062882,-0.5901948026630556,0.7947291336082315,-0.4368212731643392,0.6193404818078752,0.367774031074868,-0.3558662838678576,-0.3190314790988236,1
0.4354390716128023,0.21858891475592443,-1.2269467577276947,1.8828620236137963,0.6286882526788762,0.19148191183368576,0.7293455135048599,-1.0897986685937335,-1.2103206337017096,-1.4663239367189174,-1.9231925584986957,0.1464397522848565,1
-0.3579913771842195,0.19952943644528012,-0.07632212231573617,1.1695742634113824,-0.050520617217327285,-1.5384172317105074,-0.5848974338619181,2.404333003976106,-0.8887952264979512,0.5378852678790732,1.0887324439434567,0.29667996886446674,0
-1.381203809951585,-0.11377237961205233,-1.5612382270654532,0.8453037676725046,0.016214797323296046,1.8394144551864722,0.5887524902460053,-2.4029075058495577,-0.371429995123569,-1.8860925952942393,1.4877683609176677,-1.2626960327901047,1
0.9258853558038711,0.7656215690325472,-0.6055592201335056,1.1833823851731342,0.1317744353882687,2.417023320512682,-1.3727777489958968,1.316763488071458,0.6114271856553827,-0.835139934649239,1.4237825809334987,-0.7481577209189414,1
1.4324216004134698,-1.0527760979014518,0.3767236366267047,0.16594398332486185,2.106775265595548,-0.01467050966830824,-1.6572177595803994,-0.2782613669907432,-1.250612944829675,2.00007163977448,-0.12133366205475622,-0.9075204476942322,1
-0.3954822732529132,1.8800021332503292,1.7079053087483436,0.5821734167417841,-0.9266070461455669,0.017946034702528736,-0.9657859068358061,0.6068262331375281,-0.985063159598098,1.1009229217252627,-0.7302115550962796,0.06185299254092865,1
0.3994617455829041,-0.20140113238880936,0.8974685653081185,0.055183623945775404,-0.10640811148391537,0.20986128127827622,0.26909752801198406,0.6934104066205755,-2.2681859857327877,1.0563397370094412,-0.596108074671651,-1.465255909686643,1
-1.2534523092334902,1.4058501633491545,0.6226852554672097,-2.079042036027646,0.12230876348449235,-0.49720457074448304,-0.07168744913783184,-1.8736042156125028,0.4735467880947613,0.5332340967973251,-0.17066565673112227,-0.07905235084327912,1
-0.8925438027272314,-0.2836038771884904,1.2400012567254426,-0.2565365005915803,1.0038510492969934,-0.5656152207629056,0.2018455210807359,0.2060136180819763,-0.3105016925274934,1.5072451004519456,0.44304222869612,0.9338736204783187,0
-0.8389739586220648,1.6830452194359051,-0.28036425658205477,0.8886759888259076,-0.44148754202780416,-0.8398299498313722,1.4573894920367332,-0.5692631211891362,0.2508349566177582,-0.6537637813113351,-1.995430877760466,0.1326195036049734,1
1.581813397928326,-0.8380633349771135,-0.6932727762844745,0.16384433222117975,0.29581023248131555,-0.5837098883569457,-1.319847198722979,0.42766186576750476,-0.5790572904880738,0.8722593900231617,-0.9097832106110454,-0.41505372672862206,0
-0.9249429903882869,-0.0218668411053642,-0.7946118890922634,0.5942783938631088,-0.16638417491620097,0.2403180098514279,0.19378319915562522,-1.022018058151158,1.7142946775047834,1.2731827476440976,-0.7881859534788226,-1.3997331453866606,1
-0.16750081283046941,-0.9038325426577615,-0.3846985058640749,-0.33879237676998347,-1.54870504152558,-1.1658064971966302,-1.3043076382457772,0.6661438343645508,-0.4346520632364277,0.8129204533994647,-1.493032597440221,0.24132712126941783,0
0.341598112864003,0.1349152773013416,0.6375455510462131,-0.7685378268684485,0.7275508559126244,-0.8072118211564282,-0.47880364917216217,0.5524938641328636,1.2897121346301115,-1.628894901331208,-1.096272747090159,0.1758593597630107,1
1.1029143615856782,-2.4450420088875293,-1.970996220699937,1.7039833705168619,2.5141732195945186,0.1884856298991194,-0.48802763820037587,-0.17285870650393942,-1.7027800885090447,-0.0333370311883344,-1.7279083017514214,-0.9236562985858199,1
-0.26545465904781357,0.22602491406187708,1.0280237492004163,-1.6225167020602551,2.8043628723020797,0.006514189067651065,-1.4716337784453433,0.9796899214468561,0.49002341201266736,-1.0760527983249697,-1.0073411311785114,0.8217141980368701,1
-0.6336920019456609,-0.9715346656118135,0.09451536718575285,-1.2803234908674548,1.6843356846350424,0.2441958841281469,0.2558479767537755,-1.3723123688619407,-0.7008954090904043,1.091012259211874,-0.6743855279648628,-0.9371133620498724,0
-0.9560765345648908,-0.9330952417480884,-0.0021149751000574296,-0.7426157081038385,-0.34060108498503444,0.8855895241357474,-0.009487102002212746,1.5549140966242272,-0.74964755397053,-1.3199894260773444,1.1561239850164529,0.24037741634587506,0
-0.0316928933937256,-0.26185399258644737,-0.9119584965487382,-2.399296385640068,0.8814356963583817,0.9128947762812046,-1.017721796478694,-1.436454745075711,-0.6570280517968389,-1.4568861514269495,1.2604753863411955,-1.2303977621632418,0
0.8256690293573881,-0.9025321880937448,0.7840058002826649,0.5120582743712326,1.5877804957101826,-1.2009826281823248,-1.2747727741581671,-0.6584593182621598,2.3105513159667495,-0.76553187506109,-0.06302048883424502,0.18803053185625718,0
-0.33936390406682654,1.1147409781607662,-0.038603179457790904,1.0809816767539884,1.612231608090476,0.20566952419860232,-0.34804862823077914,0.5651602426023502,1.1861077540110716,-0.6026651975157752,0.7581828626122652,0.15306564208014847,0
0.036995945497086256,-3.2259147011864338,0.8736735585399135,0.1292952192407325,0.01748538362596312,-0.7105281475101262,-1.486624052913082,-0.9479520049911617,-0.9410001684050129,1.255264138016953,-0.8735089755717005,-0.5711668939763384,1
0.5598879004433209,1.3956815725059284,0.41115863550638976,1.8940987630452715,1.154398820598983,0.9779594323352873,0.7649797389144037,0.7150811461572057,-0.925106720732665,-0.8050463672458488,0.04775360477094068,1.7872445629343707,1
-0.7566936849880119,-0.40072195874385264,-0.7905082254200608,0.15571552634315836,0.38239145417118725,-0.5393244357342063,0.6010580397216087,0.33049621285131797,-0.8658858098021699,1.398073408820947,0.21968599669875263,2.4902704045943533,0
1.3038360276770096,0.08314521054929144,-0.25887948885044515,1.5871408619497758,-0.6314342011979803,-1.3356788800053312,-0.1279547377370852,-2.022453638206628,0.26026906781775416,0.1220716373513377,-1.1276453725857354,0.7444397496404939,0
0.825721143647145,-1.5642376664518882,0.9933856583091937,0.8705882323550044,0.14148673941673373,-0.7632771781143733,-0.4736097662240999,0.49117530024650363,-0.7071508505271915,1.6490848636373416,0.7506059934502,1.9551753369031488,1
-0.5694532459125621,-0.5078273308898092,-0.9100659622242865,0.5788644852695157,0.9482298729104761,-0.20833339584004704,-0.7307215473308691,-0.4628674011269585,2.0936532128995644,0.4475372277064031,3.07045551412025,-0.24980658771653091,0
-0.6112200098299272,-0.9147811056834052,1.0793227875272777,0.5602629205108393,1.3807455404663207,-0.9181913058573488,-0.6272892420431645,-0.9361489510421286,-0.23053079680501135,0.1453910908990502,0.21520311605592699,-0.6517930405595822,0
1.5484521548538532,0.0016574294484238638,1.1636004529349053,-2.043685360033494,-0.49629579514693745,2.4597329268061396,0.038472403603264295,-0.6323989306105235,0.7673568952142831,-0.055867297468510775,1.7091730002271976,-1.3343859127764972,1
-1.4743009145002512,-1.3531177915707933,0.7061459424784252,-0.4216601501510734,0.08765626144220326,0.07300049470817585,1.0963846107742428,1.593844440036161,1.4212080157954214,-0.10946868023623216,0.1959163776493603,1.7815388989489214,1
1.4489839458026716,-0.2692852617971797,1.1151476713716073,-0.9037071627689179,-1.699081351776246,-1.6054312306223453,-0.6845526317579828,-0.10220297676219493,0.8274558374668761,1.438069347604091,-1.4150658704476125,0.14331502182578387,1
1.068933729149563,0.675043918324989,-1.4412300068892419,-0.10824086968143333,-1.0197145737311246,0.31363733882427575,1.4029830411204995,-1.526170214513884,0.16334763985479303,0.441745237979265,1.381819866974859,0.8258857344222156,0
0.5313000939709086,-0.7448695561546049,0.8079135915567255,-0.8550430415627852,0.035712989187497955,0.9820004788437966,0.009360866425155004,-0.045954506936200255,0.6532528254910384,-2.01230901116693,1.7962185988587793,-0.9120006584219668,1
-1.0011325142668877,-1.500342660502098,0.7257115448362494,-1.330944170089373,0.5940237745759388,-0.6257345118928195,0.2021065498816677,-0.10068988921118091,-1.3106767625353823,0.08004732621841641,-0.8168544735058467,0.48277283661876647,1
-0.16929054554805817,0.39927921588248105,-0.8211992166349483,-0.34859972338915884,0.6207453104304006,1.379157391643274,-0.4535082639625752,0.392409197955737,-1.2619274177899367,-0.5395793869903566,-1.298358797231305,-0.14455720382634746,0
0.5083976414323753,0.5348502335153977,1.3956526154716096,-0.8252431618965714,-1.6756815108385599,-0.5813068077043533,-0.07748330617372778,-1.7870350065964162,-1.0165613965911695,-0.31184593246102427,1.31410203934374,0.6974773827384438,1
1.590020874500285,-1.1913757145125097,0.3794869491123464,0.06459730693085577,-1.96311668458323,-0.797877458399634,-0.20404574294422478,0.9100687373825807,-0.9807096501876904,0.36130427256631487,-0.9215849746711655,1.320993994011404,0
-0.47005640909003693,-0.357642127635141,0.07371889471702311,-1.7009430270798436,-0.29027532522591626,0.4802220847075103,-0.39383714685836063,-0.3675183117960594,-1.6289555105168385,-0.2502387817841227,0.6661954264828426,1.4006773281782297,0
-1.0369145373142217,1.513084748495224,2.027307283170403,-0.011052880730309885,-0.8022665225699069,0.05176029048065115,0.26025373681102365,-0.07606265550762706,-2.6228750649678645,0.04060691155552716,0.31833125022415076,0.7570713957917492,1
1.8876280594681445,-1.464599646825349,1.0748452791126966,-0.5782571522980564,-0.924403007338676,0.7089071039498562,1.1513461680953674,0.24021008345266012,-0.37150916094686215,-0.33330591711797747,2.220673840737081,-0.32930420519180603,1
0.7327585093850728,-0.14091132125492883,0.05286260687116392,1.26169438958481,1.8670038517965515,-0.5377857517363184,-0.6051005551214664,0.2379220752554886,-0.47267601428051825,-1.7007097190960228,-1.3363021171968064,0.2633993276595623,0
0.04795182580312175,-2.020272560389839,-0.23029818125685392,0.8250164940762307,0.7777591317431174,-0.4527929962930448,0.5383915125056898,-1.3851903055994417,0.8389414751073936,-0.17798644028023033,0.6984306861764148,0.33644330821742396,1
0.7455008271300235,1.927063734205563,1.8145537062546244,-1.343471909092011,-0.33795988525689796,1.4119731296177311,-0.830592058046055,2.033736329046868,0.13565495910446243,-0.8892445468147226,0.1477843553156246,-0.6617531847771082,1
-0.2617989988472553,0.25793406675318903,-0.6243473775573506,0.1362489334689596,-0.6176914350025551,-0.3778007316817199,-1.1094475151559025,-0.28656378971239393,0.7723511218995872,0.260296063218782,1.2924102461576878,0.006058098728071473,0
0.4778031851667653,0.6539667215765752,-0.25172153346150056,-1.7580476110429981,-1.1022775577463009,2.0632483939511785,0.6659375239421867,-0.7636464341458405,2.018953553868286,-0.8554637064187558,-1.9573037284410082,0.3393969084390621,1
0.14456804177463733,-0.9188593879275297,0.037893649323160965,-0.4972811831557283,0.12374577873505374,-0.2638114719495628,1.586846675079416,0.6780085060445623,1.5889700395044053,0.427710667110622,-1.4404738228134524,-1.1155269993678685,1
2.5261998468124514,-3.228222718010246,-0.058085741708519885,-2.1281216365582916,0.6103222205396173,-1.1605697936878212,0.08003022578362491,0.36034231951731616,0.9124823545089694,-0.05658735858918992,-1.2824153414382073,1.0039648388116813,1
1.3936268955284357,0.6837257740591005,0.707892474171802,0.6272347842820033,0.30898317225917127,-0.28606610407017796,0.8327419614562694,1.4775174299268168,-0.7574055539817336,0.8257130833247892,0.26491985403614743,-2.814567503056297,0
-0.22141745394919268,-0.8680221698495487,0.5345452005378093,-0.3321038582615015,-1.2430373282559428,0.27717436781227706,-0.5856930361662709,-0.018953097492760147,0.9121962120630885,-0.11584130209164044,-1.4980924563525766,0.10359838011290903,0
-0.7945049570474187,-0.5473347082479455,0.14561844107617586,-0.21940878907717812,0.9564714563577998,0.7686804137305234,1.0877116980161174,-2.1280994868605663,-0.4587223679712851,-2.621343195424923,-1.4191827174563894,0.2998638802820878,0
-0.4878985073112538,0.7150963926093087,0.30302796624494155,-1.9409859206962856,0.10155600402201849,0.7628150705678852,-0.17772716524828505,1.4910563260255096,-2.2496767283268633,-0.5174976207707378,-0.6941680499589237,-0.022974111187570707,0
0.44630886647784795,0.8733221342242943,-0.5704531468395362,-0.6119365528670576,0.047762107962536104,-0.06991095402763779,0.24499624170479598,0.8371919618840175,-0.33456780301469097,-1.0394957254073502,-0.294256098392343,-1.0275635837716435,1
1.8314312560440102,-0.2688848127680199,-0.5571182095166154,-0.4421048003709376,0.9355378810447219,1.0498301657044968,0.23849674507237847,-0.2738015501900542,-0.38647919701132283,-2.101785334622651,0.9140360635583911,1.5910811220572239,0
-0.7650482907304075,0.3325965595616558,0.8776500394986412,-0.5956576236473109,-0.1424824730508336,0.708933188107385,0.44723542523070464,0.6266310625489756,-1.4728985055924926,0.15783377688437217,-0.682836808808594,-0.4951979677915336,1
0.6742879757100227,-1.491797897802634,0.8244475344613184,-0.5447654072889713,1.2718595768854755,-0.1824846004411764,2.146758747856276,-1.9722896230280986,-1.9375611710412188,1.2145062817571601,1.1903264466924302,-1.4423655744623056,1
-0.8233236859461265,-0.322007272088207,0.25142782913748973,1.0535186980814055,-0.08926707867622838,1.2890129230801142,0.6562670506524484,0.22445230241769554,-0.758870576810506,1.2654110520046722,-1.1970919284304553,-0.9028288448627186,0
0.8292273098588637,-0.047508571353068296,1.1068524966356212,-0.5266810055857098,1.6809924075979732,-0.5006445308933611,-0.1090499699815173,1.2411809343978208,-0.24887598720705578,0.13389798421572482,-1.0394142212274453,-1.1825038377191166,1
2.1715591252289212,-0.36113781831238945,1.2162830466280277,-0.10584328161662789,-0.6070177998085831,-0.40199802102290155,-1.3273723242785251,-0.6657625796072113,1.4487868743012517,1.9266698019648403,0.8401618179710768,0.695580680054951,0
-0.3962840463501708,-0.9125407417066975,0.23233933188037229,-0.5446478296817266,0.12387250374636023,0.42948904703369334,-0.8211237374789905,0.6746449819913005,-1.77384563707366,0.8701200125997093,-0.023951104642827844,-0.991083907297806,1
-0.7159149220731835,-0.13114420963398507,0.655355967797966,0.0866496823166936,0.8112903383605201,-0.6729295079548209,-0.12904743625664059,0.553559306294361,1.077829802655166,-1.0940800841552434,-2.3066586934037057,-0.4981296203127253,0
-0.7136326807255751,0.7603443824536567,-0.9313170624836734,1.55931072591481,0.2120386507663634,-0.11741421899871889,-0.6307342271731309,-1.4050640635509677,-0.5899470374851693,0.1627610797310947,0.2605697516492355,-0.8040067621502406,1
1.699852522688103,1.5098805544873095,1.162722547927024,0.3237682390257244,-0.9896755066742964,-0.5173993936620154,0.13837579648041007,0.9246312640793684,-0.5991654356232088,0.5620486528682359,-1.025504515935336,-0.09751204059811447,0
-0.10494798297115017,-0.9191569475023014,0.7103305241560853,0.15796833978104022,-0.1379135986406051,-0.48856298849610275,-0.8766983338023434,1.071757328880829,-1.5035600525744017,0.5339054961166322,-1.638185566663951,0.7923777090653359,0
0.4674752284585789,-0.5281389811631215,0.9220787633915133,0.4291641552482094,-0.342174503396871,0.8880209864203515,-0.07370812571967206,-1.001796114444273,1.3029314584289702,-1.4218913750318227,0.3535051217204164,1.0870876126029296,1
-0.3856622254745031,-0.7803034386483919,0.017682828620425535,-1.6185385410082356,1.6252147079063795,-0.40956826458864987,-0.29267413543150833,0.9305076574380458,1.0942362968188932,0.1441880152713935,-1.2410225576662308,0.39637141686277894,0
0.4283920680725305,0.09080792072476863,0.6085534975142599,0.3535904892249918,-1.7490919649293442,-0.9921093096625646,0.129683613216729,-0.16117933536555248,-0.03440724206213606,-0.22824913559198493,-0.2232003623930633,-0.7050944732834329,1
-0.38724377849779784,0.34325040472648677,-1.278066000286777,-0.7745227141321614,-0.37176399757184364,-0.051179104789318544,0.28109662832816595,2.005941997111433,-0.4728117503568345,1.1090424157230343,-1.4369098152860715,3.1061626069644888,0
0.5938582443944515,-1.6856727163708243,-0.563550670799436,-0.523322309107812,-1.5587409714237292,0.39758205019529547,-0.07705370233020643,0.39622260390699066,0.028675915857317064,-1.006797015181407,2.006762208225955,-1.108749087975206,1
-1.0137601721439569,1.3106043381313914,-0.31579018142387727,-1.2012842349286696,-3.2444690812047536,0.47131832788298467,-1.2901743277069844,-0.9771360137406785,0.39929567227160856,-1.3806990693675583,-1.49639828776497,1.9282713144818178,0
-0.22172594240255403,0.0829006256909228,-0.6304988236945213,0.7822550373657732,1.6658455893693198,-0.2131096404791373,0.2623814554936345,-0.3055612092881843,-1.1399068666335186,-0.34384218675950307,0.3922987162270039,0.6239587167336573,0
0.7043126246013524,-1.1525822627515778,-1.1690398851079213,0.16238706259230012,0.17996167036106292,-0.6040602844320426,-2.1293222888671437,-0.043313790917170136,0.9086619788444934,0.6315484007981721,1.1103206361539688,0.8509112090460509,1
-0.9082564240154788,0.5354206305125452,0.474552534880636,1.1729996727867775,1.6120948257534686,-1.0721754953546379,-0.783811487763047,-0.3410601918440607,0.5207821967109438,-1.3478516472003825,-1.1993492601816915,3.460573392965531,0
-0.46903815724957815,-0.2173924631365864,1.0686156433462277,-1.1082376219976906,-1.4423936445128434,0.7877178174581385,0.7981020632934771,-0.6888765933437455,0.17703558070685682,1.4725165114577303,-0.09697774087094958,-0.48924760265214534,1
-1.7384297986800692,1.9253654634310662,-1.0465528092876097,0.7663810296345448,-0.8975587292423322,-0.8134945801037728,0.9530449519091838,0.03211032037200085,-0.6778453849293139,-0.23397182595478364,1.3836551123575926,0.06952525871424929,1
0.7360022100544557,0.11368062736753173,-0.8030768194484547,1.162916204617117,0.9803080944339706,2.0190521564340953,-0.17396705364877987,0.8189655181049365,0.2286763594390034,-0.04065285426260767,1.4111617398149239,0.6938462178870634,1
0.09249670898868532,0.26225095223404027,-1.2350364026984038,0.404143635933697,0.6565990528987061,-0.36367623566510043,1.1279399970692454,0.024023835437047773,0.004440156492588813,-0.35801291611942804,-1.1405784687933433,-0.959770082454575,1
0.14160225227544776,0.1511340654950105,-0.16352078451051047,0.9184036703464392,-0.07110911589390326,0.18300309051339733,0.7746218346273642,0.30573434479552875,-1.1277664636953943,1.854089098779538,-0.9531484058017157,-0.3678406966370751,0
1.4719971583524605,-0.09822470148174019,-1.1190374370862202,-0.13394884463967208,0.32122891060766184,-0.7681706414023798,1.0049288873652593,2.897135483320808,0.3504248180566597,1.3072016264438509,0.8887724238023266,-1.8047028849150382,0
-1.0056711975754808,0.47490139769259987,-0.2790905918658684,-1.118121658577347,0.6817003075071129,1.2278280718632903,-0.20170016759751075,-1.1567093335334762,-0.7514543160024438,-1.1938852468999421,-0.18431222822094714,0.29998441658662434,0
0.329454819693492,-2.3300801004553637,-2.1602830495916394,-0.5519639941819401,2.0250435168068064,-0.26033947010092506,1.3039740848944097,1.8764278182474299,-0.5981863964191532,-1.7883969886322266,0.7255758560672037,0.38306844103484805,1
0.1021889381014171,-0.10938738372613743,0.6526732082331431,0.798869969987603,2.408515077640775,-1.3710788254750372,1.595086517962391,-3.0872527815244712,-0.14384642728463262,2.407661443025696,1.955553875342924,0.6780906648730833,0
0.9364900280404066,-0.9936359010264141,-0.14393315764345044,0.7911702704603932,-0.15519314509080426,0.8000732584079693,0.4689660161752981,1.740364942461994,0.8359271150498,1.0366653910395132,-0.08668852247460408,0.1505081390025344,1
-0.05365085127358043,1.4910669762892286,-0.5325334795371235,0.02332862865600973,-2.3479428015544213,-0.28626536064816016,-1.4588967237229828,0.12281608462548817,-1.8881331414012636,0.8846584367143282,-0.651443908661789,-0.650098493541266,1
0.3938719219233716,-1.214280896915797,-0.23254905633472991,0.8904080661820488,-0.5375464507930758,0.617383112358846,0.21605415579102652,1.7142191917509875,1.0468568197135473,1.88433867034238,-0.7915443310656591,0.32532995885448296,1
0.5862741167298424,-1.0301957878585206,-0.2810907318730917,2.37441158500312,0.7305103494375461,1.0381446099406033,0.17109027441304078,-0.4888673845629604,-0.596453479100736,-2.339413325759216,-2.07660411942991,0.2950114603993173,1
2.061316188676701,-1.7520432902873357,0.10946648392666386,-0.660682974121016,0.8991042646081828,-1.8829142624861128,-1.3096279424805704,-0.2264374698238699,1.6013673478174304,-1.4442875991355848,-0.16982333336833233,-0.7925375314656307,1
-1.2745001117831907,0.21663000341201663,-0.046332809241441224,-2.5857486276905166,-1.1499316540265552,-1.4501016505572397,-0.990443237521218,-1.049460157360206,1.7559229030754469,-0.5773451265373533,-0.8762880480184919,1.717843944216797,1
-0.6452837015707061,0.18161224681840585,-0.32734918827639725,1.5079633773748322,-0.2296807828302817,-0.7461308810852578,-0.6770083794652794,0.3744620377885827,0.585249649716989,0.8847378917429712,-0.5804920873088073,-1.1298221582758878,0
-0.23159710485461693,0.42842163923572624,1.282135300783958,-0.2554442576351156,0.95263005462875,-1.2661042973025658,-0.029602980278796633,-1.4765702575886206,-0.2875849040744802,1.1123913097118467,0.8073891144253346,-0.9136318570326339,0
-0.6079507419434461,-1.2678344912656392,-0.37346894453021584,0.8726044476371871,-1.723376664654836,0.8677893590180434,-2.623217657416075,-1.8960649726093972,-2.2492705509195203,-0.41110052532094576,-0.8988533148804303,1.2735445600389637,0
0.2754279849935012,-1.029027027957753,-0.01622554483780576,-0.6141080033448229,-0.2581582630363885,-0.09451449237075686,1.116152136124678,1.8684108074457966,0.9602973082771556,-0.8005252118938315,-0.16944041795948228,-0.462363083134211,1
-1.8606290816156246,0.04663519142270044,0.7103226011473572,-1.7815208115711065,-0.8051441563201347,-0.9367415889766868,0.2794312831587489,0.49312383334930576,1.89340777101573,0.044947537609664315,0.8469299672202558,-0.12045929900708362,1
-0.4039953119217954,-0.3972153843031585,0.47819165701103084,-0.3706910610401062,-1.4555775925506804,0.0420871928544476,0.26945118491282694,-0.13270014279106732,-0.08974893886814099,0.32429915620648253,-0.43437777522820087,0.38467483100274485,0
0.1837401436864461,0.24568880253969005,0.979735039128026,0.4598605295391269,-1.8999358654553145,0.7083416834303261,1.233619562054335,1.2401518382354362,1.385527301830175,0.38507976170565456,0.15358666390002068,-0.4932544388932639,0
-1.4242934746933134,0.3914654631527532,-0.06323044205119843,-0.8672582922356756,0.8252956127824526,-0.744925371274508,0.5639999224622576,-0.011734755169442298,1.2812267395342365,1.6860457871240857,0.7111753096334846,-0.9226979582359347,1
-0.2537832003831817,0.5638982038863021,-0.29591839469258474,1.132725497688764,-0.11538632585464764,0.5172342318615146,0.659049439762002,0.5796011377922619,-0.8287720813911551,1.4898827985235068,0.175217170479451,-0.26417469980106817,1
-1.4794148067261894,-1.469034837755055,-0.6052319428457823,-0.6323531033903859,-1.2708438147673615,-0.5257312341983486,0.9974066919319013,0.38082816362289457,-1.1778952925952904,1.033283482250018,1.01165150598107,-1.5499481372712876,1
1.388645244988284,0.6535444247384675,1.0206938990082295,-0.971548587288886,-0.3290441356404132,-0.4831037578617064,-0.7121893769672648,-0.6683517443293842,-0.917378293248668,0.6118694813752386,0.18986803420396234,1.1046846190423167,1
-2.4029897546357,0.4026493231530669,-0.6088332146619145,-0.4748759516115815,-0.2839930359006189,2.36109023325854,-0.7330033039870139,0.582507763062827,1.7781655642715788,-1.2003636917232197,-0.05170461769173278,-1.3131582621843672,0
-0.7663637989026074,0.46025075480524175,-0.04963569801315549,-1.6625795397941436,0.5600803185326952,1.7945127837055643,0.566137973614608,-0.5039687827046847,-1.00070765603596,0.05382862225252128,-1.0583754025860823,1.237726255661381,0
-0.22055408565569118,-1.6068536650976564,-0.4731927551288623,-0.6008941527023924,0.8042296427444945,0.44620463410910005,0.1378580307896277,-0.6506752052234276,-1.7068082692835196,1.3736881690490044,-0.0017271871887607317,1.501376948252433,0
0.3568835900193379,-0.988125109395962,0.5064702126697226,-1.3360893262914317,-1.8180154242379496,0.745029001727649,-0.6356328285446021,1.3130928393791896,-1.0756960838812415,1.6412170836010411,1.0369473218481917,0.6922844256433313,1
-0.19344381723448875,0.17826176323144666,0.9844652915556413,0.3162314133274727,0.8764510605762272,0.2967433690565698,-0.5000832815021,1.747844649552078,1.8627372361370143,1.2429821945848198,0.23117815273068953,-0.05885808320283802,0
1.0648958406309275,-0.10486720959324106,-1.2101125702874507,-0.19147843143475635,0.8584245127157194,0.24692641161977036,-0.0077315107372286475,-0.764461953553063,-1.3612857132862146,-0.4706611583669077,0.3492405648701052,-0.5979956384661842,0
0.10523285504950661,0.5855243000485393,0.7702509333253467,0.22644161879245917,-1.3854728106820637,0.3419205836765479,-0.1721911010105135,-2.238778192924251,-0.30742742445615334,1.8410055009648327,0.12548009024578025,0.5793091022243649,0
1.511621264001729,0.22766121792247687,0.03886667508871419,-1.4558939864230307,-0.03983184389320283,-0.32921216805575443,0.3869673193092774,-0.44941562263180124,-0.5922580877098481,-2.2683924481223223,0.8859601238774536,-1.0563623985763269,0
0.6146660893133803,1.1934112046770993,-0.7928773337845879,1.6059661670720657,0.1002140682690513,0.397187269412786,-0.40177251799634917,-0.5455358439082186,-1.7718457315535971,1.93686033495952,-2.1708895690410968,-1.5479039175759535,1
-0.1615793712619837,-0.12333175873614392,-1.6462080210959353,-0.4721658813005285,-0.6543429277635556,-0.3178450782112805,0.9320598384740015,1.428056985938702,1.6594926333444846,0.5647961307946819,-1.484511142640904,0.4977865801943014,0
0.4445354023463549,0.403530736470433,0.8305030859503093,-0.7096154907762382,-1.2909570064731155,-1.1869570780404388,-0.6843774982186415,-0.3257808892675042,0.3115278467778047,-0.6396092936291914,1.379001342922623,0.029203845362289996,1
-0.6348257330293642,1.1504797478830693,-0.4076297865207709,-0.6734516750379331,1.3923545605925396,0.21400199351194907,2.143073177272767,-1.2339664050900259,-1.4514156829620468,0.27267133826364176,1.9225733697686647,-0.7151262597902642,0
0.12463252649250776,-0.5550962208894864,-0.4086754039732573,0.5120007485160628,-0.9485127207869488,-1.6332481507061596,0.3516261328502563,-0.27647416411699305,0.9011885063393903,0.9934398094137479,-1.0573317229979742,-0.20798253204899517,1
0.5394251642300663,0.8287994374965575,1.455274714964667,0.6269190057923624,0.8167750740831183,0.8582238636411373,1.765379316991792,-2.3541338449251024,1.941176686671728,0.15925331414287447,-2.6662780091140705,0.23266110752235653,1
-0.5051834158420757,0.40265969474441865,2.122549445153011,-1.3275075608911375,0.6459006935460574,0.3494333003425702,-0.2937025928935861,-1.1610733441957146,0.2679166491408243,-1.5135411733715125,-0.6461068869675145,-0.7337367922074312,1
0.17368507983512882,-1.0119190077584224,-0.30999429719228583,0.24899910911096246,2.6671190937762375,-1.6913950929188848,0.7830406098523472,0.8169759889881731,0.16137336632904695,-0.9508132551785957,1.301593982790854,0.010665042866352772,1
0.3643529220401622,-0.916295450756282,0.1252081013627012,0.945151631328779,0.5254769135154652,-0.34184694276161837,0.8240960103702706,0.4167368435769376,-0.7296013634355587,-1.4164609393880903,1.4379350514872076,0.5821668445019728,1
2.168629161665636,1.8825590247869355,-0.1949697283773846,0.2997042985537717,-0.06365607673067114,-1.234838991134335,1.6482067113472818,0.5247922950444902,0.9390298215219244,-1.179494439160165,-0.02799658093452595,-1.6293183207339874,1
-0.11969364828340268,-0.3075167726667386,-0.935154814925369,-0.5153614304560571,1.3699835066956794,0.7163651248970018,0.0584038760446146,-0.9912853070216581,0.4056038071009627,-1.6168873815922598,-1.3610473308260465,1.4936463565931353,0
1.5805938288365369,-2.17987786740556,0.2495696565834613,2.0368671360040005,-0.4780781495773768,0.27664123372992594,-0.6098478826669322,0.5688827161157749,-1.0269186991566013,0.34426464838905024,2.0233328719842354,0.18439975530070485,1
-0.4272402084805474,-1.1940805402048638,0.19158673491047218,-0.928728686234371,-1.2593688034094055,-1.3382928624848003,-1.6422335849030463,-0.26637104992987143,1.5498806741886388,1.0550512473515627,0.8162073653783349,-0.7510611760707487,0
0.13369835433317512,-0.31119561395445544,1.999179274881797,-1.0716770027254503,-1.6427582164560803,-1.3707814656190032,0.44273377766151156,-0.7411628092530466,-0.6102875395200517,-1.750884337236993,-0.7803150504322602,0.7461148490296866,1
-1.9117082924575517,-0.5206080054579106,-0.004231296381688499,0.6453215380307599,-0.5595546567118133,-0.32603606526320367,1.1210732070888947,-0.35073686716009467,1.0992683938667387,2.885648165820277,0.24795111774014333,-1.1233728679231534,1
0.5513836720263458,1.1334329213440713,-0.7383211448448295,0.6535903857258973,-2.012351587415136,0.9728356036974802,-0.8327479055285547,-1.8299455058383611,-0.5394309756639307,1.2532612215109828,-0.06003690961677762,-0.2148371100988754,1
0.8719262397864724,0.40942905943668095,-0.58470514948918,-0.041012967775314435,1.9532879421895213,0.031157040629083352,0.16362071421261531,2.14677936898789,-1.5307537351065468,0.7051945353213298,0.30922440747096264,-0.23017315103993968,1
1.0063405894085873,-1.1059068884307695,-0.2848261922053588,-1.2872735068822685,-0.43507310709849367,-0.7587206875196958,0.8947216178511197,0.30606004811590876,-1.013157597593286,0.0974715529593544,-3.682783121062106,0.4226941613264281,0
-2.0576117994849463,0.6704634242255938,-0.4217823262278197,2.021235153360909,-1.7500490814592142,0.6285933817007088,1.7375086962118924,-0.4863951046624549,0.12371995505316198,-0.1613180590310662,0.385283032891597,-0.062341485737389644,1
-0.6856988840455264,0.04834707526588251,3.110450863441341,1.1908360563586755,-0.9638145000573485,0.4781624522800314,-2.372355247574164,-0.4898949958620012,-0.23766638285019284,0.486571342256041,-0.0021685133120272143,-0.3849487822550298,0
0.10536231490077283,0.3423371566717726,1.1555503336210162,0.35057787862349554,-0.4196836131765213,-0.9894243281984072,-0.5035732671135439,-1.268762269578634,-0.1247002904608608,-0.6177033680668894,0.35247787541960607,-1.027833879996704,0
2.070405857415373,-0.2429744897972148,2.053145829879314,-0.9501126860972617,0.17179547541607595,-0.530770325518914,1.000574874378932,0.2224532703552012,-1.406677951334825,0.4230380463549733,0.701677634931477,-0.8539915387964429,1
-0.05268844727584241,1.2667099108590207,-0.4287445686332441,0.38236210329262127,-1.8198300760852433,2.6293219302804345,0.20249056889474912,-0.9473153265489205,-0.7001204611352763,-2.549702994098268,0.4876984827455538,0.9537567333690952,1
2.862451785598185,0.3721407587925999,0.20393027028601482,0.2144353931693187,-0.7856810321795273,-0.3205642131464304,-0.4660847208315057,-0.9012640353814946,0.1428718574833558,0.8998343205515198,-1.6595903342188196,-0.013870257746090252,1
0.753059876592113,0.35306061748088685,0.47570842603342134,0.6218594247116233,0.4505816529352556,-1.5186343574770738,0.6610919188259663,-0.5985273451781519,-0.21910008879915688,0.42793097435125893,-0.060831875422602134,-1.0372689599824687,0
0.9407736113757049,-0.9305608387643026,-0.3700717108202993,0.9041767392311826,-0.8986419476281701,1.6296269373621024,-0.7980481486719846,-0.5554797837088207,0.2095567503961655,-1.5601712098942664,-1.4687920849214113,2.0010059290033455,1
0.13450993769149347,0.916469612376969,0.7807718053166404,0.15208312467618587,-0.09258034731469256,-0.900630855168386,1.3614011889488584,-0.4721938462127038,-0.5335489482892899,-2.6394079395535486,1.4550037779123395,-0.1425563315660251,0
-0.7731721198778312,1.8235316771172119,-1.9858236264696634,-1.2544227968965456,-1.3417988757710293,0.4578674664515505,0.061305906523945464,0.17976378099660317,1.0033017433536384,0.1455053483879671,0.1189209454593284,-2.0660739027478074,0
0.3048862827719452,-1.0303714862673168,0.2682204033908698,0.4328356523990256,0.7427204935942995,2.64436959257179,1.6556790345803278,1.3096256692471582,-0.6790595705316266,2.3104022927452785,0.3826668773638545,2.305864458584642,1
0.7312662506948554,-2.599385410400235,0.9434099997460749,0.36151539792542986,-0.4714424432692111,0.5187250801136405,-0.05457333638442075,0.4497981567699184,-0.38553773358364596,-0.05372504777013995,-0.5086431391917094,-0.5238261614939463,1
0.12317713415688493,0.6546061819383893,-1.204125518975324,-0.31491489259066263,-0.18874960418103273,1.069078203835469,0.2739920516661049,-1.199134634115009,0.2906625693659482,0.45593067288949624,0.7754724163345369,-0.6051154657916531,0
0.3261651087108649,0.15840571561217237,0.17744170789500072,0.0446833030401225,2.1617444152804564,2.3862304276174373,1.0557588747164446,-0.19793003369033885,0.6761897265440465,-0.18073555063335758,-0.07871941290035304,-0.41720088592175547,0
-1.6073177148906164,-2.469798371244096,-0.4819458366496545,-0.7148800648467919,-0.7409861243299688,1.2514570145132549,-0.8292613213635945,-1.2264054102981246,1.112236150013529,-0.19300476077596618,-0.6680536608997618,-0.21055211556633083,1
0.8976129486572824,-0.1028875682509692,-0.029329919466773165,-0.05028612986776487,0.23130441989518527,-0.6351400319871829,-1.68900304636555,0.1893468481660154,-0.8098242337554086,0.2865347023760684,-1.2420916209499917,0.8010521352188277,0
-0.7526456593491903,-0.31399239785843625,-0.9407771515094222,1.0139650905054367,0.41382650453418024,-1.102902296398426,2.261542804421478,-0.8945987938102459,-0.8878324397186872,0.4043830858442109,1.2617688865195402,0.09952404609018485,1
0.2980503195198683,0.1782188888271957,-0.5172728949057166,0.16243023632616543,1.119749367915251,1.580573705467983,0.6414364454190619,1.083744048503894,0.6416559833499318,-0.3723614417847688,0.9122248061119691,-1.2651634068345285,0
-0.18584853643397362,1.8719938600356678,-0.29880335802134633,0.0865930957094043,-0.7307844049175594,-1.06008589165544,0.269556951928518,0.16141945293392274,1.3649091049437174,-1.5174016195634108,0.5410849815462638,0.4339687083669595,1
-0.5204538451311241,0.7886181662177325,-1.5064334717643448,-1.3512910364390858,-1.8429367786166462,-0.4504830056281961,0.2809267932927054,0.2599192062942119,-0.5872529098459669,1.6794392206609154,0.14147853757645384,-1.9038209137493958,0
1.986046620756236,1.7259913161514993,0.8887382769040969,0.3579327205953948,0.15674152113942214,-1.0734666654755123,0.12384451924142274,0.05056280248262046,0.27112533474722045,-0.4824101282869816,-1.7968388248031688,0.9397270904791168,1
-0.14119800246872008,-0.3717213399918182,0.45047543049401284,1.090866568582684,-0.7549865087147628,0.5969552003998709,0.5715219646956866,0.48517448872071056,0.3835382935614818,0.5932891086666686,-0.0005980802348561519,0.7904575736838719,0
0.026325498557753103,1.6117577649508943,1.3697235255656763,1.3114328425860808,-2.0709770950910156,-0.6732890025781394,1.9696412479059218,-1.5576225133571697,2.1888528618621126,0.41850353916348443,-0.053592115976433034,-0.6082392041287322,0
0.028578191203270084,-0.04808107628532992,-0.8458777561781131,-1.2737553862975894,-1.2869549363074475,1.2937202873201914,0.6626831596696104,0.4206783120619111,-1.0198144016150354,0.40608855773888936,1.684103870321762,-0.3652100869968481,0
-0.16450799233896854,0.45145115364389277,-1.4962074763622726,1.5264685931911122,0.8686609768624628,0.6700313217542502,0.0781122364461949,-1.2679327467080597,0.5959577068190198,-0.2156183300311447,1.0135301862672386,-0.21905633544789052,1
2.2844464640302005,-0.7163634254602854,-0.6228129344060604,-0.8030063537283006,2.379076428012239,-1.0208714837127455,1.4765946656347513,-2.6718424721497773,-0.04835381291605778,-0.8283312838628264,0.25864485038227136,1.4778990649847055,0
-0.7809352306939645,-0.040540754249944896,0.032422598360914066,0.37819866453885265,-0.7758317629880662,-0.09202897058520262,-0.8996336872491492,0.9488242357123342,0.2149081345083406,-0.4099327908060331,-0.688104564992854,-0.0299149274456069,0
-0.17511374404532107,1.1639131382069616,-0.40952709828510186,-0.9037775267427832,-0.14630759191615988,-1.6070016748231264,0.8655661170828094,1.390967664084237,1.7133636205356477,-2.1561689623973583,-0.39310370354983387,0.8142036853927377,0
0.27268362283075626,-0.8321664452369483,0.24729339923038185,0.5572912635321351,-0.17746568580157301,-0.6357001147589667,-0.9545688809473346,0.8088826762395179,1.0673268632705883,1.8095636971920228,0.25942314961243823,-0.4413662535291222,0
-1.1986285050865189,-0.2208731523786362,0.1232007747499742,0.21432226942122176,-0.40708936950279584,1.7159883537101908,1.3344102621157476,1.363900802266473,-0.2892465652253343,0.2530781509778309,-0.4911312654292976,-0.2019103772211514,1
1.2742277318275015,-0.8583503799205826,0.0023021511078118004,-0.16849704592473475,-0.39998003944776656,0.7782365543217659,-0.0951516799206143,0.04789635822241528,1.0297634798365054,0.15625754563643093,1.7384961183215206,-1.3040447281989704,0
1.367491781335292,0.7909237152007101,0.7474454114607899,-0.8188171105601698,0.532191780032177,-1.426400841612554,0.49610794043950796,-0.7137324229285789,0.9351235747965974,-1.313538342466332,-0.4541010859234958,-0.5806413936844289,0
0.18423661946091033,-0.27055389239266575,0.41549183729519173,-0.8256947435956833,1.5360577082608564,0.6639119635747474,-0.9808077442977757,1.4234674531866656,0.012623760434877977,0.6745421176634623,-0.0804537044288839,0.3190837105459714,1
2.5044724701267924,0.8111182774418508,1.915474640668195,0.7491908184207211,-0.31652622782467,-0.15545515982814304,0.27310605143175565,-1.367412320668285,-0.08028095975849014,1.1505218221220224,1.158993163229966,-0.8963867917448655,0
1.1874396425455114,-0.3862093044992533,-2.634960715384262,-0.6266663223539225,0.8379780189146753,-0.627136951934864,0.22917991018713665,-0.4431557607441221,-0.2806825501944316,0.8593906350751388,2.1500941548083525,-0.44082093578832166,0
-0.8100834839606365,0.4431364646801939,0.11938399189993892,0.7484043954121699,1.691246427396373,1.1869705397619457,-0.382145736708586,0.4656940374453832,0.0703348367295583,0.10305568633294801,0.6668827108033636,-0.6163284778281194,0
2.7435270072779,0.15723173153289327,0.12351815777481219,0.2389421391988785,1.290916126259782,-0.8531425966261031,0.06498678942055117,-1.4389135876998547,-0.5287087139687576,0.5749540571993791,-0.5606845670242006,0.07421923264156247,0
-0.448760195405431,1.0097603495210534,-1.1727588938138356,-0.8290764757639227,-0.8162651007017971,0.5488781482181383,-0.3957025009534057,0.14327364821020977,1.321643001310818,-0.3138611672929683,1.5263165139254216,-2.128382896646718,0
-1.2400922137896795,-0.27588025652703063,-1.4411811719288228,0.7626357020659721,0.494027797321675,0.5433126309505102,-1.352592774728612,-0.19202318311057906,-0.03250076305507059,-0.6307038142798332,-0.3845913422817663,-0.5286188769804554,1
-0.382098093573282,1.4887649198811663,-1.3386032878263163,-1.3860946673729069,2.365348154793377,1.9899400034573784,1.1910301061254986,-1.0797670582172165,-0.9730777602500869,-0.7980559635802628,0.06357256884427472,0.45398269532461166,0
-1.2981864654997175,-0.35345119891941007,-0.350159102354938,-0.3208125515117084,0.025317223624367755,0.15877373923814272,2.1597646065338156,-0.802088524282967,0.3006706473560678,-0.6544118667979232,2.1214125850298555,-0.26484983929192346,1
-0.8716336443669702,-0.8635976999077325,-0.23472527746093938,0.9617048928898131,-0.512652462825366,0.3556243530861067,0.5046088182033756,0.45069229488179907,-1.268513515268941,0.428300002275477,-0.08350496914157637,1.3719252722825173,1
0.2158760669930971,0.05501420240899116,0.9233195235466347,-0.42879023815327966,2.5554075049210803,-0.7984815477734869,-0.27037193162207324,-1.0825047762592792,-1.7379610228842235,-0.3675125912145593,-0.25471633233374447,-0.6891043513413956,1
-1.569267588098666,1.3602874522775636,-0.7041209193503275,-0.6184326078990484,0.4240660410299882,-0.08393007610394328,-0.8168786642638612,0.270593305823797,0.27422894919366825,-1.04046497534138,0.6780812358727176,-0.5131399347147011,1
1.4252785079892598,1.2260865251574498,0.6996008751549104,0.4072224975941725,-0.6431341151786518,-1.4676002919000122,-1.5465069669065603,-1.2363232678731415,1.1183583605195178,0.6361809228439279,-0.000681721129184949,0.03228364540781649,0
0.1274384761852547,-0.14039994814946058,0.8443177759829723,0.7636894318506515,0.48795519248049224,-0.6495354099189523,-0.5742072679847444,0.11822956796441633,-0.9645258240724583,-0.7168028102101851,-0.9181244488507336,-0.6387584333622697,0
-1.340769071585399,-0.4839414318621861,-0.20657286423334464,-0.044396972529054515,-0.8254221128052331,1.2732887232670482,0.7328790851211741,-0.4338434067228736,0.5894462298030638,0.40371849965433804,0.38178784954981243,0.619903557692746,1
-0.09605270914872212,-0.16259198141929904,-1.770679042680475,0.7671295362427665,0.5389854018736263,1.1332987512428532,-1.2842911472294134,1.3271012267945643,1.4956656702441604,0.6388368532734312,0.3586436750949317,0.03952730531627896,1
-0.784712883082988,0.16289710601561264,0.4012368002341303,0.932226737892804,1.5217366459353159,0.09319661678724936,0.29298693029683287,0.12421676655467823,1.8176007258277362,-0.3089191374184959,-1.7543288396060375,-0.32299208897429277,0
0.8633153368717561,-1.6935134948169215,0.022570451356662646,-1.3378784614633372,0.3576561619385767,1.8978175338219256,-1.423238877621145,0.30953322984777676,1.0473839814955406,1.6949851246902827,1.8927841149495035,0.3227912325950902,1
1.0585967688320217,1.1080557886478286,0.26346114958227246,-1.0640305841616002,0.8521020001575641,1.5630628383267962,-1.3332107310736347,0.5174662565267246,-0.33236123174137977,0.3414653002290495,-0.44883245133132915,0.4446176533856922,1
0.8695869729221406,-0.5347445549983202,-0.31404497555797567,-0.35687121367899277,1.3231784818360044,1.5317962295994465,-1.6036882997182138,0.25473000457842976,-0.057706472943956935,-0.5367129332759438,0.7168721103171718,0.009110007275777751,0
1.5372830707425227,0.37828663736432633,-0.8164920489542784,-0.1134996615217961,-0.6436575039506257,1.5807992014505445,0.35207628998487683,0.9684577985101018,-1.2914482376478211,-0.14699534719323257,-0.5252055225160669,-1.04849705517153,0
-0.0593458545631643,-0.1396014154165391,-0.8500732396569236,0.1575597020586335,0.7178021359257928,1.0511742635324,-0.5450248823833782,0.13401481594654727,-1.0364816470338136,-1.3898440324025736,-0.24630275096895873,-0.651085927386728,0
-1.844885139705541,0.6871248667564073,-0.17547634983848862,0.35306251913035186,0.5363360634390649,2.0917330258790994,0.33483100759954215,-0.08914196487503648,-0.33284509403307955,0.3991010833108174,-1.3163205854122295,-1.4069238935366137,1
0.35062168163713703,-0.14019292626775112,0.04558817064720562,-1.0209610052054194,1.4773334268700569,-1.8942595033314273,0.3025203396862079,-0.8054437061235048,-0.9481254626962126,2.6775288264691013,-0.4775419765778027,0.043014823784524994,1
0.8208846174759296,1.0443773940108736,1.410097021511282,-0.5879429484999266,1.5243671833498118,-0.7165435094917202,0.06896697940871935,-0.01477535734891974,0.2637590970162102,-0.9142688920035212,0.13558331799946596,0.5259031905291974,1
-0.5489065386414494,-0.5814148051813929,-0.07695512013308484,-0.2507398654351485,1.2812509479377407,0.3499904635286438,0.817194313736858,0.16404697162629855,0.5120755539979408,1.852305090207579,0.6221570771217346,-0.6414320615071771,0
-1.067858813618523,-1.1746766167259177,-1.0408346085195497,-0.12339018298705422,0.9707014276209588,-0.4638247833776724,1.0786752937157922,-1.5261095008111714,-0.12284325007050047,0.12288234604454824,0.08618178687126804,0.6392324435044315,1
0.6551539309378069,0.43102133660254144,-0.7104278775545101,0.765896920279518,-0.7189003347233904,-0.5564612367843843,0.5454029207320095,-0.5457962911150508,-1.0529108939068148,0.17124442923967448,-0.4995275245395215,-0.22572040105480684,1
0.40058908334432386,1.1379863095801968,0.3163089274741718,-0.31480133243254615,0.30772860256398327,0.59453457758721,1.5587190333988583,-0.013603210794019629,-0.9605830371485593,-2.1273636797438003,0.39714756940489576,-0.05894187285372206,1
-0.04246408893658882,-2.078711267300209,0.9972105730444669,-0.8353279126735852,0.3923252794928944,1.6425971361974225,-1.0938514945979934,0.9838523015018682,-0.42031797868043425,0.13758451130326002,0.5674164361427877,-0.8220342127616442,1
0.3373900766927696,0.10123783137822696,-0.23934485697961527,-0.11386582824442255,-0.3238734441854243,-1.2626659454238403,0.7861965140230907,-0.8482610287916863,0.5740885706498411,-1.8229085733570727,0.5190771452636835,-1.7512896941560725,0
1.0773007360914613,-0.7811359773657365,0.8145987943716692,0.6782095539765588,-0.406491067608732,1.1242058805731754,-1.0423727009916786,-0.7075954041660025,-2.077345209098905,-0.9461452259443727,0.3745858997313287,-0.0346007795865569,0
0.15663728506383023,0.08194120250816164,0.3294303460063973,0.00021512623440355475,0.24213680990807745,-1.3832368770454497,-0.8523720393576335,-0.7525927016952737,0.12142092418766634,0.689412212402225,-0.2224041621947952,-0.6992499856512625,1
-0.48435852891403913,0.2044742136719646,0.08392543495190165,1.6440262384099482,0.9693363003061471,-1.5756186363931257,-0.7302560617331453,-0.4376422521406102,1.2148832864759347,-0.046552601590136626,1.0438238640741841,0.6770623218887903,0
0.019773783416283743,-0.8077150635979107,1.2571682439433869,-1.742371369812335,-0.37974107992146866,-0.8458999180749941,-0.9691995300503904,0.3870626789268458,0.30439387421692327,-0.38554138706296537,0.6344379722848704,1.036070215668639,1
1.5369830636795572,-1.8665943030287442,1.5551588019775047,0.9987276253063225,0.09280133710268174,-1.5822123086772562,1.02839547003087,0.5458744610427466,0.982406643536305,0.8526724938151291,-0.5422502408485199,1.1685702900157504,0
0.9411453645941507,0.046478443462125124,-0.37145595708124995,-0.29577044314355017,1.7869402116855193,0.8826258657514807,-0.3933338665589463,-0.0894724698968696,-0.23659697032653654,-0.4181383973686119,-0.6975085280635657,-1.0541000268954708,0
-0.6747380469032368,0.058821631844799195,0.6743077768349982,-0.6147136405422772,-0.522485642738848,-0.8631505934418464,-1.2301400049423472,-0.1564534724666025,1.4548253734380456,-2.225032017512892,0.37336275071151315,-0.7471870520394444,0
0.12569585985773615,-0.9006245846467903,1.250070294086415,0.27348595943384035,-0.9393293468928736,1.2618703888249085,-0.6970266092335775,-0.0325503729529011,-0.22672587232279792,0.9603673922363326,0.013604428223541484,1.9155019722483746,0
0.8848596811988616,-0.9838812629319458,2.512822946643807,-0.2370232362746183,-0.4086274762680588,0.23387271228076062,-0.6800108890081414,1.7736771040434272,0.8302192351256344,0.8996849602134375,0.21001120890706215,0.273217805545263,1
1.2208118388950833,-1.0518201598938584,0.2633952574758212,0.3107366469142358,0.06998809891310406,2.3693364553473732,-0.24695840074064393,-0.5729938103975775,1.3785773105898265,1.8597731096770465,0.5329698521834842,0.3536845907389649,0
1.9831217089116842,0.8586978104644496,-0.6567868358561372,-0.11035765172510727,0.45350398104606016,-1.9847431312714634,2.8545526205601854,-0.31701106911870536,-0.6309211436843218,0.183592222178798,-2.052560140339183,0.4893560827654004,0
1.835930953562803,1.0856526593053095,0.325325991605375,-1.21495183482198,-1.1523328413535165,-0.5705811514325446,0.22400187776466915,0.3614548709385485,-0.7390298709946382,-1.1547739557358423,-1.9661852321383542,-1.243737202126234,1
1.4752444067362045,0.7583456357625793,1.3262928646851253,-0.7133758562155402,0.617346126438983,0.3037913090465635,-0.6396331957750678,0.3481054612842423,1.8957160204338623,0.6901591531758818,0.36660977843567744,1.1848214244969522,1
-1.0081065011850012,0.3916186936704294,-0.29768584586540947,-1.5162995791479184,-1.5701316663007736,-0.8473753467022933,-0.20448788938235085,-1.1193627934020538,-0.0064367063309742414,0.5215668151251491,-0.7092678791018949,1.4440225959130795,0
0.9826045811259687,-1.1272494006092435,-0.9769292870139277,1.3910580318464547,-0.12243517799175892,0.551374756576615,1.2997458295829067,-0.5632459047290687,-0.582822349458338,0.8653558851775414,1.0310548132836592,1.400039229251221,1
0.8050612188894142,-0.4222790369831146,0.15980642045504156,-0.38108687705322425,0.11629081354859198,1.6377116017919349,-0.12875206035953995,0.6709828171984706,0.10138585078129657,-0.492713231808805,-0.5388447281752665,0.8269808881629908,1
1.1377986409619347,-1.2116755866650493,-0.2911124936070788,1.3444182136218936,0.21136277461950256,-0.3523287860249987,0.8404487512169979,-0.15055201901314105,-0.24526841215506767,-1.6490553872477756,-1.0020824439177074,0.8184589567488876,1
0.7475814474771099,-0.8931287451119557,-0.10889049958134354,-0.091511481316646,0.7511181507791975,-0.5652232096760756,-0.02987958307551229,0.6730297356343007,0.0747151818798613,-2.259491544339509,1.4566230335568084,0.37705057128166847,1
0.5628063722138449,-3.1055978322661013,-0.12636846339953262,1.7071798592586358,-0.18421575883674077,-0.2917206366774586,0.05472618279315292,2.0351472606806857,-0.46596207178867427,1.2869856311716357,-0.33681792636016067,-0.5577917202651748,1
-0.04970635525987076,-0.992931513761795,-0.7944502997821402,-0.048144056510808664,-0.31291444080194114,-0.3568238644397526,-0.13321814228435483,-1.38371413215429,-0.789394863656618,0.49138973223330096,-0.8036009263881426,-0.1610381341720793,0
-1.1169908940590048,1.9607794263234137,0.2731796140632585,0.21421773059716387,-0.5567809916267845,-1.4422073881397137,0.17222887905877077,-0.0009275594669642263,2.2670715319307138,-1.287680365670716,0.38230672172442604,-1.1517765834429246,1
1.1041609749328765,1.0229692160221024,1.1749396010173643,-0.4666002215968938,-0.05413138593128027,0.46005481490788,0.23485731338520457,0.4375943606644586,-0.32986165079473473,-0.8152633873880206,-0.3514100840737966,1.6275063345156715,1
1.2136515876975271,0.7293681359729535,1.1024976549782246,-0.5672146320787526,1.4667846209890962,-1.278532080904863,0.01913617245566502,0.2414549211917534,-1.6355506113933396,-0.4422391876233534,0.2755188742108769,-2.5365949056438275,1
-1.24677944458144,-0.08279975689299779,-0.271185822829926,-1.1035608957037784,0.7999708429793535,1.6731579939959473,-0.24084680225294036,-0.4589663107192629,-1.7623272659920828,-0.8974318950593456,-2.0387487626538188,-1.7691576985346396,1
0.3413847036078068,0.3399670570968372,0.03818689107440467,0.710258724333064,0.9473630461062028,-1.1032319859596114,-0.699879697167009,1.222931809735405,0.5425166105123812,0.9072017055634263,-0.06240852725787249,0.189707178455022,1
-0.22214860908876202,0.6160429664518776,-0.39051919804175633,0.8314675437427382,-0.5668200030146664,-0.11957624700550036,-1.5380473014739362,-1.8172107180640433,0.7377086638828804,-0.5136890271838549,0.5620852457142497,-0.9301257413714138,0
-0.18119991274276923,0.39645917299588807,0.07032873343953103,-0.2246698904127912,0.1358763502064078,0.8685623848417338,-0.10698213815823282,0.1971975829238175,0.4806629581493429,-0.1847220161047235,-1.5308292229597147,-0.3132470449689393,0
-1.7981656385258817,-1.0238742969362287,-0.42062731309492424,1.3605973556622102,0.17932682740351621,-0.7183578075963288,-0.32172046742620897,-0.01174404904501437,-0.7604337723355955,2.3748056549227075,0.1674674091790346,0.23672559935483178,1
0.47021181047433347,-1.5393687606542008,0.41714392132485206,0.5041001676112276,-0.09083380430402777,1.3115783647504478,-0.16262697232068665,-0.08718824405396304,0.3299508662129256,-0.12652120020480942,0.26155318548222245,-0.14126298668449683,1
-0.5070723087194869,-1.2780357828810103,-0.16886813773039197,0.15882026473705452,-1.5501743824009417,0.35984087072241966,0.6025420186759517,1.3451938515132922,0.7327302598349876,0.20715755477392397,-0.8837708565765492,0.4320820584572785,0
-0.5481140327870674,-0.7929242501789495,-0.10928443840445998,-0.3741357520059256,1.4957126547584882,-0.8361185601953126,0.8711401750320535,-0.41979309018920624,1.0040452568150058,-0.06459527227384992,2.6988553595844618,2.3711698977191604,0
-0.3513736859778068,-1.3210943047594552,2.221196833267605,0.27606979895716355,-1.0344608063302478,-0.9031701252421065,-0.017629039437492097,1.2394338291872968,0.19825541749831524,0.46646373839979316,-0.3100005900193534,0.39594877410400275,0
0.13061083799382434,0.38965473751505286,-0.620093231647597,0.13894798117244103,-2.212687019971501,1.0875661011057267,-0.9510454266136296,-0.45539302844475077,0.47454882153302114,1.0769652944129615,0.23996714530691715,-0.8126028901025181,1
0.20401440605320587,1.3186971290875193,-1.1437063263071858,-0.6288741277700495,-0.5860891114861575,1.4562448429792845,0.5048737582430016,0.6343487226539555,0.7662794103670104,0.6580136868903078,1.470305089508698,0.29249411397693176,0
-0.36711040405297346,0.6986532928529142,-0.2715697637027488,-1.6349675368813783,-0.45194982249894416,0.05056605571876994,1.4938599749367287,0.33999638240361274,0.2258070833195004,1.2613372654606707,0.10019147611959094,-0.5067359669931221,0
1.0871355661441524,-0.31364706989362057,1.5868704479787332,-0.6795294319811341,-0.06290520244966671,-0.09725795203127643,-0.413444837760067,-0.44679761404816537,-0.8523065861104281,2.5353196882347584,0.9275119373893127,0.677457147487046,1
2.5418405673136917,0.4566210099845148,-0.17965927881332167,0.1207873362837888,1.101122300102352,-2.558516781291647,0.9897329186383909,2.279980068707146,-1.3249313284865816,-0.9303687371384397,-0.724485456893303,-0.09899255875760324,0
0.5248259412455923,-0.03249393797939215,1.4303679921117236,0.8990361752111413,0.8475085413210737,-0.05027887723152104,-0.9903086150903664,-0.04636885990820129,1.9774806456091654,-2.8228949199741584,0.8193544943682683,-0.14080592874756528,0
1.937112167515242,-0.20907067564359266,1.7775180237097818,0.06783599377189076,-1.5564379927293075,0.904756010116338,0.7715806712615682,-0.865602665799537,-0.3695367839685606,-1.6818970946664105,1.0136243008144874,0.3306641269017382,0
0.4983866993205285,0.9820500148720303,-0.723720096688808,-0.5030919003700158,1.0192589127285294,0.12139848870761447,1.5345933603462216,-0.593600955081266,-0.5239558776964567,0.7326324024728053,1.7354284034194782,0.9232427984194281,0
2.1120123771643193,0.9209703522345484,-0.4588582279800203,-0.3726395167952717,0.03605163056874521,-0.16056840451677762,0.2238807709493886,0.5254466235008279,0.45701858594187356,2.1187381554713505,1.4609546976674859,0.7733882340106046,0
0.466398051696469,-0.7062421517552093,-0.48007058802267916,-0.8049055693287669,-1.2641429509157611,-0.9474686276291443,2.6557714209035175,1.1843684522306557,0.3039588257367777,1.2588710314420324,0.6824343036551813,-1.2367051154938071,1
-2.0887613538893444,-1.6166574974815586,-0.7305788094783355,-1.0118293250180208,0.13739127906422077,0.5394121428563626,-1.1460386627182784,1.827562279192018,-1.0923974205942628,0.37073670963657707,-0.42961202386264974,0.6287598124786599,1
0.37620288112664274,0.7068717753859914,0.663463197166907,-0.5021123505848532,0.259629205595121,-0.48919832436439525,-1.277115439957367,0.5478449605497437,-0.9768656307529093,-0.08349878230564003,1.0269465590338387,0.7355994546761739,1
1.5329826228903778,0.561769835513574,0.5017536884642612,0.2252010409915622,2.722530110204835,-1.5194797692754831,-1.465354749846547,-1.2729817185548475,-0.7337489137338813,-1.7310004139247912,0.9477902043592303,-0.3946811100274459,0
0.06154463440099566,0.963997878014305,-1.3134301377696842,-1.7289038864332982,0.45022762036012753,0.4673617160414986,0.3070425042321559,0.28966486406736974,-1.4311644010421118,0.6444154935499131,1.6829752457099487,0.8471582105247228,0
-1.903550806918536,0.9183396956073193,-0.2844031530334921,-0.17564193837061703,-0.1650314355841275,-0.49556487419002015,-0.03222504720076679,-1.600274433157497,-2.016498596097373,1.066210276339207,1.3893976762483087,-0.6703358382402815,1
2.066747523424478,-1.3991871720287483,-0.757972902064362,-0.669169523023542,-2.244640254095404,0.12923653755188722,0.24662815437851593,1.5541416172816425,0.5859852898257566,0.9222003719606215,-0.6017447424936145,-0.1899481125739517,1
0.8508018932308624,-0.5279724532489464,1.309019464708099,-0.15713397988852754,-1.0744903246920263,1.1121773415905678,1.9585311297107233,-0.7348072746988852,-0.37723505271869096,-0.82712359075441,0.3426035408502007,1.3640431846350634,1
-0.25350499356974304,-0.8830664105348813,-0.6364202219778213,-1.1942630779828698,-1.0665086009953253,-1.3826527363952341,-0.8093880544245315,-0.43081490876159634,-0.4130340498266113,0.8335725636470054,-0.3686945710032162,0.40966406322833726,0
-0.8679438033576161,0.6455407508367791,1.2901116750877375,-1.1467336085876552,-1.6870496146273544,0.3471555370903958,-0.07457264494333637,1.0335834891510418,0.4340025383466093,0.34568746964469205,-1.9667375554394497,-0.5897267810407254,1
-0.8229325952602147,0.10535289940950747,1.1064625743196475,0.799566781408102,-0.3184722375671746,-0.6156239521377849,-0.7461230799643929,1.085509804616429,1.44510485167628,1.6316082291970826,0.8548909546373226,-0.7742986853185686,0
-1.0482011188328229,-0.016484276500847994,0.9676913320915789,-2.1125783179782553,1.350507805472274,0.84911747808798,-0.35796053074599665,-2.615447379546213,0.8616184899251476,1.2581921192454675,-1.4629116881609716,1.5349797427333975,1
-0.35138451108332525,-0.6292567275362634,1.4156083877998233,-1.9649124031247314,-0.19332656303065862,0.08222507573138087,-0.571685459859028,0.021738913453721375,0.2500031375391202,-0.7883206235488615,-0.6936087090138259,-0.4364214682522761,1
-0.31851205790736864,0.0906760356620399,-0.798188418925538,0.26879534190177595,1.180426938984435,-1.273682056664511,0.9678993465658838,-0.8066453974992398,-1.6537853323495988,0.12274595202896339,-0.4999908064221752,0.06067368522515969,0
-1.8830020015313278,-0.6589973559251573,1.8314450381933673,-1.3406878758344005,1.5040463020271357,-2.1067621802953593,-0.3344890264273664,-0.683515049081557,-0.6193376615718577,-0.1073120931380891,1.1311096581922155,-1.4813510339978602,1
2.603965855575444,-1.0967029352515023,0.1167986643644856,-1.0373919767128064,0.644632078781258,-1.430325324775455,0.31061559518487114,0.20672769034300656,0.02649472437497803,-0.5218736838386238,-1.399723339117588,-0.46726813427970376,1
0.7614771804099507,-0.5556421109572123,0.4433070712202272,0.2611435643322769,0.33099056138591243,-0.7173736724036173,0.7576015891052115,0.30631474197229924,2.5479256926602942,0.9006690247494675,2.001909824967848,0.2504366525619874,1
1.5929283950189719,-1.4689157017696866,0.6757662454857082,-0.013969811577853262,-1.0207130751716955,-0.22133710608770976,0.016882036164726808,1.3242620787050752,0.8461668853016253,-1.2699764570892857,2.431464929550382,1.1566129525949078,1
-0.045680186496483276,0.6369613744742757,0.1216739895805589,0.23841585350233946,0.30488068137824886,-0.32159210917470415,-0.6731956396609884,0.14220531258942073,1.333867551674969,-0.55158027241042,0.5445533345595586,-0.49469820191547337,0
-1.4482580905991662,2.188133914263843,-0.5054036983510046,0.009605089190818006,-0.713657435918592,-0.5125795649257902,1.7685568015206494,-1.5387394961650283,1.2820407216255287,-0.24461520203788856,0.40457475113247693,-1.1183624142277457,1
0.2918648307287921,1.0435899991516666,1.6669857174807658,-0.3533254928265917,-1.0917723035783806,-0.5888820123972315,-0.3872155153318759,1.3815835030480272,0.3425176757879183,0.2965168703579704,0.6960441433514131,-0.3307433894816763,1
-1.417378520392652,0.13434884090678098,0.6070348522853755,-1.1889819486814455,-0.02475723866334818,0.8185754019003687,-2.133827195010871,1.541198901776652,-0.25797667197349333,-1.2976052094284596,0.9452521740212262,0.7943370934788623,1
0.22604663097554295,0.48294673795707516,-1.7932602875658104,0.9874338672258957,-0.608526989620263,-0.6289670950685621,1.319822818957236,-1.0849229001643528,1.307863327051087,0.45358079940768575,1.1568271270705306,-0.9826460183571389,1
0.9354521809100095,0.4256646656614488,-0.04859005566611506,-0.8766692187265188,-0.08994496438698477,-1.8119866556761675,-1.043447527187834,-0.03403439010606205,-0.5006153952850835,0.7968265556394833,0.08057884932923724,0.5490351087472682,0
1.3642065042288007,1.4831422064573228,0.8344902332433285,-0.37629930177643484,1.560906111985019,-3.7192019719074225,-0.3520654778022125,1.429452306038305,-1.1084448317064965,1.3907238681575833,-0.06555723651468053,-0.7128073190692852,1
0.7295375995937965,1.2600663472778422,0.8652354536998557,0.054980141637065244,-2.2451222777489512,-0.29717253678118943,1.5252759157448912,-0.7074823792486448,1.1451133641238267,-1.396979573635783,1.2574676504209998,-1.8963390691085784,1
-0.6842979169482567,-0.6141090556944566,-1.7104452742889829,0.2980030272084461,-0.2686411416613683,-0.4575794441602031,-1.6146589390782207,-0.9351026164252788,-1.6166323972490184,1.2252748732166778,-1.4506736175336699,0.41850444657359875,0
0.7684654985135714,-1.855936323391622,-0.29924153083096044,-0.958618409544551,-0.4893507461575625,-1.1329892461101505,1.6528947130164984,-2.128425465948381,-0.2599560101453553,0.540748413747175,1.7750430105804311,-0.6930978917222674,1
1.0310754786972396,0.3304360274716746,1.8979930450583078,-0.11814629686023218,0.7043243616247972,0.7258128512678975,0.35629637772476747,-1.0552372653558673,-1.0662449375401846,-0.5809139612524892,0.4087571361842049,-0.402364663133454,0
-1.2927972036272823,0.2478343447349073,-0.17451875377715717,-1.51481577970565,-0.2683040606301946,-0.45529823438889083,0.6203257094488008,-1.72037387402413,0.08006409922792192,0.2043617453584081,-1.2228505991918468,1.0410942536656462,1
0.3565106999639733,-0.6284316720357548,-0.34218596759670933,-0.48642842183804785,-0.09757100307900038,1.3248344565768575,-1.6338377316887855,-0.3092468010912061,-1.0071412331103822,0.330835221880694,0.1598697127511129,1.4252087989175743,1
-0.019779242227551022,1.2178595838216668,0.6034026581480977,-0.11945894566583637,0.4084854792693614,-1.0189195636155788,0.7686074193731725,-0.29697322699700124,-0.47938341229411074,-0.41773395982410505,0.5262792719362137,-0.6039401279428569,0
-0.96018197241492,-0.6867665252429729,-1.6214089891893888,-0.6022426505422582,-0.9608912787904745,0.4729722389875295,-0.432429158007408,0.038581531454372126,-2.437625601390484,-0.16666088682280292,-0.2111980819567207,0.6868031839235794,0
0.9316083914001887,-1.9080554650358474,2.546188168042698,-0.17084475784317485,-0.3855604997703046,-1.1923752272929349,0.9831757790195944,-0.7275636399462297,1.6441321554149904,-0.23749226251176622,-0.17840742256515002,2.060310803340943,1
-0.07268141728538428,-0.9322060286885822,-0.07717229039771377,0.5685558378108855,-0.0790279764461762,-0.37682838558435056,1.6919408807243452,-0.22717373560151616,0.43261254705128244,-1.4407574495776843,0.4053657899993671,-1.1410911202378757,1
1.1435093331888453,0.06988877516494708,-1.795801451832665,-0.31595275459027045,2.513226103500953,1.3109308271845714,0.14776214811581664,-0.8574732066470128,0.6890191514937531,0.3480023110995318,-0.22284952061634103,-1.4604239918603048,0
0.04313939825116508,-0.5762060919308323,0.4209771842784963,-0.7459978357025455,0.3139618571692265,2.3377633238255537,2.3717910016571304,0.4032664404517786,1.6619551676584292,-0.42751948280333296,-0.9615495309286163,1.2583150781210555,1
-0.9096664276345969,1.2760365472232706,-1.3596954328225495,0.4156043845055863,-1.0529867316311536,-0.6890965306447703,1.1157960923581285,1.4140123910874243,-0.6598223320867003,1.1547112552791097,-0.3947192081659453,0.07232490995042792,1
-0.6047793653009222,-0.5650560539633968,-0.6826753901037222,-1.4093206003967125,-0.6878768101919777,-0.7139288701440346,1.9471892899774166,0.9154459022247534,-0.44453389385882064,-0.19531930195752487,0.2861408564562559,-0.015428794339316536,0
-0.649557822363652,0.7755092658810901,-0.453085976668441,0.649611933997447,1.1910842868666005,0.28805699925639383,-0.36519400749134917,0.8906494378949027,1.0839982885602084,1.642378209195878,1.5281626217762119,-0.42545709474898824,0
-1.7276094840590488,-0.21050497975320823,-0.6484035426799605,0.3534361169051878,-0.1304136167064337,-1.5111247598427047,1.1272261825160845,-0.6594720102372917,-0.008931235675917802,1.3120463687530324,-0.3531489948842891,-0.3763166693262579,1
0.7921571026174715,0.7552355338384447,-1.5983864627163482,0.3258882413967857,0.4512880667831758,-1.2653177801715563,1.2941844811929493,0.6842074981691603,1.3296735875552415,0.8801730037401387,-0.14250048705026439,0.06801835013644225,1
-0.7991742801055495,0.4960736882285082,-1.6752318489354234,0.004973402182726913,-1.1670399593883396,1.0615338455283858,-2.549132760507351,-0.9755614421891674,-0.4587171487798839,-0.33973236814740176,0.3280716020712476,-0.2870512808977115,0
-0.6939132927406614,0.43503654701587735,0.7318181975009317,1.7109048832135245,-0.4886094304082179,-0.13500305250715833,0.27159656115528336,-0.9932651456828251,-1.072395567830115,0.626505354829327,1.045192712461967,-0.14607665525365432,0
0.4961726116724179,-0.34320217536865794,0.7382650477172991,-0.43571103440736525,1.5220453111054804,0.46779980285433653,-0.8899867007225843,-0.3934081562620057,-0.2355883662317647,-0.24676008665170218,0.2711574665808855,-0.2117435158688708,1
-1.524338917308377,-0.05725025285809539,-0.7099680031176571,0.21755629564075266,0.22315126181826903,-1.3142154936333266,-1.5301781705467787,-0.08484883291360998,0.11963498685003353,-0.5318479946074995,0.2844678886956034,0.4080123320895631,0
0.6372844970222007,-0.9640919131576696,0.7458609254953187,-0.756687600507471,-0.7787576296123003,0.7133288522769227,0.01881564476082823,-0.3955635152124948,-1.392708404629456,0.806404104161374,-1.1708198102164442,-2.327790777894991,1
-0.8343403517400328,0.6243431580818183,-0.2519315848848258,-0.4463580115514525,-1.1407556707814912,-0.006702838399662384,-0.02462002237390762,-1.5637639791715507,-1.9485932385052738,1.1886158496994177,1.9859257507217238,0.8801401242496605,0
0.044799519898841886,-0.5400896073059471,-0.10892909873803518,0.6268588207755689,0.3395650272151754,2.3597559565869437,0.6958780161183433,0.65663012044658,0.8241980850862727,0.3305364930489222,-0.1847481359391091,-0.396786229950092,0
0.34954288805089667,0.9968429207153563,0.23251994728355524,-0.9278124812486302,-0.863909258986666,0.2612914223255092,0.3074705105636507,-1.21051413716183,-1.4367768623681054,-0.4649915017478874,-0.8471981772619134,0.27625413784442937,1
0.5582916535303397,0.19939071170283298,-0.058814866757461344,-0.2870618038693326,0.4785147100268013,-1.062422656696869,2.16249187530892,-1.2661351310069247,0.2398581993947564,1.1841945240602816,-1.1491853958731073,0.11568401963014668,1
2.205344103853554,-0.6536382194769677,-0.4740759413255454,0.23414109458424878,-0.9961580374830928,0.6055197808702323,-1.2563253788317048,0.9182391640178258,-1.1248514476237108,0.2963930709619883,0.7049789549677354,-0.521667780212237,0
0.054763905968396934,0.5825055329775397,-1.092924387967779,-0.5309380216878572,-1.3917560565047606,0.6546951409869275,-0.3333284187761612,0.5664584315058864,1.589839469488927,-1.1398785342064217,-0.8970293920272191,-0.84123664945511,0
1.1493473120600675,-0.23023427349508654,1.0156225105793448,2.6348791010606663,-1.3979598224835132,-0.6342867442475489,0.9111899650045101,-0.4868159389458332,-1.2774958334779922,-1.1224871242360392,-0.833696416159076,-1.6303012399926105,0
-0.5418179181196389,0.7370875385177793,-1.1010815707989066,0.39182846757058004,-0.5018545205703385,0.629210301828118,-1.6468725180829895,-0.36126533473672434,0.8350786884862889,1.2230525584029353,0.2006913374896216,-0.2543961980255144,0
0.05342422739375716,-0.029315311551553848,1.0154381260993954,-0.7294350601919685,-1.3869327494723944,0.4621487333859913,-0.03031252581057936,-0.22846485821569382,1.8127026375030462,-0.9212262722142249,-1.9635713113517472,0.5121515177234428,1
-0.7476116326243817,-0.0409055504449643,1.7855540855654912,-2.1286239289613476,-0.7611129058817143,1.0206840478922958,1.297323372988112,-0.7355524537041256,0.031602089208193324,0.34286823066328187,0.27507672825133433,-0.8155039915999415,1
-0.07838425811434908,-0.6305707511170405,0.4593740593614282,-1.3410793440878637,-0.7029837241464264,-0.9814249151936425,0.18241067272621084,0.5261450064905103,0.1931906815016497,1.509960662939511,-0.13857925621706238,-0.9576007979060178,1
-0.6872162856864278,-0.8363792634796309,-0.30482905040226727,-1.4827210501506947,0.08824972585164839,0.3691494841492291,0.17779598188454068,1.3691380814683256,1.783187588888737,-0.09769601987035582,1.0905376417644743,-1.3824798400848202,0
1.7696886036448936,0.1438547345425595,0.4044685194270391,-0.8381314991483019,0.7541356182082527,0.25892816978949235,1.0119208587150854,-0.35519411410533475,-0.22749743330408326,-0.3702347901199041,1.1283231021110645,-1.5363934713587273,1
0.9303325964771778,1.1224668296264795,1.7026595769918087,0.641177110701988,-0.8896780748026487,0.6772385197554828,1.797660070140326,0.26129060160814005,-0.3722687529598197,2.034613560321325,-1.5738585716526996,-0.45347312776676874,0
1.572114498642097,-1.1087307609041352,1.353957649132223,-1.9160049596475615,0.8226875197101472,0.9195403391735959,-1.1767649298187515,0.01531957784655991,-1.3755680126670016,-1.036412424391299,0.02431095085167528,1.8506537685131252,1
1.3009015490262719,-1.364951733510172,0.7639369021500584,-1.3123253375386406,1.3893826577437853,-1.1799955788455827,1.0300326632626642,-0.47451043230981754,-1.976907372729161,-0.10842269713194187,-0.5743620106484622,0.7580575453304653,1
-0.9110996150901653,1.1951148177459883,2.100533111262779,-0.8778180999323929,-0.4433940629917384,2.1037564432321525,0.42747106367312665,-0.601142660582636,0.2866205604963327,-0.5267561730396808,-0.19112061759507012,-0.14015095504631758,1
0.18013118768680708,0.7241074781974468,1.2322369397060002,0.4088727654234842,-0.6128293237431705,1.4054574717014376,1.172434969719579,-0.8250843368948111,0.26415509184062014,-0.03793637272822384,-0.38036864392523984,0.423047920619379,1
1.8862224209264025,0.12332557993445108,-0.9725291126520793,-0.4890714605099842,-1.030744089577653,-0.1630343469431046,0.7826642021247273,-0.9395788147331906,-1.3239243719381821,-2.0508637806430863,-1.3859973592011967,1.5068124792686846,0
1.582976094014483,-0.33908401517238335,1.254040013403528,0.08967273414316593,-0.47327736754022054,2.056931347074813,-0.1665663914524842,0.8201744945340049,-0.3154362283101476,-1.7815830057748197,-0.08287436445739488,0.11020217140158246,0
-1.169775619466412,-0.0814128996899995,-0.7230196297147896,1.2349804936017936,-0.6897196385412239,-0.29327339637867256,-0.3504252906187552,-0.1645444437631472,-1.3105708373019491,-0.05821465622736598,1.5429223015731486,-0.04062032778541092,1
1.1518341816291842,-1.8824859774694809,-2.2016662031307543,1.1027954819009131,-0.06912013603414872,0.20365304152593794,-0.025757128884171317,0.7695935118139794,-0.995436912725067,0.177860682293638,0.5903962708719881,-0.6383710213955212,1
-0.5422979647141748,-1.318934350794512,-0.9536686726291332,-2.037145909427025,0.7112667867831982,-2.5868893393788697,-1.5255022233596474,0.17008535513282275,-0.3285297108160277,-0.36655178955145473,0.5424481183515663,-0.4996746191360646,0
0.12286545205462841,0.22116069375407688,0.10711127553844654,-0.4938808315414232,0.11584094471393008,1.5111106592852157,0.023880039691231727,-0.8338229290828877,0.9807753348142901,1.9363528804833348,-0.9628561279349752,0.9166418979897507,1
-1.0480675831631063,1.240105374415485,-0.10011866123357896,1.8431472001974736,0.013348168093022488,1.5091831738210633,-0.5452146599181458,-1.4438370715644326,0.09978044677244903,1.5395158500432078,-0.13132833611943262,1.9982121700193838,1
0.2701379585866651,2.4373486435917333,-0.08850376324730304,0.97666113685749,0.9895385208422665,-0.3170951133850744,0.8121542185923909,0.01272543653795973,1.2567056797781546,0.3904206550472156,-0.8826288277300455,-0.107997665476591,1
-0.4897749327515844,-0.3669495388633991,-0.7296930669551186,-1.1023274559588967,-0.44719976018187757,1.609865604665012,-0.5803736790123712,0.9916982089807482,1.2607863522729612,0.10405873993203739,1.290367547366455,-1.371251531864392,0
-1.3323486348856242,1.3157342748401595,0.19645914302366307,1.6764967415620622,-1.6910863635161786,1.4529901385478519,0.2659085642155041,-0.549703431363136,1.1159619315567257,-1.6149379160140427,-1.2846395628935823,0.6092550736510236,1
-2.326916180858506,0.3036565647935447,1.5556230862747815,0.6123149296375542,-0.12684414008564565,0.06477998325062205,-1.3652014658454925,-1.579635351335231,-0.058290991817126415,-1.3674733223821443,-0.8963439342906596,-1.2975423038849432,0
1.1459540526406193,0.2394288717486537,1.3127115978018544,-2.345592948575877,-0.3272659115639675,1.3747957846840169,1.5735240718840622,-1.0793710345769825,-0.40951752643919714,-0.6668626466751136,-0.5563182189130229,0.5944207748999428,1
-1.5074292344953875,0.9540202983219964,-1.848802933797474,0.08501584187608678,1.816174810426029,0.4475189656263948,0.8142724386761451,-1.1878936156066477,0.0960240319395741,-0.5395442011811744,0.3263569616581528,-0.933989567624139,1
1.357493723360016,0.29699233481846266,0.5042763858783695,0.4508752954965124,0.14087015437449,0.6778507172847772,-1.6493732405859618,1.3374661524769609,1.0296991818518757,-0.7504538570845322,-0.8093340835623443,-0.4588509006187053,0
0.23237067101942335,-1.6002097252926861,-0.7750701945160876,-1.2659653681051666,1.7542285832524283,0.6833504732749894,-0.14550145605145767,-0.7067313368571597,-0.9679338556823309,1.2059323085581022,-0.7416788664692776,1.211977627912507,1
-3.553122649512518,0.8550895947803191,0.6306050338271829,-0.02165166358733121,0.4913071286702129,-0.6966446888906751,1.0048605988082022,1.439556836463232,-0.8612782114437404,1.141171039138958,0.08354919510323114,-1.5681870897912968,1
1.024027292552218,-0.6565012042157168,0.08135142214660902,0.9315743400466653,1.1070850145531592,-1.365491945687377,0.028635549222303085,-1.1571884181259409,-0.8042870007377626,0.8769242107583534,1.6185548482991996,-1.133295504426696,0
-1.3730141483976206,-0.8627913483064997,-0.6332406633614629,-0.7880445596740893,1.3750529449727906,1.0443769066264583,2.2160408867714385,-0.10484927285197633,0.7460329113139346,-1.1719866485771433,-0.5618038498744771,-0.6327188620920027,0
0.3476210273321642,0.12562077416458262,-1.9929841409048654,0.6992713114391782,0.5210626143681779,0.9805686752404387,-0.2776127014409145,0.3637517235223398,0.4906996365598364,2.1771700742205438,-1.7755602215170674,1.1719391921977382,1
0.6842400687957377,0.3963336032982124,-0.06254233196165215,0.3241731533635417,0.1774331294857159,0.2647405581471294,-0.7941111699887954,-0.4873247958999105,0.1195095285709618,-1.3957833120286152,0.48587743178343246,-0.10876229714727446,1
-0.8630505479297788,-0.18138592390456784,0.6768475425696645,0.02746232736039462,0.5002296760634181,0.1337824852004176,0.6327780657688246,1.0317442626732578,-1.4653395936629114,-0.789794002281245,0.11280084991228541,-0.17277160812560666,0
-0.6812179754899169,-2.3008318907862613,1.3265400670207252,-0.925879796122888,0.9117208697933683,-1.0774224062851263,0.8703852954052792,-1.640106187941255,-0.5576438837004016,-1.2545680450319459,1.9426740847136512,-0.542650879121727,1
-0.6222224128299141,-1.1918370156601177,0.6076226503814347,0.38537220908729636,1.085899007959389,0.6446127263218264,-0.33796287726829555,-1.6457825920992575,-0.8065292965814082,0.2839846696447115,1.5584132463743032,1.7891286458014806,0
-1.0964013054884325,-0.0612811011426679,0.10899366671517231,0.236940109425304,0.17239229017183724,-0.8970162509808524,-0.10098421394839356,-0.4869896139782659,0.1398108263837858,1.3768534891568585,-0.024163430584068668,-0.8018383016488662,1
1.549199457077648,0.07830223919985609,-0.03624762356905228,0.17410123064944233,0.3200967983421117,2.2193796342515015,2.4139082544466186,0.514602341112623,0.6353462771563417,-0.247376058584737,-1.0518666174226272,1.3786796122696234,0
-1.9437618316894203,-0.0319595151289394,1.1389677281621498,0.5121206574413992,1.049042902575222,-0.5175844094133428,-0.17133565131422956,0.6967805237936022,-0.025391365450724603,-0.6785886785078986,1.0277410283773145,0.4256377540372296,0
-1.0520201456567246,-1.1201409745343756,0.055070791854305245,-0.5032626847108578,-0.18180795178909492,-1.0381300981734936,0.8205053742767884,1.155971429492988,-1.118528890481728,-1.1724898432945814,1.2859068052450309,0.9774607388778999,1
-0.7558707967654283,0.4931798301066914,0.007848816784205025,-0.746768563028288,0.6892886106716442,-0.16268891234238403,0.24075293423342484,1.0455065310352034,-1.108282906552595,1.6560451360973272,0.035568039008848376,0.6844365907497587,0
-1.264928823682457,0.5112157819291572,-1.4664667585422742,0.3052427375262216,0.03972435811267726,-1.0179298651645476,0.2650264872652916,-0.8736436938289376,-0.8711230088397294,0.24152629438257406,-0.7067532314475344,1.6670077861053838,1
-0.25866961294614604,-0.21200577622047,0.635496431681436,-0.7148604473425003,-0.1654457750503949,0.1083151798017678,1.959924473386543,0.13170829935575348,1.1354808206940723,1.2153444717230115,-1.8450522415809383,-1.5371076667519359,0
0.3490036861576409,-0.4416281554376778,0.2587122137788819,-0.8253818919524837,2.2679308358892025,0.30898220370478047,0.9707653485748887,0.9490419671364914,1.2187534387524313,0.5896291147114179,-0.7821392269711855,1.3776973324489934,1
1.4453463013206131,0.2513704506949355,0.5758843494831521,-1.2235073812216457,0.8393517821052752,1.44471630333986,0.44620688878749454,-0.48345848298771776,-1.3580745564482646,-0.4709286961353699,-1.2661894984512148,2.2130273315044624,0
0.27192181826761375,0.7551259999702876,-2.0219594047169447,-0.2854044062112934,-1.1155064855976016,1.109536967966438,0.6367988889019383,-2.7250335105606776,0.6157553477507246,0.8370326635723612,-0.804181692471588,-0.2469688473263233,0
-0.010852477862919289,-0.08446216762054888,-0.048516052489013854,0.6406480864846655,0.20752588404676348,0.8699797565428539,1.216452633644757,0.4893812500051387,0.2555865128034102,-1.8250865265837795,0.009244480057953332,0.06502874221937327,1
2.315209078552566,0.4935590449111728,-0.8900834815880332,1.2102931382007724,0.9072261243074841,-0.525420991070719,-0.583132615713975,-0.6884725035029832,-1.6870113294932354,1.5174704658283764,0.0527368809005163,-0.0028255358290682326,1
1.4584360109332986,-0.2487748456222765,-1.0248377017349322,1.2022682869502144,0.10152582536642293,-0.2983608343635396,-0.17204621347483018,-0.3665457352077801,0.20643917045019916,-0.9523178901290984,-0.48770821289302757,1.8043676225431577,1
0.011166913186860465,0.06456974674794648,-1.6305463011815606,-0.7413486847158309,0.45080984854049305,0.6271135277225766,-0.2699355853849563,0.8392480451349345,0.51413972209998,0.43016077960409843,-0.4306787877482592,0.787588757376799,0
1.199929649289659,1.2610184752682734,0.48246770205895767,0.08684410355254508,1.0363305693358176,-0.2327343180795485,-0.12512253089445957,-0.6147570896285137,0.15751057902988616,-0.7149120675375827,-1.7363416882823581,1.046300986000434,1
2.3814985535155127,-0.9448194431834,0.5228056978536395,-0.4940531057457735,1.402886906805775,-2.6899250339104634,1.6853648132827566,-1.4869639001184853,-0.5447914029721405,1.038106466389157,0.5483566019238635,-0.26044567554979003,1
-0.4972365196782413,-0.39969311880055114,-0.03289649779116188,-1.8764971767979437,0.21437472000974186,1.2077645027437827,-0.3164129875268121,-1.6897335385256442,0.34410067083473933,-1.1793712749004313,0.19501586129731743,-0.7346300944060272,0
-0.0635660059535879,-0.0031809217958981713,-0.44820754872840535,0.6437915935374524,-0.7669095924581266,-0.8250655187923975,-0.7989972590874131,-1.389081775533421,-1.6720902714788135,-0.3748392264352026,0.35937153494617524,-0.6593992704595905,0
1.5751381442726078,-0.04142026738797776,-0.15570219338454794,0.231317267590817,0.7830319298031766,-0.447178809757884,0.7542886814305026,-0.5086666707237807,1.4223825196065725,2.2259899289550575,0.09277374856597412,-0.9372358319462644,0
0.15741346291856123,0.8444593314886389,1.3328768960013389,0.8256668019312402,0.20383148969562212,0.44936066555452614,1.112636152906079,-0.18636745509964123,0.13594509903467328,0.5056823459954997,0.30458919725249706,1.5393881291730043,0
0.2525791124976182,-0.8857176256942997,0.01257969038464878,2.8065518760809054,-1.9109325129062986,0.7653255115355104,-0.6262457569022846,0.7348655775140802,1.7074200130102313,-0.5432614448321567,-1.059211793119775,0.17857222743377604,1
1.6794712524379432,-0.031078153723346054,3.110301715218003,1.2345212623555784,-1.549355642762069,0.38673250754933597,1.535429226269442,-1.0839822248779798,0.6293744975163155,-0.15093152406984733,-0.3858158445120032,-1.307022113866946,0
0.9673785244411277,0.21034654530690733,0.26944840851736424,-0.34154800182702855,0.14971167492273163,-1.0237987789037746,0.4837035717534534,0.08292971075038248,0.8347589522028791,0.9412044534745848,1.1719245749582325,1.1649300294915672,0
-0.13122535642044383,-0.5455107187661834,0.8951960807329281,-0.31679227536014043,1.13977424389956,-1.2136643258244832,-0.7707600754782205,0.41984889442163953,1.8879900652564052,-0.5414756080844516,0.7953998209284561,0.05765737070697775,0
0.03974231669438334,-0.0005581775734982693,1.0470679021182394,-0.20915777628839713,0.14369856937391653,1.2413713010234335,0.7856202326000773,0.8499482482105476,0.3991490113785461,-0.6253101830709217,-0.5062774710920208,1.650666958293752,0
-0.16682762002658155,-1.1841829352697764,0.5276205455629002,0.34316316553413,-1.4547217020730032,-1.177469259364522,-0.5163665346230132,-1.1751879889123393,-0.7382829448979398,-1.1806925608209513,2.3318665090514754,1.3922668913395964,0
-0.16714286879885848,-0.2594645082463819,0.43350601164392344,-0.08356255394286466,0.6400267338419304,-0.371105336057449,0.501952304029343,-0.10288866677076992,-1.2108559869218212,0.6865849176923491,0.1961851079253025,0.12161082030778038,0
0.2685533552695544,-1.2081195794687745,1.5431282895298568,1.5464207428837697,-0.596528262646648,0.5601559039864529,0.4067377126517515,-0.7840114406933995,1.2966592317415346,1.882910852656339,-0.5756425113540219,0.04307136874376719,0
-0.16875255293638444,1.2209215627019605,1.4177696056976992,-1.4061879102165769,-1.8502227437460388,-0.0020720217815572628,0.5042673292933932,-0.3590098808484294,0.17676519099895813,0.20022129383571113,-0.3470750883613326,0.44281193516298933,1
0.012741198385424021,0.1474098266902452,-0.06546279484887836,1.3766715069202748,0.4074278114687963,-0.36376158952167686,0.47677063908905404,-0.009451336180189236,0.5936334562871117,0.7377682378823326,0.7535048368558,1.5128279172983772,1
0.2512339654369365,0.8242977275367637,0.007577327751755649,0.16771381267937227,0.14037495292543511,-0.22806264159822437,-0.12069370822137704,-0.48160924065941085,0.9825028030615279,-0.12807674189020068,0.6546138883609638,0.09004747024453132,1
-0.8010181144420294,-0.9485095745362998,1.3685972295220115,-0.8027734673138549,-1.039032435204368,0.6363354253932232,-1.7103404636259039,-1.1111336296144427,-0.6677497906094725,1.3115431310045087,0.2998928402147348,1.5871846929648794,1
0.6882049919035977,0.2124120697227438,0.9408562502811555,1.172328237492888,2.4386843535088567,-1.3966837718664997,-1.1609307017965071,-0.39493869194440717,1.6835478928390113,0.297698529282768,-0.4784154777221156,1.0719494280406334,0
-0.707754067468898,1.9663404202996233,0.5072338038153045,1.0383975644356576,0.12435857313542137,-0.512583983195718,0.543822276546934,0.2693924516829307,0.12241431988590354,-0.5668663426520502,2.249456771596311,0.011625861629307063,1
-0.5155914028541679,0.3740986246113899,1.3587315031165597,2.7634733368855753,-2.597204232156688,0.4530467047203491,1.3779669314099368,-1.7295032279747546,0.23713231057121387,0.7451194646027428,0.39036499517480666,-0.7956442530885163,0
0.9572130382762712,-1.764549972272909,-1.2357157785888395,0.2680738164904185,0.16579431444581197,1.3192650619112256,-1.2668675605652644,-0.48934793791138365,-0.1534367817561358,0.24747274424314888,0.06968493995528914,0.7315305482369885,1
-3.3711294523517727,0.33727781208581203,0.13707155674080204,0.1666155358441826,0.27235013114447143,2.0149889752679457,-1.216650162730819,0.7426491292720406,-1.149886316638458,-0.01007771666344082,0.3910383833353323,-0.6965887261257919,0
-0.5063046073365488,-1.5852952982861852,-1.5114861242575233,-0.8746003500852351,0.5003288999661831,-0.25147659541103673,0.19417544422388774,-0.16549819106618038,0.7941770050183262,0.018476992493579737,-1.1534440586473296,-0.0035363768018064233,0
-0.1345923065881431,-1.488112478873756,0.7222220703503587,0.6777994884145433,0.7757263741052128,0.21919776071245628,-0.22160157180607098,0.06022372975444585,0.5145111843718907,0.019782363509065506,1.3017746224244224,1.0787504181000536,0
-0.30335134463291763,-0.8342865550260039,0.25471300727360974,1.1814862761075184,0.674916760712137,-0.16651175402196275,-1.1105706263761577,-2.352491697665342,-0.6297468787621198,0.33172989848314294,-0.35376570672277374,-1.564031922289539,0
-0.029666128487394385,1.8233018764481363,-0.753958732904566,-0.9791914665668406,0.7528441740802087,0.6144466458914976,-1.3389730750105964,-0.27870594699410817,-1.8849749340795716,1.413190858161734,1.0834900027155459,0.46335409395066396,0
0.9273253718203928,0.06471459191185708,-0.3333482510847723,-2.279334973463086,1.6770179945639583,0.5413314414525429,1.365639418092079,0.12614882407802,-1.0177399360700476,1.3343660956520125,-1.3985386568046443,1.0676079670031224,0
0.920139853533113,1.2985934322843333,0.5532720739224143,-0.8902537074890459,-1.3780682942132627,1.1812682610245635,-0.17552737962024217,0.20095253203962338,0.14094730205394573,0.589626272839288,-2.2068549679778346,0.30668499327952187,1
-0.6787584101391907,-0.30538510556015913,-0.5745674173922538,-0.7927241047986157,-2.220448543430931,-0.5935460524946605,0.4199289359365531,0.8342873311603041,0.24063094642196275,-1.6087503752949392,0.33131301430090615,0.7941269249616635,0
-1.09153862566409,-1.932400776678923,0.3015489764608048,0.5777094392433488,2.027030575220294,0.11433473303754449,0.658355854094224,1.812930320424273,-1.4672397901999537,1.2737540187229188,-1.323312760906231,-1.236867467263796,1
-0.7006394095012316,-2.6166516906624846,0.2668158999531703,-1.2060767626939897,1.5991455460461963,1.1383141229599862,0.3965256255348784,0.31921777408816704,1.3818752806598633,-0.41859851437724954,-0.4969391542668421,-1.8442421721371676,1
0.17756703727853276,1.5808010292706525,-1.4067033493740313,1.407719714321985,-0.3329995325473179,0.9221522538156677,-2.627617713573668,-1.1661954338802203,0.581753184414101,0.5175713280172134,-0.17621778613894862,0.26478212019303077,1
-0.2572122831730747,0.5029339025620042,1.4047950825886866,-0.21299160955075844,0.07447615924388748,0.15681982814145692,-1.402443942399741,-0.42972563565476735,-1.5919233508981283,0.2710378407918348,-0.7839074478336425,0.5428022491317993,0
1.7161122190339315,1.0945849046572818,0.09761636824444826,0.44008923093648333,-2.449945383910426,-0.34159026491497824,0.31044127089135526,-0.5512820586917427,-0.8103745935645301,-1.093330826707634,-0.33004194274429854,0.21061729756212333,0
0.22524776997249055,-0.25314884356632167,-0.5878566521387741,0.3667572312352234,-1.7542467035197158,-0.7201540359577359,-0.22255769966497652,-1.2136154778069228,0.3138549783441164,0.3492726241748085,1.4241543876857916,2.0550199499253248,0
0.03356211781266161,0.01091942133226975,-0.5068825176078573,0.5715863133923377,1.6564028981150378,-0.22296841747895005,-0.8359104706080794,0.46686360484626965,0.689555807459371,0.8014784689238941,0.999880801672375,-0.18124666729627337,0
-0.20558197905767275,3.498283598378817,-1.8089760287002135,1.1966555745683656,-0.2773121214853626,-1.1670100344634806,-0.2975302167855087,-1.5608232494174687,-0.17734176972873128,-0.07524987560978497,-0.02069590046489165,0.19534250531733388,1
-0.14468475601286712,0.11818043348026323,0.5472819769066841,2.3874758050382847,1.3406707530200508,-0.39505460953545546,1.4514882286321884,-0.5118051769112185,-0.8809346452128503,-1.445872225722549,0.8793172351442597,2.272703166965236,0
0.631836213145522,-0.15090432476328605,1.80540614054452,0.032974947172105896,1.6140739747949717,-0.6003045149173989,0.2301830227798827,1.4289873591749762,0.004673130888212504,-0.5199505490845134,-0.46065074616054025,0.0832784103020931,1
1.9506149097857879,-0.1297062523260262,-0.881514415436785,-0.2728348202031969,-0.6056095876835194,0.6116315137002354,-0.6941916840993508,1.1474497237570012,-1.0364876122980848,2.1437963474241433,0.7649063899895823,-1.2472651086043207,0
0.23178290091145293,1.7927651895848207,-0.02024182220691439,-1.2512801915410872,0.571503374909795,0.44368408470475035,-0.7008337983250871,0.4229663745741552,0.7317102510925771,-1.1670378959167478,-2.0809633383200166,1.40771229611586,1
-0.6161385095956163,0.7120076049088329,-0.9690006588140109,-0.9131165876411101,2.026747737374867,0.6125220923573159,0.32699239396034435,-0.8246543888837351,1.1023971971554853,0.41881151194968463,0.9990668609540881,-0.9170045835888807,0
0.9773583664179746,-0.8342627050936852,-1.4139167768571759,1.774300595587987,1.0183731521314279,0.39837322826066174,0.544656225170183,-1.3169789899268385,0.9832262930755201,-0.6933563711804361,1.5186247742832022,-0.027758118705947115,1
-0.015362120645043423,0.13044769660460442,-1.366964181949596,0.054714342239781465,-0.5253837115458387,0.22828153234950277,-1.9330437842872976,1.5793235920649398,0.5146136139126637,-0.4751171623218471,-0.8296008096500416,1.0400708870063757,0
-1.4165964951892982,-0.6511930567560296,-0.6458510814836742,-0.6726924716819485,-0.38024244373596333,-0.864578464756662,-1.0847313931786193,0.8871521731570982,1.0090064754337682,0.7716291198689152,-0.4592928429681651,-0.16801111701118718,0
-0.7066903750395888,0.42624375022594113,0.6363475833350082,-1.5705186739552754,0.13971602119898685,0.22969005650462096,0.8075672019548742,-0.5958416028218716,-1.0776363956759274,-0.2731670741080447,0.9272538916356827,-0.5491272833244448,1
-1.3909242234082944,-1.495310556837948,0.014904652523886149,0.43674664926330015,1.7626245500965312,-0.02450143293789863,0.4279789305506875,0.3228557336420904,0.23194265904530031,0.38561631133634106,-1.5749352294807306,0.4060959479166043,1
0.014123205318099345,1.7685995144494322,0.389055553052201,-0.28794803071327707,-1.6360829098227903,0.7138805143880004,1.0476567545474338,0.6179759156949501,1.870904435948252,-1.2115835251413871,-0.8626609016242432,0.028636125238773354,1
0.4039272429343414,0.5293687402976093,0.5173632311975763,-0.505512913233991,0.9739756868758618,-0.45574032693734357,-0.18806252115702413,-1.6499764893412656,0.8489215353706804,-1.19145048072547,0.11031668097722194,-0.6218486260746104,1
-0.8015593416967633,0.6248056411958621,0.7883674332525717,-0.9189347295541505,1.8144683063526799,-1.244756703575666,-1.8296761347855435,-1.6523146970813272,0.717072071626149,-1.6815849658137394,1.4561564100656075,0.5735535093274399,0
2.8892583239497536,0.07750122967667665,-1.0749577719459567,0.05605429320278547,0.670930329157693,0.31561002292267004,1.8910536163755165,-1.0491191090605878,1.3262028275950484,-0.6766427827954128,1.7354507246784505,1.4476330487679485,1
-0.8597368552676902,0.2788820215224878,-0.09685625999204965,-0.10554990914822049,-1.4433366238451748,-0.5656998257169327,0.11887065434655786,0.30484804614442584,0.5428101244181008,-0.5462220836412368,0.8784692266906048,-0.643747666813334,0
-1.7538254344315105,-2.7114958455439857,-1.3850595715298224,-0.6432535441580393,0.03579648958129657,1.9828006097361681,-0.7689090452965343,1.0008526803036903,-1.0133422610437328,0.6317958551598306,-0.42977773184692686,1.5262874085328841,1
1.6972224054734202,1.848791950400486,-0.13564793390675528,0.48607860676077796,0.05943527851529545,0.5307366376697807,0.9890525198456946,0.02431264464851941,0.3547881336547457,2.242224497900697,1.562408728245629,-1.135368414902819,1
0.01325344265026655,-0.9489255316451275,0.8623386094195438,-1.469637692374951,1.2438002396916699,-1.0366897464203957,-1.2529659389644856,-1.5190719965191712,-2.022213264414003,-0.2284250666391293,-0.23748240731026163,-1.240976255867698,1
-1.2525420378121475,1.1784536514311261,0.4873325979222401,0.4704409948876104,-0.6762991716278655,-0.8564716724268185,-1.9173795913538199,1.024761915631671,1.4174087714177452,0.6729085940298535,-0.32258283750296624,-0.5757197579750938,1
0.7475036884145515,1.3200744852077986,0.7855279794608013,-0.4405626547003023,1.1373265098435674,0.9720498132996911,0.8704260975888978,-1.3280062268625936,-1.42912492654919,-0.46324998518122756,1.677118344457371,0.21255047960536586,1
-1.4899925322796714,-0.22147838218105184,-0.35686842502675986,1.653206519738977,0.02705105378690293,0.06247176369682798,2.874152787313052,-0.359064648194825,1.3832973945809548,-1.2250440597095984,0.15045060099603977,-0.6403992435991659,1
0.8606792277548082,-0.5592851013046815,1.3287336468938185,1.607516680525102,-0.5107251133407988,0.33238717645704013,0.06176663418717102,-1.9751030550289272,-0.7083845479053626,-0.3271341215275854,-0.4142510802165813,-1.896402067543216,0
0.4213469039281938,-0.9170172936609815,-1.3851251167439687,-1.3462268034210765,-0.09156147687604145,-1.4698514289017222,0.3098579778703691,1.1865272935803721,-1.0982563312998705,0.41523314236890585,1.039713056722813,-1.2706506924159207,0
0.6385733941122964,1.165130344697194,0.7387843124407816,0.13661822858077588,2.0956974507563837,-0.043454366828269905,-0.9283720800910034,-1.5673494523228428,0.7043153435810977,-0.6229516950629133,-0.6185010736960685,-0.6952620187932613,1
0.30549627878835944,-0.5115439550830646,-1.4382481640072116,1.4471435538821162,-0.8467037329022801,-0.006555628733388264,0.15683323312866954,0.01597473721719908,1.1111451028213866,0.6058253954505569,-0.7197390467170641,-0.16310257961804103,1
-0.1745261284480057,0.4506213290301405,-0.19677526086672212,-0.1991108749057012,-0.20790650300609811,-1.0743930886281803,-0.10888976168164101,0.06504187200025817,1.046755357127121,0.04525721540193486,0.6029768315108885,0.40449234487859365,0
1.437874862417887,0.25438173668236763,0.12841164466585953,0.31354124447922044,-0.3564538733951078,0.9911938620976625,-0.9042000834956145,1.4365942267981304,0.0008215354022575604,0.03835584891885312,-0.7972674512106176,0.007150214514000421,0
0.1933094170665209,-0.3769883388273791,-1.2813343476512733,-0.22712536749798895,-0.6306519686041743,-0.6993068275347586,0.436524299925276,1.213793477098573,0.20836714887041338,-0.4675216096192019,2.608183153723899,0.6476585896063918,0
2.5622992485385607,0.2352359454650877,-0.7979014700652229,2.0033265900493644,1.6160908763659096,2.2312573289919007,1.16810397158374,-0.49470993804443864,-1.5166463091730753,-0.38564509466519276,0.002843073048347163,-0.9628943573926071,1
-1.3930462639542003,-0.6633332481058182,0.25373056566159236,-0.3077533953134291,0.1604278911907904,1.474545778278471,0.12697637024108185,1.248430732813871,-1.0943888799706607,-0.7113007073674674,-0.2270074521359378,-1.470592940969442,1
-0.9993004642085526,0.39734793107750027,1.1060065693591183,-0.9608643149774738,-0.009704965688883054,-0.14743018631162208,0.5128147558132664,-0.2510018259278601,-0.10765550916876578,0.48767208705672793,-1.8928447540679474,1.257069098154507,1
0.1285873519578764,-0.9464363390371542,-0.35368800707113585,1.1374198991644753,-2.5197550485824887,0.13157721827897836,0.45149150140305283,1.8079421503114055,-1.5087626923940234,0.07476215262820805,-0.1472424884121336,2.5877091337596645,1
0.9339924214498859,1.4272042759637906,0.9039143786196638,-1.4347022289953326,0.7003158052276448,1.2237310482732588,2.1291909359482575,-0.004056974644696681,-2.088941819024029,-0.3486384497169807,-0.17108177332585647,0.04327462206676253,1
2.8063876093907933,0.005394246502656744,-0.4331833727784748,-0.5282585621925052,0.20869744554688885,-0.5925765148060808,-1.368490786842365,0.01390421652996174,0.6717621946334257,-1.2294606852567878,-0.03793520464734555,1.430787149663203,0
-1.8554798904552317,-0.4316886686624965,0.8246910496204485,-0.27212886443764245,0.006301242190374794,0.5421106734535391,-1.5805405479450676,-1.2216961565701636,0.5451730598527108,0.5938690604963401,-0.6010382051794648,1.6955572933122378,0
0.10459890491690167,-0.8509930269762285,0.7300896361662425,0.019984401975274707,-0.9121140668100776,-1.6873093117639717,-0.2941543071033566,-1.0357832697603586,0.1663212679320198,0.6048098523510383,-2.0687931207456103,-0.23720338435400554,0
2.166217874235684,0.12828874826301778,-0.42065133019600526,0.20912011097547423,0.8036156046810835,0.2873794755253246,-1.5521100810898394,-0.45479187074619354,-0.6654448383220015,0.3433444674504992,0.022844756023180337,0.7585501038843752,1
-1.2253584999601084,1.3429174119929612,1.8555755702239898,-1.6848930469329173,0.8256933806810193,-0.6181777877301937,-0.009846141701410328,-0.3300283048671707,1.2483348811758987,-0.22353617654267569,-1.1376574295065462,-0.1383710501785028,1
-2.2349094460180297,-1.6542978395157768,0.7682485148096837,0.0440180371683498,-0.7651438577548986,0.22055157888214288,-1.4468464671156165,-2.2645965209887744,0.06835215121929697,1.3039809170030696,-1.070460302519499,-0.19815758253401952,1
0.694444068387186,0.7157892032065372,0.5870339859017127,-1.0943896593385707,0.15008123488124128,-0.8017367677750652,-1.0535743924568044,0.12057614174646501,-0.6415068379068923,0.2525442460174233,-0.3815237598372063,0.34318875031111223,1
1.1291681728374643,-0.23635262982372457,-0.85048655491635,1.0101277593703863,0.7680987941698857,0.5440372852588058,-0.18432881999934012,-1.133062416316505,0.4928937508752717,-0.08954182904056,-0.4082782163715005,0.07456370699036698,1
-0.43804832638544033,0.8710254148623273,0.21010918786315366,1.663485243847763,1.2941402737116905,-0.6853686885734838,-1.4188402701943443,0.5257164602361573,0.09300605797278369,1.0375783399283571,-0.7343884571410123,-1.068178929950876,0
0.4388234804334341,1.4416073770753726,-0.8976823262718812,-0.0987953635357069,0.9972032867702996,0.46247749701446106,-0.40798467179263204,0.5657297569513211,0.6238110398159648,0.12230366158003401,-0.17145274223574938,0.17693993394323979,1
-0.8271419844378052,-0.22182812775744312,0.36486806837609437,1.1382822067767149,-0.8526281917712777,0.5096515213293086,-0.9018486622463375,0.741676919262946,1.2616819152679224,-1.113734913837895,-0.557757362467808,-0.7946455104179085,0
-0.13270797728741787,-0.4581120539220523,0.999555051742504,0.28081230573613636,0.3518039023824528,-0.2687633787392245,0.5505061507862475,1.127241430210943,-0.40857364415600816,0.8476861303186318,-1.0310257408389534,2.4531398840714065,0
-0.7571730149070472,1.2534628073777159,-0.686545620410114,0.18261554375229336,0.7489359013650311,0.8921277270542032,0.3440650565910208,0.8911180700242555,-1.433061372651352,0.10379736426867756,1.398451733935509,0.8631000950829402,1
-0.09857535251546569,0.20062795610196066,-0.738003796604629,-2.0619234243295623,0.8614469495033626,0.48234403982724805,0.2761099296714642,-1.664093706185422,-0.23574090418417745,-1.645062214435243,-2.1734795929631363,-0.6328699490934554,0
1.6941917267498288,0.32585174280817003,-0.2863072703208239,-0.4012636933187944,-0.557198487936294,1.264042273887574,-0.02244112652728926,1.5969602676778718,-0.02227520027195449,1.990944474775836,1.0126279835590812,-0.03385247167547418,0
-0.8214816065682027,0.29090227235207833,-1.0959606354417033,0.20818674997195513,1.801637861267626,0.914146671727689,-0.44276054169748713,-0.3996870349589977,0.45098137330927296,-0.44188593660640707,0.4445928524879157,-0.5419869939355739,0
-0.71369530594676,-0.588059558481105,0.9176369880085118,0.32240059765933565,0.4823108276035469,1.72237612405241,-0.5103888824340544,-1.4552424174628897,0.34141608587789873,0.4094532238927508,0.41054151276339435,-0.3029150489163321,0
0.8670884699615401,1.0126323617839013,1.0899459172248036,0.25617303409077147,-0.3299787505762597,0.5155418058190948,-0.5188261594271395,0.45268758296644723,0.7642049418709379,-0.19387484081474005,-0.6196969870139378,-1.773673142454936,0
1.6588700044029452,-1.857904749613256,0.17496885166615866,1.2418320635084,-1.18623686412277,1.9777198558173865,1.0100536873839663,-1.576542762138524,0.025081750558083128,1.3894908177131302,-0.3593634822329815,0.6446333366770945,1
0.4017720724260723,0.8822643588520713,-0.6792620353849411,-1.6513956309056987,0.5587098348587382,1.3666616868583048,-0.24433127254596615,0.5189794494033637,0.7431066247717394,-0.8332534915820178,-1.1877054589644862,-0.9037392072779219,0
-0.1385743626537637,-0.07960331484100497,-1.6412467770583896,0.45496999621579753,0.4171685874340174,0.15727544449954373,-0.9556414835081879,1.5012412467180216,-0.513171804650633,-1.025827306491811,1.0259049946779892,-0.11091152079267358,1
-3.387877930040544,0.07708921847478864,-0.757172609575616,-1.4409828810399274,-0.3956800108436675,-0.9608554949241267,-0.9422122158685139,0.19583347135142795,1.0302154690666978,-1.799334143495678,1.101131983141006,-0.1462132805488289,0
1.6976486079841877,0.9356335439992455,-1.9302699590355394,0.27704272940912866,0.6460092659475808,-0.8643156603789455,0.9469753240281088,0.7163380006949872,-0.23148010058716517,-0.029549135599058893,-0.2508368940708232,0.41873046412520193,1
1.166881040149793,-0.34951047947686964,0.3849313024072586,0.7621288550261309,1.9885327015941066,-0.8286516056883527,-1.3806219624700953,-0.3202191914173854,1.0565704500378403,-1.6429037174956511,0.40461278321306954,-0.8342114506356278,0
-0.5258639799011888,-0.11009111698972956,0.05385500495787898,-1.3747645745256694,-1.0389480932107418,0.05127966811374979,1.1754405157104608,1.6320616407775332,1.2758885723008093,-1.2628850415569488,-0.3093837078139639,-0.23785676770035172,0
0.995564058415836,1.268548792976784,0.2861506648794542,1.0893450810066003,3.154773796981737,1.2425159065312488,-0.3487494392586737,-1.142823153429559,-0.2946193872597227,2.6651682253964024,-1.6890915524525691,-0.5622284749026615,0
1.4546462197779184,-1.0789471329578957,0.6462324158050815,0.9041288662473208,-2.108191628746793,-1.1238548881811,-1.0545700440953616,0.5299326838520237,-0.06111381668309068,-0.07420105519426758,-0.4476573505333878,-0.9021300133149964,0
1.3699819840979492,2.3414761028356676,0.2103652195902725,-0.4506620406656077,-0.6928810078659899,-1.6493234149412708,-0.0812504064002629,-2.302210680689968,0.38001678793932586,-0.4343884805620227,1.5518454645746247,0.33013031598125103,1
-1.0312952999513916,0.9156346737866886,-1.16937540214922,0.034562680389315203,-0.655021644908378,0.6235556153839438,-0.226800091124581,-0.9511870823717508,0.5313001477439091,0.429585732016151,1.08365486401298,-0.05098839715394054,1
0.24840499303689378,0.9222591040695889,1.2383665869773233,-0.7949866631515455,-0.38138074051969184,2.022687862582456,0.6477277320733579,0.5493613469099667,-2.448251020322958,-1.3248169182723786,0.025548779945055822,0.9759294268685126,1
-1.4850365974916502,-0.9929710938440827,-0.7006762301389189,0.157757421110094,0.29727127892495403,0.9278118646219613,-0.808306875972056,-0.9715457180276078,-1.0821272512090867,-1.035324791925633,-0.7866087527558192,0.6518153781872171,1
-0.1636408992714041,-0.6411530153808472,-0.22943432691998294,0.11394419826091035,0.43927296657136994,-1.0902615369679254,-0.1677001403615451,0.6067511921014808,1.0356599932538555,-0.42346729027713115,-0.26445137738610325,-0.38570890460539975,0
0.20269092422009202,1.1302171434180315,-1.5329466321529592,0.9084963068789494,1.2284238485883214,0.12386749057476579,-0.04485606547709444,0.19375842510355978,-0.42056364303038973,-1.0306363496901005,-1.2769931864544801,-1.3469952744407878,1
0.30714263754425514,-1.637214756172197,0.5589674861608819,0.08881928448459858,1.302614259446526,-2.2625453864971266,0.217288566737961,-0.9066421664541577,1.4736379486950513,-0.7350724455912208,-0.9828036905919247,1.81852883122731e-05,1
-0.6908017934364866,0.15831712489069885,1.0569150125713156,-0.7997313323927604,0.991176427624656,0.20849583608863026,0.6776326932748036,-0.38719441855329206,0.43202595222079737,-0.06932642967244979,0.5070138112238711,0.6974877993477889,0
0.2693277661784252,1.383984261881343,-1.460072122315447,-1.6936159406466893,0.19139239330300195,-2.781365735426579,-1.0829924109511924,1.437552632942787,-1.1320651492569798,1.2569341544517652,1.8679066695666249,0.847882075585713,0
0.9087164679456322,-2.2351093122320984,-0.01771973516914093,-0.3571658688320955,-0.558369297120977,0.89231298015375,0.8718242629876228,-0.7496672985550517,-0.9780917364932463,-1.5803368276910927,0.6762159110429621,-0.701349338307102,1
0.20513049620769622,-0.7984233088695221,-0.35082266660121103,0.37462474500429777,1.616284689553677,-0.9420461831117487,-0.9564711816670651,-0.6096550793492012,0.2774304020734121,0.5561952874649987,-0.11035014260978745,-0.03536994729869837,1
-2.209901455318814,-0.5480810513167207,-0.3152571660950964,0.003276449552434148,-2.4197077970133725,0.9302515244315264,-1.1525197697312641,0.9001803740052032,0.449993738856553,-1.0272548825957022,-1.4360133695516863,1.2001988030656046,0
0.330812681964122,-0.7573387663394636,-1.3597027996560342,-0.19590919989405586,1.4965412573312522,-0.5486943408056469,0.3320884308455429,-0.9719243343722245,-0.06304686799077497,-0.38566004271294946,-0.7683987036354135,-1.1880597022133506,1
-1.4908538713961985,1.2751705479600361,0.8294861415679747,-0.9768487951357625,2.1792595860920447,0.7187005001619785,-1.4093730566043394,-0.6781583157414336,-0.6999853216465163,0.2904611476232969,-0.7756056016948197,0.28008007200508145,1
0.8198599880348184,-0.4755721609882174,-1.8195492906153459,2.1100619806513525,0.7511956441225299,-0.6407380134529373,0.5480937533700667,2.281120214266754,-0.8647366713845952,-1.0986517358867935,0.7029599196872536,-1.299564070891503,1
-1.1446845490648254,0.3881998862895601,0.11675343993497365,-1.314301535483233,1.2719261695728104,-1.7855386624254468,-0.8532057279705423,-0.16549055861480008,0.4242946185068824,0.1589180254105594,-0.8678385614717495,-0.672435000976435,1
-0.5048168472981931,0.745223836874391,-1.2939131345413282,-0.5686009559342494,-0.8213674271299688,2.1155815110693372,-1.3695435359821682,-0.7447388235603223,-0.877009581856773,-1.283642379716893,0.9489559149427544,-0.6293402216484429,0
3.040096799713237,-0.8184310995387563,-0.022210117301176804,-0.42647723908127233,-0.878733492334417,-1.2383605618525038,1.9534224456501075,-0.2551596977670488,0.17585630574798541,-0.7136173969454113,0.8804498829848512,-0.5372870483481461,1
0.1161099040485262,1.0563245470839127,0.7230646945204192,2.3575889733171262,0.05761416827059382,1.8325147080114008,-0.05273111123582926,-0.3740002997688395,-0.371797690714694,1.0804764854028845,-0.8925116879450284,-1.016232158153495,0
-0.24958749976364517,-0.8466693467017157,-0.09794000827825126,0.8315972409133839,-1.1962214304928225,1.4822142670792693,-0.44665109293711297,-0.25683907601261524,-2.5041476832729885,-0.8784614785901445,-1.912702555879174,1.4097102980568117,0
1.43898572319134,-0.26116971325979843,-0.24622816587593424,-0.9957622640975337,0.30734473313770494,0.2913288387097058,-0.10951982601223262,-1.1487195140901727,-0.04496469636485088,0.28349565322598425,-0.25531634974126327,0.673663917024606,0
-1.1722217531378814,1.3824210000691344,-1.394172741311987,0.5093547476395599,0.16999234395519994,2.346245762084721,-0.8852140840499207,-2.0045456244486526,-2.6708722320694904,-0.022745463942073132,1.2526929306967207,1.1363005695810804,1
0.675383529871668,0.6325395222943787,0.3034160874827436,2.4015143540498,0.2244230959695428,1.014472003817705,-0.26144586537898773,-0.7026104846953665,-0.6767139626994145,1.622185566942126,-0.15395168015575914,1.4115210814405244,0
-1.56799891915971,-1.193959553277974,-0.22061930736282212,-1.9755036304955544,0.7193860557593094,0.16803772380834156,-0.8551925989589946,0.6869248633234099,-1.8681697488936997,-0.4456179211132339,0.7443712526328462,-1.2096402753353916,1
-1.054191415755765,-0.2512560371745962,2.949575841092178,0.6429556774397058,0.5112841856646431,-0.8689044256629971,0.26966725595504293,-0.8862041049354333,1.1160898527012721,0.5244716508847936,0.33021486562487223,0.7504192823177974,0
1.5206999358183575,1.0353982085574405,2.3257354898883706,0.5454343937935043,0.2800632850492352,0.5849861726806982,1.0741150483202648,-0.9932114994395225,-0.10015266733001925,-0.8738190930210389,-1.6207841756837027,-1.0464765142119463,0
-1.105398663648635,0.41193310972803565,-0.5811993930837718,1.8056600762728419,-0.35087531519829707,-1.3615535768748237,1.231881674336796,-0.604611609144577,0.9954684587847431,0.47386261328460566,-1.531949556528703,-0.5601490778626438,1
-0.5854718221552296,-1.1303496927397225,-0.9198124264263318,-0.3956936088445248,-0.7610438226119993,0.18130077387272653,-2.4733470990036603,0.003876164016445636,-0.5488828474595837,0.6184086030855966,-1.0022427094932322,0.15764409331704332,0
-0.9601545786902093,1.1898150907268366,1.4716745519180758,-0.10855373656031153,-0.8904044278477328,-0.11508988937815148,-0.9624784776309848,-1.0632814126609713,0.917108498647531,0.6937075158948078,-2.024394249514615,0.39866436586769133,1
1.7369220129458856,-1.2864646278834404,-1.1265126034639334,0.46450014603459605,2.831547053708106,0.02439909163576045,-0.2164269982471948,1.6426295440837657,0.1853439756823652,0.4886847958179898,0.6240957300613351,1.6043188326383668,1
-0.4078771951337568,1.0034134864207274,-1.9364701691403134,-1.2884843282125755,1.6883610199775227,-2.2949253519762505,-0.5433249245284797,-0.11034853458214305,-0.9991138563992936,2.4651182829392333,1.243208539269298,-0.6244605107604243,0
-0.9986993685959714,1.1344728644586053,-0.7945716777643349,1.0494350259421046,0.6141564844416157,-0.5693995548120857,0.10284325940039127,0.2229832234599395,0.6754176172413425,-2.7051700296118115,0.538344727654655,-0.15647509071259527,1
0.34092627541300224,0.13811731214507958,0.286111104843631,0.6234817891049489,-0.29311633967062223,-1.5383373033971195,-0.35879234978575125,2.0083284365205634,-2.057949924792878,-1.5378021025748831,-0.4152223463053232,-1.1650188135134867,0
1.5589073314271242,0.06918536699400672,-0.5594716594700146,-1.458196152507662,-1.3765852046064133,0.6747740237306868,-0.4909233807203186,-2.354728915249709,0.4846193762222698,0.8588897233014005,-2.5247953085040384,-0.8588363038995916,0
0.9211530949100805,0.1401665365300133,0.08149835613373149,1.247320982713719,0.4621540947947961,1.0162203580527986,-0.3329006339722195,1.2770625186007858,0.36788595099231525,-0.0022534329249386306,0.28661659279034996,-0.9106161683541347,0
0.022740723035387784,-1.9206754153923529,-0.021177715119087254,0.9885877619713924,0.1549663734971378,-0.7953743667692671,-0.12880116096585487,0.11447663308588782,0.21909745406129416,0.5710958361982279,-0.43638763284500676,-0.6663797912136837,1
0.023322286380712997,0.07483035197853138,0.6178311461039424,-0.024398700459952884,-0.0873705065014982,-0.35213805985691726,0.5903903461270946,1.221853821862104,0.1066630102341623,-1.0762548260930254,1.2265068917590303,0.278932302587938,0
0.9201708256581143,0.4503112972223384,-1.0555512433004202,0.23365083944706302,0.7210899395216097,1.3199023430215944,1.062379504323405,-0.5047425431393505,0.3419058429242707,0.5601789511597646,-1.9531659433077033,-0.16375824158902438,1
0.6107088661938893,-0.501405907749336,1.2841435271712869,1.3758191785218563,0.25698615338630043,-1.3840030727798818,-0.0302557349578345,0.2766367246146867,1.0403806315129092,0.14301122548919584,0.27621252732681784,0.7128296576645414,0
1.1912015377571439,-0.703299214970104,2.955052463693857,-0.7180074545160958,1.150172269172169,0.517023794889422,-1.691376343991957,-0.19889264061772474,0.3419964653915776,0.08149882278702163,0.8761073321742059,-2.222021470187892,1
-1.9894290836483235,0.11800506963335003,-0.30432112378840326,-0.41594108163591137,1.1676747717837497,-0.34766833891977406,-0.409103129167912,2.2172517954357023,-1.3792732005446449,0.26373627533330646,0.6436459406955306,-0.0821238865392338,0
0.40865362389782683,-0.7247346435557567,-0.6760551933105203,-0.7512403533807118,-0.9124025842122722,0.3427250432542284,-1.5394499382769584,-1.4435233994241845,-1.926357545665798,-0.4742437298923608,0.8868693986399183,-0.7128722235672512,1
0.22814784704398974,-0.14260711970587717,1.8977400245372897,-0.5119223795380635,1.4665236705540192,0.3202896988222978,0.33107521545647745,0.23202593580456007,1.9603678075026456,1.8344362390688698,0.06553544956093163,-0.10415389982137237,1
-1.4637869515886144,-0.09758935349406526,1.8910853497750408,1.222463910718542,0.3044458643253846,-1.5686915444162524,-0.27594369930346196,-1.1597376379656839,-0.6684274067192535,-0.5089930597528646,0.5893480802043576,1.091534080192153,0
0.48403024789501997,0.43168248575993706,1.4036193157341033,-0.6039628587821586,-0.89563408893505,0.8270895240865657,0.47015092184888607,0.20771206117758453,-1.1215421934507692,1.2070100880398502,0.6807164432667983,1.6920304675796287,1
-0.6222359336500052,0.8334603889787252,-0.23921935911047032,-1.1972974065696784,-0.7830914524334203,0.24530252922875148,-0.7324690113866456,-0.520850418536057,0.7525552836182299,0.9947051352867504,-0.6544105221316334,2.221998693165806,0
0.9324967050657382,-2.816889655179971,0.3689614946920206,1.2218635296450011,-0.8538044746403802,0.8811787198688743,2.273456202794523,-0.3876294657708424,0.2083118356074312,-1.9785707030972968,0.41456426137472946,1.2418155161595954,1
1.4072605502111686,-2.038703470346505,1.3371251187098765,0.504594495196653,0.6332955403939562,0.7971763579230801,0.039216913525390584,-0.33161180001505425,1.8716659375277693,-1.6827936114045128,1.5939413299521863,1.4478230392806828,0
-0.7133978313569658,-2.0176223432128118,-0.025598262081333794,0.12610866344358707,-1.1777905735504293,-2.3392212799177647,-0.5454741067688035,-1.7471799398938528,-0.355946924031152,-0.23231024813537846,0.3699587376854034,-0.15807514495348976,1
1.0709318616952783,-1.3103370140813702,0.38587502578529426,-0.15832750583230118,1.2186177811948988,-0.3260887622000612,0.9211930896265428,0.17037623139988287,-0.31035250469831255,-1.2674119101054473,-1.0096542866839242,-0.1943653638917041,0
-0.1568975289733387,0.5087714539768959,1.2310916305062092,1.645785558776163,0.412357426505492,-1.501261702961231,-0.8684081337283628,-0.9881417212166941,-1.8463956720359682,2.1596887515789436,-1.8770118804010967,-1.3499953293899964,0
-0.8224623405944069,0.9560742241548461,0.7394981522378683,-1.7464245685483673,-1.0169454324809868,-0.22972745965233696,-1.301425650926856,0.7366303556338966,-2.539425924306729,0.8265999581397555,0.5871181082935982,0.4865734899255816,1
-0.34819148794296945,1.664983543967837,-1.7044240859613617,-1.6534489748760515,2.3963414649614148,0.032907787727342916,1.1721040054765701,-0.8883752292657404,-0.5992578325575323,2.100348345587857,0.5315631130681219,0.6995167452700634,0
-0.15706222401302675,-0.7820211280344046,1.033709283329733,-0.44282855221545087,-0.40345441950170857,-0.2734466905579656,0.11590494097703138,-0.7891950960348603,-0.9461397059633403,-0.591026613435418,-0.691926772731633,-2.822598327021215,0
1.5822883550410984,0.23669911840590546,-0.6530710706026535,1.1435265885751202,-1.6620463300616972,0.579625672198316,-0.18232989787980985,-0.30601204206946403,-0.502820527594459,1.0227261028934382,-0.2916202470908149,0.029316025507306658,0
1.7753861510006337,0.17453546208170312,-0.3526313984817148,0.06049968887371805,0.6723111428899903,-1.0492900605042514,0.8770970044461645,-0.43589611377358034,0.47600748684945454,0.43659977394074034,-0.16074051660502764,0.5552946790217186,0
0.7106657453509526,-0.8459239048401738,-0.8624494055571336,0.9835401520809077,0.43325534946356214,-0.9372970709822739,0.2126863701753482,-1.110075058875597,0.04396685512671051,-1.346200049478644,-1.9068320773252543,-0.01281455746680925,1
1.9994535900754615,-0.2763078353158868,-0.3699101315578007,0.5646915473572546,1.2552504591393923,0.30873137532974915,0.8789790342186068,0.32714789580416037,0.9378992407617426,-0.16652379042987003,1.1831585782942038,0.5424103542485066,0
-1.7092910067647917,0.6622990323692272,1.6667500656465668,0.47739139642500894,-0.41126152471313315,2.0259403283314508,0.05652506551061284,-0.3414583932881734,0.3297684061554066,0.995864542885119,-0.43326532840069815,0.008529562737365883,0
0.9462700292156888,-0.4004772440301204,0.38964957036856035,-0.43314904129550225,0.35289217972600184,-1.7088711437286892,-1.0283190697659097,-0.9441222862276235,0.38479179628637006,0.7496675688223116,-0.11633646812851478,-1.4925763513924692,0
1.7603134231289417,0.09649115565269205,1.1550457052419736,1.1971744837079246,-1.3320398352882774,-0.5916753759409157,1.6409979233911516,0.017232434999107586,0.2867617433221705,0.48863790932157325,0.49245277150770334,-0.11293346333976641,0
-0.7451127167382212,-0.5098267369678896,0.6054346655735177,-1.1690246730223806,-1.129510261318019,-0.3305720119758626,-0.6040370542697346,0.4154476869690622,2.135002426414638,0.6460146525576523,-0.2033439591667891,-2.652898616927675,0
-0.018850784839772844,-0.7130746737069188,0.9508046334809072,-0.813292954219452,-0.9209930591187709,0.6601652979446115,-0.3727697389934495,-0.19894290742450918,-0.7102444077474611,0.7815786919599937,-0.8518852412204548,0.32488123892003623,1
-1.7441631353611913,-0.715607012349849,0.6610076651201118,0.6322715911158394,-0.4442695093491247,0.6017304972296879,0.32241242760650535,0.32120960290819134,-0.7226098156898415,-0.7876582876965591,-0.3637758554529502,-0.38259752170396205,1
-0.12379593205584662,0.48862851367724597,-0.0946415146167162,-0.2552157789386973,0.15680406302773023,2.097007946544167,-0.3265621166064849,-0.5415578344198956,0.2932002564814364,0.1975086073767156,0.529017419439366,1.0052685639426318,0
-1.8874703675033464,2.286871110175873,0.5632493047612944,0.5982307611075967,0.0157153897406822,-0.3763566069619428,0.43900435969976953,-0.5731446251080586,0.05382055820697698,-1.3509789268560766,-1.0101191171120034,1.596223797494319,1
0.6118600132124482,0.2530414059750267,-0.949308583404441,1.1765556337609817,-1.3439985274964574,-1.2014665390112818,-0.8888001150690349,-0.04297083140455082,0.2539210307258053,0.2185175094189915,-0.736902257529162,0.5792378735863348,1
3.0455573259219144,-2.540940968419801,-0.5008281527219162,-1.1574864080627945,-1.022209377180118,-0.8508770737445766,-1.680249388872413,-0.8666714695753085,0.19271016823004336,0.6359997725185025,-1.7231308623371564,1.7009840461336543,1
-2.0911091001842714,-1.9158528065495948,0.38632563454752705,1.7644171973709626,0.9058074042090154,-0.711323637739603,1.152099293626809,-0.22673576789081246,-1.47093455079083,-1.9440794138719526,1.549514732693778,-1.2552380527977653,1
-1.1170923842787692,-0.20126912472682884,-1.4165326382904844,1.276935301350281,-0.45809926116822564,0.13271206433786603,-0.3150317997191327,1.0148375918737682,-0.9301000274949569,0.5923647653734485,0.9141698231888535,-0.18225207188350862,1
0.7575576556813599,-0.07461648776438334,1.1444615700968557,-1.7236861376969104,-1.0591700696735524,-0.16606291828690178,-2.2235551080842346,-0.3268399518485845,-0.33418147934173525,-1.328004552824508,-0.9783494025907671,-0.8740501422227582,1
0.3987429066938837,0.5362195992057903,-1.0929757330567638,1.4282494143600089,0.6290208075238805,-1.2880462418375822,0.952416808161131,-0.8429254448307721,0.8861033121762385,-0.03900311937599859,-0.132639034524399,0.9287368621239259,1
0.12832450331466286,0.36259689097543135,-0.8084919945347636,0.20891240656443913,-0.7644027662560203,-0.5344615774359645,-0.28136168600339556,-0.11221041070412315,-0.3390614362374288,-0.48242511537644,0.412080166346504,-0.04748313689796846,1
0.4143306023374373,1.9749011578097178,1.2195135095896712,-0.5406335836797278,-0.5757778853600819,-0.022566229537953227,1.3628253563629358,0.8039281581321556,1.1726472407182325,-0.9383365894219982,0.24429808593177652,2.200756832849111,1
-0.5507059105658973,-0.5922068698039021,-0.7905953628247052,1.373104036612458,-1.515143291154703,-0.4274140801219134,0.5124447448292536,-0.36127574311638183,-0.054237869952098235,0.4226999758598869,0.4276849080589535,0.44373054823400776,1
0.5731761852012998,0.4565884723581478,1.3812168249567054,-0.967384896052489,0.14189544196038717,-1.390275915301222,-1.0988904383433469,0.4078625374816254,-0.1305470645019275,0.05213792160181273,1.2181626180105136,0.699088877348858,1
-0.6371690457281197,-0.3101473716782253,0.6849519673214252,-1.9083339407177087,-0.8733683013396203,0.11212867125041102,0.3216655514294158,0.46541639337424173,0.8551796677982502,1.3970580893212814,0.17659388239228122,-0.8665387775581813,1
-0.07705642623278817,-0.7198670501881733,-0.41351485258272824,0.17313446470180735,1.9610360420890838,0.11496119364070458,-1.364193999739246,-1.069846841344223,1.771451387077101,1.6636680625459161,-1.3657417167417631,1.8161236550957225,0
0.9004530439307419,-2.1613881002161923,0.31043366699184455,-1.1702816054284384,-1.1852717380578506,-0.007360710203041075,-0.6533088757566998,-0.5126902477009355,1.8135667664861523,-0.36785112283199295,-0.6069498951875627,-0.4487557876629409,1
1.8889733721217885,0.7482595937639854,0.12781316362499168,0.5338313236828347,-1.0372719992700397,2.570201378376381,-0.22923078383737971,1.836104550693319,0.5820873036158999,0.04087615497687679,0.22691274406597262,-0.006690898523183077,0
0.8056377051497915,0.13768330425452813,-0.5592029068349931,0.3199822863523891,0.5031528210164414,0.12811040196435036,-1.1827108028573405,-1.3776516608703466,0.030614877591899955,-1.0246582469439465,1.004993147561889,-0.7454061489683181,0
0.6647379249553037,-0.8214304923961631,0.6491271826969186,-0.1338520562476979,0.96266941265093,0.1832836665541564,-0.2546130964730121,0.3210879680254411,-1.2128095081475398,1.4532729255532302,-0.4789332180106572,-0.10238653362948305,1
-0.5359258896639222,0.7320232941204436,0.47486571657589133,1.4312991642961492,-0.9280542835734746,-0.4994537347159886,-0.4921266765717653,0.963807802638401,0.38809137162153945,-1.2860705009821127,1.1767174298119374,-0.4613755564319877,0
-0.45803491222091386,0.3178218930035458,0.7053634616699077,0.5463588790570277,-0.7012338429001455,0.13759642692365934,1.504865678478385,-0.0827495136030146,0.7913559593249638,-1.2565916845519,0.8100122348098988,-0.4133973049337654,0
-0.43681024522603856,-0.1314135182027815,-0.5559507852655337,0.10077551171559224,0.0076327181817613865,-1.5026353433805557,-0.6394175144112629,1.042166653441496,-0.6245815312206718,-0.33998114987457434,0.9251625719667774,2.435403433191815,0
-1.8080365024621816,-0.3397151472070229,0.8830624437920246,0.5969985310221431,-0.828482770552426,0.19844177483269057,-0.6781153828805153,-0.8365952853332365,-1.4451746718296892,-1.300170251917077,0.09464864280722904,0.12750417403333744,0
-1.2280709089948298,-0.6009278859484042,0.10172729339516243,0.6308235987067465,1.7527799203514074,1.0078399518125427,1.4536254183809747,1.4014912992818316,-1.4035014618749138,0.7423100662271637,-1.387261208787626,0.7569459234223553,1
-0.11859652498818958,0.8139931059670797,-0.032862566985217403,0.8535070402383297,0.15440710735531862,0.9102188548595729,-1.1969741751715746,-0.6417296980054485,-1.1193109546158129,-0.44618930351251856,0.01982723798145815,0.0022726836488125833,0
-1.9561034389918086,0.1954115923777796,1.1819972097790512,0.42490032070325057,-1.3070414779203443,0.5442553535148164,0.6145230100552946,-0.8701856194513776,0.4638915004152704,0.8126153929359861,-0.27629578856797893,-0.632260203233777,0
1.1403642288638418,1.0023660814791997,-1.8589984265478872,-0.32990784712512,-0.32713328527025487,-0.7762771775519721,1.069310877039841,0.3377890277485025,-0.21646679079931033,-0.12711595702792652,0.09757850685492056,0.389022104724077,0
-0.4225908486603073,-0.6065022398830618,0.45175970409045413,-0.07859257021054364,-0.18656812829775932,-0.9815750352950818,0.1741596239693332,-0.022223216001655097,-0.14209936747150312,-1.3807113529466535,1.3381112977699912,0.18229668919860423,0
0.23360281655832787,1.3606038446601936,0.09528994053470949,0.07828559961145833,0.48206424299746115,1.1497811382068985,-0.9930201957297888,2.3789571051047465,-0.04492674265650586,-0.8366993694839484,-0.7824513389336895,2.130879073358363,1
-1.4725430224048295,-0.4545615690454396,-1.1963715094671146,-0.5415278360065786,0.19924974025658893,-0.37506683777323396,0.16566859606173956,1.9046979335885916,0.19621714308867552,-0.7090405739013468,-0.49832490411497865,0.618319411913319,0
-1.1789219993323705,1.3273089839473848,0.3038317931105787,0.2779531972571934,-0.15161461602221912,0.5838773642850239,0.9603280236148135,-0.5984437779196409,1.206614856169278,-1.9982970956846784,-0.8968216247273615,-1.2728594295786455,1
-0.5497483018596087,0.4761612687372214,2.359826752373014,1.1352351208463807,0.43445081660235857,-0.7692829163533901,0.631667648404382,-0.9602343111277102,1.628952645602701,-1.4646204381622927,0.2606031823757588,0.04451635152280594,0
-0.1314332947596724,-0.25840801672377856,1.4728250382861598,0.5151737486666538,-0.5928364173073223,-0.3383431417225189,-0.43879755032171713,0.38827568258067796,-2.0367267752457567,-0.8103977466698545,-0.25812225247084236,-1.6492270845579644,0
-0.11348018140204787,-0.3855119345583675,2.2895670392106884,0.8137963513769656,-1.9601232818829997,2.0586717883973518,-0.8214936290522465,0.1689285508152681,0.12394660299486705,0.43594551839030216,-1.5710397790618342,-0.003982216101420375,0
1.3761539403989762,-1.3098446022763626,0.45776908878332584,0.4368365776146894,0.016533640479402898,-1.138681006433841,0.9955390175808609,1.086486036327212,-0.8105463673597242,-0.07358952401090442,1.8022012392172997,0.6929492922296442,0
0.06225423119759336,-0.7955221990804816,0.1864378815004939,-1.2984609747471403,0.8432110267777032,0.5529498090251822,-1.0196079611890443,-1.250749070603395,-0.3785061948298857,1.380502695638038,0.6602074974028099,0.05886084593589513,1
0.03049942129222065,0.5422663723649037,-1.3120349988903737,-0.28348014132949034,-1.2901936752900753,1.201067286495392,0.5426375699117136,-1.0346230253963613,-1.2371305951755167,0.5579256018773691,-1.07835610522902,0.8883049192830559,0
0.3298103150865328,0.7839494619306817,0.3336613983189654,0.5608779787258221,1.2099517996142144,-0.4055214595013905,1.5223805457377024,0.9686254972409344,-1.7538954377954907,-0.13829354535047972,0.155039412021363,-0.2546709610988989,1
1.2081480279140082,-0.10660420143248739,0.6583951343274139,-0.10093350559057138,-0.9989011243488557,-1.9988031191387554,-1.2940109990650983,1.117020588861707,-0.7956018958393406,-0.7621537043348545,-1.2318516675403215,-0.20515416288216662,0
-0.2747582471677139,0.25676679291126425,0.5827482625922491,-0.7841908563219274,-1.5228601186408435,-0.29991732377901753,0.012697781579654855,0.7403076014017723,-0.6169964444132382,0.6734872356695243,0.6820759608070424,-1.236549831347335,0
-2.554807449844416,-0.6996831819489273,-0.6242407400522929,-0.6644897386200105,1.3772235488895457,-1.4167096195794349,-0.11363907959277182,-0.47798172898864716,-0.4916327433615981,1.5414313024975719,-0.8601515666999094,0.20869282148528137,0
-1.0229052836699546,0.4573121012462151,1.2110755543968452,0.07180794664956133,-0.280010352610548,-1.2211834601016727,0.006135536036205133,0.43048635138154057,-0.6171911544919503,0.1843624720055653,1.8154667265497577,-0.07924524395625142,1
0.7742199803346097,-1.804152410440193,-1.164262973004559,0.26258801090952044,0.29768810555880293,1.6132767654332418,-0.5126073321687036,-1.494022123824238,-0.15969181772485982,0.42372361890817395,0.178207476066898,-0.1843727168578179,1
0.13426072833046787,-0.4224226810702365,-0.24455247568325567,2.343528738711368,-1.6465353577090727,0.5600463416393658,-0.1289525119761794,0.2449938731925002,-0.3765908258211042,1.7853718135782173,-2.108927578833259,0.39607985346944286,1
-1.7113363806192359,-1.156083278062747,1.986061129363349,1.6164223344272983,-0.1796688033155539,-0.6792060131418743,-0.12030180476159416,0.7984522166810802,-0.6095569472577438,-0.20510008574140903,0.3327624482601045,1.199712311708306,0
-0.304226077141978,-1.1935375302064009,-0.9284878016203936,0.9058681775083879,2.961364324774918,-0.9200871073170892,0.5725389386726831,1.6871356778531477,-1.2779596211651088,-0.17043834629193189,-0.9268231847465985,-1.5495333784724747,1
0.24761030137417325,0.6494699024536528,0.7471148341631164,3.0526003679081204,-1.1900504019742775,0.6846452767306864,1.7125525560579316,-1.9100035609632608,-0.5011055260823848,-0.14800120671038725,-1.0863744091549412,-0.21497691093448712,0
0.02903197988345881,1.5036495051950611,-0.09549234378760313,0.3333059893046659,-0.937427495026188,-1.6492570168392848,0.7315939108250231,0.9809272161558144,0.7562063023158765,-0.17898738946947174,2.163087524972247,0.7260153454931664,1
0.6236037145199932,0.9304820885563164,-0.07390017644669643,-1.1855778395343841,-0.5565082428207779,0.12826937634135344,0.7762396443229602,-0.6971488881395139,0.9801821342407856,1.0564014099871213,-1.0377742800074155,1.0505151704382352,1
-1.229594679124981,-0.34125238929297286,-0.5736892798949879,-0.037233591884805316,-0.04754240280287002,-1.1347742175226798,1.6024170772511301,-0.39428969073798703,-2.866926060565212,0.7760848055369074,-0.4292551630230961,-0.7223045152204988,1
-0.5085471860736019,0.09718404681546795,-0.8865429227420198,-0.4133716212381225,-0.13285601255405963,-0.7635770347647555,0.6505233987414306,-1.7600149975935029,-0.07240355480309933,-0.49337056777283483,0.4876703104972655,-0.17331027618756556,0
0.9861533073145886,0.8865524164096947,0.2627100894920642,-1.2295265536856712,0.10665807475695183,-1.568054804637407,-0.28405780662241165,1.3021638540645237,-0.7381832571147293,-1.0433697557283763,1.3811659629951976,-0.045647948466670606,1
0.43675853637496087,0.1282627700279113,1.2716346983969202,0.9776541335085966,1.3590813346557742,0.2684155109947568,0.9277127225873634,-0.7937134578901822,0.28134018625315477,-1.6290483160930234,0.3381506427263842,-0.7053495822846634,0
0.43318694010037756,0.6410124580758054,-1.1991690349757715,-0.1359429983562933,-0.6223397268686391,1.6652861304433269,-1.1717336588220064,-0.42762238654631946,-2.4647626332147987,-0.435555561990808,0.07426578115479526,-2.2988955306225707,1
-0.43538914434660964,1.6025938235007038,-0.24960107338872065,-0.4183656831533022,-0.2597607116494852,-0.3073712835589654,-0.0860662229753934,0.09829709096277092,-0.9402483833913946,1.073965350684783,0.24397350710473473,0.8016158039892853,1
0.2921848072965375,2.019281778424149,0.5270934936458005,-0.2783654216418947,0.05823434245030718,-0.04100057036288591,-0.506764007609552,-0.13110076647688637,-1.5698630084892238,1.3437292768398497,2.0590675438699066,-0.5958135557493188,1
0.0229949476605981,-0.5169808633440219,-0.48434341142464976,0.24097856505568924,1.7357816209398138,0.056468265405682276,-0.8774903950016618,-0.5959365283528172,1.0922962404595333,0.6881533246298858,-1.4314202714474953,-0.5467475409373992,1
0.05668248544824115,0.6907682498636886,1.7562181873381466,-0.07439968745701606,-0.3115675320501956,0.6352723192628149,0.04141100103296942,0.10184569976162548,0.5773389408863894,0.45656580921457396,-0.5753524196088582,0.5377146433375563,0
-1.2954249570432315,0.5900993268357446,0.13996311329140967,-1.355647414173308,0.7696069071798166,-0.6453991541456754,1.3672013638960492,0.2049837871104609,-0.5640767477518063,-0.22378948337353527,-0.3547153219743608,-0.803033020112557,1
0.31289421135409873,-1.1591415356526007,-0.4033286301863493,0.37313351699198416,0.2622670538380518,0.0020986411332219344,-1.3062213924635426,0.5543846613099763,-1.3007677377992104,1.120396465438503,2.122667188982839,1.3616232169162983,1
-0.305591960122083,-1.1396804990500526,1.0804325262874135,0.15797310037904727,0.6080427594666293,1.0494463837903654,-0.7222207225052235,0.641588708294297,-1.1671949318347654,-1.4484095298355775,2.002120342708681,-0.9359744568017779,0
-1.0561320184824885,-2.423498353589238,1.2612040211059539,0.37835771438498267,2.096820550997301,-0.8274663255077778,0.09818426788339382,-0.006892770778860962,0.06230313874904501,0.677350142010959,0.29679021755567947,0.2576804643234014,1
0.25911447619298894,0.29286465641868725,-1.475701284543351,0.3666677594370348,1.4324437410836475,0.007274912073591754,0.286599931446796,-0.02842458414287208,0.19188184114441117,-0.12767798514986142,0.9184809578264868,-0.48064141584656805,1
1.2232657292162818,-0.24089128438545715,0.8333775284594822,0.1826377614681351,0.7533820151457413,-0.037309388896523445,0.2300409932045775,-0.2774283849893189,-0.6986900235019828,-0.7224650349669054,0.11685256944236642,-0.21896615929235375,0
-1.3702149659387488,1.195004737486646,-0.7593760473884309,0.8680140727594395,0.18697279854067442,-0.5920163338199751,-0.5654912173271713,-1.9527588839425372,-0.5755743372946661,-0.03410553002151631,-0.5627003067109069,0.038824396105771,1
0.5797969369059729,-0.8480441788616093,0.060426783041942385,0.4688546915604681,1.3104051664958152,-1.613052634233777,-0.07649666774777643,-1.1814183778847553,1.0728499070305768,1.3115474482542024,-0.2660573495578019,0.5029292526033814,1
-0.18859362668372323,-0.6353778747606468,0.011605088953227295,0.04152801527214944,0.6552070308924703,0.9784724927681712,1.2675681395337957,0.1852201659729515,0.03150465794178214,0.9785209089604245,-0.42933890223366095,1.2157613420840083,0
-0.21632114115920953,-1.558570286914494,-0.6090658930272596,-1.4225124174078307,-1.06716496554665,0.45754028366104754,0.5324548664761278,0.3014494252618358,0.29100776133547024,-0.07203348576083145,0.7023767230300878,1.7614884868223686,0
0.8130864366327429,-0.17114393412431658,0.6151089614970439,0.8243646734034045,-1.0007975156092184,-0.812627355468281,-0.08094290472004391,-0.3869733998324195,0.2397896241415574,0.3512013801292561,1.520549088578022,0.5312031639864881,0
2.0301536764928794,-0.3828995463919298,-1.1568279829006902,0.23031960376652233,-0.25284466806629613,0.2232604779876225,0.6539868800637828,-1.2361627066717205,0.20570324464674153,1.208852706162123,-0.975900038025475,-0.995685008067303,0
0.22303683552569925,-1.375395201944702,0.192851165501222,-0.17272850950038893,1.2229876932350636,0.8173205891462695,0.48624461285449655,0.4939975245425229,-1.2845431850836901,0.1276772429251714,0.5142661214504347,-0.43171749542937676,1
-1.3348038466645176,-0.16980331372686985,0.47348205785475855,0.29768587316087924,0.5502197862482217,0.23388326334874007,-0.538613973447036,-1.7100624279639454,1.6617862201727784,-0.8831758292463365,-0.6184234886485902,0.45040703403919147,1
0.5176761399295485,2.3580970139328006,0.6141149509492249,0.8267894907086115,-1.6471557683021074,8.079552867709729e-05,0.8493561894796953,-1.1696129437848495,-0.9600327129576054,0.06879874786859451,-1.0350013357117909,-0.041473466960478746,1
-0.3018757765216142,-0.483936725014663,1.3778350780963302,0.1326589780300802,0.15895160395314603,0.40914643163809145,0.7462447598533429,-0.4257826028555719,-1.1942062585502988,-1.8407458828288026,0.1138895257704366,1.0745405815202707,0
-1.1011587847019457,-0.3016449550744389,1.6587698520773473,-0.4526304541453597,1.0294976540683376,0.6917402112966187,-0.7037176208198495,1.2923746501891527,-0.2510840189507669,0.9708774692268612,0.4310470128347117,0.9853203928377479,1
-0.16807951676221874,-1.2645650684010774,-0.1852589516971369,-0.49009016425646124,0.5518646610131226,-0.503111505834041,-0.07903159075490032,0.0427393159239122,1.7423170801503816,0.29255998069942635,-0.5364536073482068,0.14825869248498708,0
-0.47016913275765077,-1.230724141672587,-0.20067043714631966,-2.4230147463760217,0.13148017013898747,-0.24798002187209095,0.5506583277626204,0.05138543465243904,-0.9687420156544755,-0.8884676176916139,0.554365017641279,-2.021922757373085,0
-1.0936839485047753,-1.0831154769677507,1.6449366671107277,-0.0011778769412659255,-0.19962241039435422,-1.4602097043567202,-1.7688486918665391,0.8226733396856248,-0.9783654056537048,-0.5645953565107048,1.0601294977467628,-0.1485242951694317,1
-0.489940726487752,-1.172977242880835,1.1934256640669596,-1.6388444676009688,2.460507743115685,-0.27449221268887886,0.513368090825098,-0.16896645953026804,1.9652982097725524,-1.0072869791022994,-1.3518560752037845,-0.5483369867000503,1
-0.16574696872836917,-1.5564496124869025,0.03242899097800078,-0.4100323799186399,-0.15332262422228565,1.2330768126424276,0.4304173175460366,-1.2980212115255898,-0.8463416832563685,-0.8290945101420119,2.393705842731968,0.24310710151814074,1
-1.5979657356520285,0.26669219258707594,0.3377771584789815,0.4565737906276013,-1.3617582480190589,1.4452432411003595,1.1774554090467262,-0.8366712023482125,0.07264641996644658,0.676706203925175,0.00043779144777943857,-0.9274642112704826,0
1.04897581007136,-1.8541333689983819,-0.0770094962579415,0.9361007546354423,-0.04113293121369405,1.3478173627715266,-0.03952380422548986,0.6315268232490248,-0.36264395356168466,1.7986953450593441,1.4760453912458456,-0.5760726364282165,1
-0.8136409224394405,0.705256620526535,-0.04644904248584448,-0.008571391148012388,-0.0582299239266838,0.036050691086773445,0.8198609860181304,-2.6191045539686697,0.6642415617266688,-0.29809068840646213,0.3865625466125588,0.007982105635186702,0
-0.6659723743074432,-0.22920928204858995,0.8121094183723372,0.3677971847013301,0.3325178978364712,-0.10451631753131162,0.2324710370446923,0.7365844321588942,0.06439093558581695,-1.056344185937913,-0.4198180348679465,-0.5239946517530637,0
0.09366247377296338,-0.5375305160410713,1.1750987281030303,-2.3030064029058614,-1.9131903190314474,2.8323352816307876,-0.23356679783645184,-0.3760897126358511,-0.4887075033135988,0.393379513779687,0.8495421987937931,1.146961590805159,1
0.748472776165075,-0.48930504902422484,-1.9182974444406324,0.6421407461347269,0.19068755976516247,-1.1586597566618895,-1.6412505958090686,-0.11248764987254647,1.4668943666805867,1.0342726033972751,1.9505190723400139,0.6384038031858007,1
0.40578741038602395,-0.24516728442783645,0.3469242623380276,-0.17132594310485957,1.8060942662088968,-0.19179726700787514,0.9614323964899759,-1.0508836987081676,0.21559761326239368,1.0339049821930881,-0.20570266480025642,0.7642468993803077,0
-1.4548360282312929,0.789378780900124,-0.22028731620936529,-0.22926409585027038,0.7038543286996097,-0.09007895420574971,-0.5546579402485128,-0.2768004859620531,-1.1255676896469526,-0.16825529670307815,0.31451897751124985,2.2082342335769263,1
-0.22279644839030835,-0.15088851922295504,0.05562357420765252,0.6889526829919589,-0.11182552110826782,-1.0822887737299103,1.5466841418935875,0.9459212743600969,0.2672557323049668,-0.5298515791422304,-0.6052180009447989,1.262606537004665,0
-0.6842280310736055,0.2887906645330904,0.6414544010522516,-0.7361614219391946,0.1104567128951171,1.999262798475541,2.4421369188839863,0.030934183046540244,0.16334774627430357,1.1023163118790973,0.4770242974382932,0.08948766710171982,0
-1.1527365955886666,0.18239972878710556,1.1861224571648095,-0.36699476156690974,-0.5514236867995732,0.9171917194067424,-0.7787301824330635,1.6616927070217165,0.19029823766489765,-1.7595766598668594,1.3202120468759904,-0.04404516432768994,0
-1.081516733579258,1.1194611962663958,0.4056561504929728,1.2659164470826605,1.0633578476191416,-0.5494064187380595,-0.5126091875754638,-0.14886619342521745,-0.14931988794349194,1.0222890503175681,0.5964978378464497,-0.2559149158236784,0
0.46597853504700737,0.8952132906286975,1.9807784927215992,-0.3698781350999627,1.1465802492542865,0.18654713835766737,0.8433461801686483,1.134552302199971,0.5594146884264005,-1.0796455982160111,1.5289841102514445,-0.07443891260695018,1
-0.14974880171670926,-3.0943635378865553,0.25695416204464555,-0.04504668798664938,0.8034667250406294,0.18303075047764872,0.3665163493855302,0.5391404060453868,3.1771319817969688,0.3723947414462411,-0.697649241535856,0.9773147302965667,1
-0.14382906030340742,-0.6043786699836861,-1.1012609227862749,0.06700068236810126,0.8491350680619034,0.8663507990230379,-0.8992995598396192,1.1588176736681794,-1.3074272900370054,-0.008832098168284128,0.5758444405664924,-0.07844923618338139,0
-0.2265101024017499,-0.09918060377702906,0.8963411870561394,-0.5018123938515991,0.6584231816834888,-0.028938178930459777,0.695911532776268,1.282559935443636,-0.9667680574986907,0.9371816630370092,1.4413616668436235,-1.8923411091640718,0
-0.7675715061748899,1.1055094232634883,0.9087466838455673,-2.3579846876669373,-0.7117549356053673,0.21132050091710802,-1.0743319673120661,-0.49069791330344503,-0.05345605948807638,-0.1302250238975105,-0.2928685153751872,0.39211161741979345,1
0.9880757284599682,0.5227358930100964,-0.1927590048360793,1.7151910249233402,-0.33574441786942416,0.48966018120382454,-1.7443377169156438,-2.3031230539432928,-1.0179704920753538,-0.9929853667288132,-0.4362800813921148,1.7279771529954955,0
2.15357049232243,-0.09754554188459946,1.3718388679533458,0.39793440511956396,0.6495083722692112,-1.131235745639842,1.0259099981982431,-0.4572380782671815,-0.6971852022315668,-0.09905866931187711,2.3640795985992322,0.6418988095072186,0
-0.5360933014668176,-0.22889332018533404,0.26058854297235423,1.6134545587237021,-0.5840127628027779,-0.5422710664026905,-1.882255549897854,0.4543834373065959,-1.051423811056342,1.3294928672028856,-0.7053938131611948,-0.04731196696770213,0
-0.2622325308570214,-0.020898863189754938,-1.3991945762587148,-1.027258126061795,0.7895669576800847,0.7527061518346488,0.36927406236753996,-0.06304767890484313,-0.6808770798526698,-0.5091085980370518,0.04378136940041239,1.3611969087405074,0
-0.5800750008133349,-1.0578899673265123,0.28182952262963407,-0.5822042173309001,2.8602854517476723,-0.14283187234874006,0.21092330263546158,-0.45044588714549383,-0.8185783505100133,-0.4964005438307647,1.1095253207885551,-0.23569985287509243,0
-0.838415160376886,-0.275494399411784,0.16517995534448757,0.5246773165152915,0.7085296212061,-1.694951557197664,0.13406620771184283,-0.8545922018048281,-0.28349234316898303,0.2503321560553962,0.19484617975451643,1.2325299546296893,0
-0.5640963941308833,-0.6010674071026132,-0.06492599269770781,1.0260269290408475,-0.9716784985590318,-0.8524481505125274,1.3665083977918326,-0.4914241668270362,0.8748746312989907,-0.11869844093666244,0.2642327401486933,0.3604120142965484,0
-1.422126234752221,-0.44008149815791714,0.22132649046548372,-0.06403726824858018,1.1111599850802165,-1.4664155066156443,0.49408888987130145,1.8780444101652618,0.6852551752002698,0.7890466876447658,-0.253784340439261,0.6825209685534923,1
1.4106598961078431,0.3788075901140355,0.5240606531079178,-0.06288029435275358,0.10449250288785905,1.1897271546251125,0.012330294974098212,-1.181472855774265,-0.4234201561086369,-1.3282236911384453,0.7935854662287471,-0.5945802295572282,0
0.5791236127462044,-1.5233379065203787,-2.1789539166143688,-1.3250620316159232,1.7220694431469197,-0.5240530349854176,1.612053982927972,-0.46731202005937705,2.6483250150759696,0.33191638261087386,0.7364902299616016,1.696564329293775,0
1.09570145644366,-0.12076217470981948,-0.20742845481098338,0.41517061933600496,0.7483114337821711,0.43475708493877824,2.0723476499493705,-1.2637712512568804,0.4724936320630339,0.147231352027389,1.5250579625940994,-0.09848871582766855,0
0.34726741078404094,-1.2678410314433561,-1.5312603844222812,-0.25081780385116736,0.03743954049209674,-0.19982686030256863,0.5224760218457778,0.5259070655821493,-1.1837987751915002,-0.40971170450465466,-0.15112429729723978,0.566403626708335,1
1.1826610221278453,-1.567611146735002,-1.9540300354001754,-0.7498396417759946,-0.9884727600566855,-1.6057913280360554,-0.6505622000498611,-0.7909412212834491,1.7056309629713535,-0.6679811396849995,-0.1493551179943857,0.7144204594158531,0
1.9517829678620158,-0.07809084355721717,2.6345029923904453,-0.7717311863886946,-0.7350524487233144,-0.08905485164645191,-0.6204598085530565,0.06947894015514593,0.30014343259050813,-0.6404927204869765,2.409199110700104,-1.8420903830582915,1
0.5109863661189491,-0.9152611254309363,-0.1090942137397511,-0.18932013040354123,-0.6741790035576342,0.48553662247465096,0.36732771405388975,1.1354810089192116,1.3694616852585058,0.35144327386181345,-1.0000337563103057,1.0470141656750351,1
-0.9558706990051106,0.9640094576098093,-1.5280248436212285,-0.027075109565795705,-1.2049992806229906,0.6476117237694098,-0.3580526360357735,-0.5563120068129527,0.9526305177750499,-0.3353948309445437,-1.072953046314525,1.399074835149534,1
-1.1340245770376804,-0.7520700462612582,0.6674684348191211,-0.04235870054523841,0.7055376425989427,1.0219091399051352,-0.401122899337849,-2.117336221605927,0.7166795082685177,-0.6284503212109388,1.4610916268529457,-0.17036383454787118,1
-0.24279244169377856,-0.5473775559340822,0.17591715337050218,-0.8053399837472601,0.8932332109804207,0.7016785213836194,-0.9600586369113976,-0.34260489547211986,-1.1853980828100796,-1.074952629779958,0.5991729984437224,0.48073446880307685,0
-0.9993461268292861,-0.9895396440565167,0.8067172021497634,0.4265009414709809,-1.1533341650047448,1.0649496703571522,-0.04970539327037148,0.8859566906890888,0.656026342677448,-1.070737981609405,-0.0557841756148438,-0.9017614769859809,0
0.17328096775377927,0.548912526294592,0.5325407028127126,0.732117467249202,0.3839180942070074,-1.0975013289549846,0.6964647776042159,0.9314169881351523,0.3815343573387781,-0.14109677829963066,-0.2817637641742384,-1.368189930665356,1
0.8875193225337003,-0.20139788509656165,0.6509662746114601,-0.6995559777757522,2.3399431462886,0.6981452307306973,-0.2529859158537888,-1.5064766450867442,0.5564331855877586,-0.029226947960838297,-2.4205603425894098,-1.0135260130964607,1
-0.45643351792708686,1.4909814329670876,0.0826671773946334,1.0609751395096172,0.3701577005324163,0.8287517101853565,0.8369106167057432,1.935232796763828,-2.2779411980023836,-0.06232730703748703,0.5395896164137175,1.161405593174069,0
0.282914849098884,-0.6464413596306933,-0.7457354050825811,-0.34918805628911603,0.4328227912499135,-0.00558930863556657,-0.28020320476808136,-0.10680841996348137,1.345070256419681,-1.2333094629106713,0.7120435376281157,-1.3828118390725694,0
-0.18691813630668702,-0.5297248355016755,-1.5583043918381367,-0.9288243488212248,2.1406818587693586,-0.12799460525592216,-2.9966645299050567,-0.0005690491679378821,0.9392024006726923,0.44063770462021756,-1.2595542694021744,-2.6010709045340827,0
-0.334485588294609,-0.06139407676934188,-1.3944364517785892,-0.7148231746385252,-1.4755342854263493,2.4257920266459125,0.0775846696093967,-0.948349610113789,-0.3266606975225774,0.14248304409818963,-0.9470638081636257,0.16172931393594034,0
0.7213836898860548,0.44146338438861393,0.5208408061768767,0.34432521670263966,-2.681279764986349,-2.4483479661921246,0.7837233615461471,0.3673147420658513,-0.3287325573319954,-1.3947563360403283,-0.82128343214019,0.9631781664942659,1
-0.1221140122831857,-0.6161493823404333,0.061391190643626414,0.19859730570553996,-0.27665824303077113,0.19268502741059138,1.0554528025662673,0.08105743695566713,0.14649743850010127,0.12718132033785418,1.3051022781915045,1.0692653332847184,0
0.11232923537821381,0.8200822214790596,0.6983864509156587,-0.12205678752122431,-0.14666103844215933,-1.4093751756810864,-1.4608598301427398,0.8607072281062338,1.9192636120717508,0.4012806861696939,-0.20099172980925917,0.14757820793593027,1
0.10267815216794111,-1.387069010646498,0.6567486594611381,0.36343533214013624,-1.8644379953733896,0.42612853796279987,0.5903365855887562,-1.4499383744842531,0.8394007578182683,-0.4167465839452864,0.7937371597181484,-0.17520755220042752,1
1.7355054249550776,-0.18764549545839315,0.36574829463105163,-2.1175156980918413,-0.9618406735887016,0.591409774234946,1.0668216890890083,-1.7651704003931448,-0.31280544774598273,1.424014496585092,-0.26459987069320573,-0.6006934780741102,0
-1.572402349977927,-0.22346108698693753,1.0148481383968038,0.5868690878194408,0.3610897816011983,1.4650062461817541,0.7790553104553787,-0.08034561790415115,0.028786143272182308,-1.0187610087731571,-0.5791473440127501,-1.8966151289297035,1
1.0386553947524113,1.8641688097465081,1.9431849946388644,-0.19923718774530202,-0.27285126177393293,0.20814581259868206,0.8035345265353913,-1.7272625202957579,-1.4815943084499166,-1.5469671903424316,-0.458075592358756,-0.5516526262436212,1
0.9784704138848804,-0.9856625990732606,-1.3639849530962795,-0.39879961808043396,0.09810167721733462,-0.6982865312316533,0.40646743575905137,-1.3319460906379506,-2.0044223393274345,0.5548863071626289,-0.3605767378751857,-1.5129578093388578,0
-1.2403948202412012,-1.2254077214010712,0.12850009084908864,0.6275482204050257,-1.076263828472707,0.5632329438675385,-1.4889784113031326,-0.6147582604427503,-0.07610426698180282,0.7849292787078087,0.004809753548662009,0.8640008497698776,1
1.822311510764252,0.9884226868714114,0.2521287945504133,-0.8021852492462306,1.0147529764599077,-0.7285876924792197,0.9897896062913626,-0.2606489045331917,-1.3877696361531142,-0.8727231505166618,-3.1251227304064835,0.3807781879763782,0
-0.8505264600131651,-2.258579085808808,-0.10104799935683964,0.04714649780103009,-0.8056216118155402,-0.7153937928685965,1.1606817318118103,0.08812012192911488,-1.9316314208113725,-0.2271668843210529,-0.29335263935737915,-1.7875593762644775,1
-0.6032732527729725,-2.116574731123645,-1.7361892598561441,-2.099401106457985,-1.1065090438046177,1.4760095424806627,0.493114421645465,0.5241985148430892,-0.4004465284003724,-0.2777173952834716,0.9006470329965328,0.365520937015855,0
1.0034403752478644,-1.1176389039583792,0.742393071050026,2.0342779050227415,-0.5039022008205187,-0.41768625588332586,0.5898501805199278,1.2459276181577967,-0.40002527339629856,-1.7650640910551527,-0.6935013570448433,-1.0124087013976553,0
-2.730828714729142,0.7871799820982408,-0.8685537501813491,0.2722020952776184,1.7310619076787306,-2.142358430717058,-0.1274844112663201,0.3746551487504402,-0.5427146043645334,-0.07476094565303547,-0.18496224181588158,-1.5839370796671879,0
0.9976902738277491,0.21546479658892245,-0.572776566702755,-0.9433775003278011,-1.4340517593791349,0.28556167118781783,0.3372130899245044,0.5922224237919957,1.71908385978438,-0.028892544892069542,-0.1735559044175011,-0.920901888555786,0
1.5367687353407833,1.9355046526516422,-1.9661160601491154,-0.6546987068839463,2.6037294681405463,-2.3333160643961195,-0.870301374427707,0.5089961660334509,1.7879870746673212,1.6998313686684918,0.357950885921324,-0.10254653262653929,0
0.8611811744914287,1.0014704070904508,-0.36087320446754306,0.8358795384739022,-0.3061665907433492,-1.4254729682956704,1.2391039138028306,2.0984406178799797,-0.7218022862326823,-0.8724899593505737,-3.4034568447842353,0.5441681135824454,1
1.2933220928736957,-0.5318572159050341,0.932162431808684,-1.1476921615776923,-0.8497063456753633,-2.3793047996872354,-0.001100499744298528,0.06343433632554114,-0.1681572775831098,0.790719437541211,1.4964135178112572,-0.3298950480913259,0
1.8944345146968595,-0.2731553168217452,-0.3115520755618236,-0.1740629807588357,1.9822385576049226,-0.70659840004574,0.713827401735848,0.033803943515334764,0.4196073294971922,-0.8429891836313319,-1.3102695456812143,1.0428949009637847,1
0.18153331719244184,-0.7051214879878639,-1.8508272397609085,-0.5585036863883484,-0.4657007131352019,1.3721319328488168,-1.4133756583307169,0.6788749758232133,1.3716113935862542,-0.7765495852108582,-1.8021110436150023,1.2466675039339548,0
2.534211339154776,-0.7979583663220633,-0.5308609320935853,-0.769514804858472,-0.5317797534698433,-0.29940313271777297,0.2714935610023492,-1.3748163190562432,0.42940471084203935,-1.433236379920924,1.3621091526465972,1.7998857644956407,0
0.7881600976708371,-1.4343553362744301,0.39310364091081207,-0.41359747948061676,-0.21506466572902774,-1.6424411541528798,0.10641766669622345,0.6118744940362806,0.8262966174913038,0.8490323029902531,-0.8166126084116786,-0.2422554945258803,1
-0.22911209607844338,-0.07835818061350994,-0.13892016835953652,-0.022762221701085904,0.07462328710660586,-0.4490066716341204,0.18072475166788343,-1.7493086359714527,-0.8541256471839322,1.0183648720841194,-0.1454916339687352,0.10850968059713442,0
-0.7419740654458479,1.6064766684967593,-0.45909215600090586,-2.8351947909121744,-0.7470279144472396,1.063104606755206,0.2327900097064258,-2.0210259992901842,-0.38911054631530473,-1.6768044411218475,-0.889728857019741,-0.8903151394458204,0
1.6328538184182546,-1.0868632241800544,-0.9147475820861111,-1.791146113207288,-1.9461754463609373,-0.8200689759922408,-0.4825033174421273,-0.20779362563699205,2.009810609271057,0.5582983034141767,-1.5799983019687496,1.3462074751928235,0
0.1498720623142387,-0.5808806988326407,0.3657847627488987,-0.5615568548722987,-0.4210751457499695,0.27099866806764444,0.820274847384694,-0.5702091882673435,1.1811313402942127,-0.3561807585390554,0.7231712485689067,-0.40891953798100655,1
-0.45434181685986175,0.7745506283517378,-1.4727244170862626,-0.1941845990563746,-1.334891891932062,-0.07917147611555708,1.7192951423282898,0.39894276972656645,0.4740610321547458,-1.258563128877342,-0.6926135001645493,0.06986758867785374,0
-0.7240690501690382,-0.07107636293633159,0.8313351450797493,-0.3291648262417737,-0.5336404591771062,1.5210806721264258,-1.2773170000928376,-1.4135943579273036,-0.29233244415465287,-0.9844260186491207,1.1174755781715182,0.2809663331849571,0
1.0662138292004752,1.4107199738494858,0.5763363951170573,1.311893735568083,-0.2554171608463263,-0.030150767956803423,0.470471875813422,2.007912335468226,0.2405935066690576,-0.49996778739874403,-0.12191580009300244,-1.754578366736826,0
-1.1527160326667392,-1.1774174693236756,0.09033638946942951,-0.04251604367685628,0.0880135448138433,1.4297838655079336,-0.0848940733217517,0.6893341464181413,1.1429355283101017,-0.8179927123362795,-1.1248537105080663,-0.292665979894037,1
0.19327033049770825,-1.3727153507772092,-3.1177359720935574,0.7806079216436903,-1.4631227563336289,-1.08708768549652,0.5752913894754984,-0.9863129684947689,-2.3160414767172375,0.05502075671412563,0.6009673786929998,1.258968226089752,1
0.7178827289368235,1.2704726450685158,-1.2546090395029923,1.778500607928413,-0.9381587127225205,-0.7638929652072618,-0.06755998026318942,0.09003597773158833,-1.020942016287481,0.5680222838146041,0.2734278395496897,-0.2070584823655387,1
0.3294859633136063,-0.6434281015392992,0.5686055667454131,0.008489814008920524,-0.7639974901785129,-0.03373259438568433,-0.3740104390731278,-0.7829094487717573,0.583841220676509,-0.039556631960865944,0.7743795053322117,-0.028272232905757973,1
-0.17285755976623182,0.296039486847563,0.2106150952501256,-0.49692853917599783,-1.3775837369652555,-2.264600881735647,0.6483646727204467,0.08554026559388359,-1.0198248586952445,0.7572793607115275,-1.4867827405041374,0.407600099849344,1
-0.360052762894791,-0.13339164453813485,-0.47226578004107583,1.046589505924476,0.7808917842291748,-1.7628559905516514,0.4161588885769422,-0.07392917219323872,-0.2168102306908433,-0.2119872659293154,-0.6979435273312382,0.19749780124996635,0
-1.3239735296745456,1.7319042048712427,-0.6093123639418655,0.39597306823637785,-0.561765416519963,-0.6694667727075695,0.542645490943305,-0.13303257730895263,-0.16062555682509413,1.4077918821345665,0.3072735032908669,-0.9971980150568405,1
-0.7442086270172236,0.4821162575767185,0.48547407795768127,0.2296691968456616,-0.256099844219349,-0.21243669148970337,-0.23490619995864936,2.0757790114848,0.05274950795881798,1.1726681859316719,-0.3893800324699476,1.191318201865098,0
-0.491715820723544,-1.19985528736614,-1.3842737297196,-0.9697182782263708,-0.5811719901580594,-1.3619979717317403,-0.008520547691035696,0.4826457852373498,-0.3924282203308199,-0.5352013871190288,-1.1037879561064692,-0.5208653173794607,0
0.8129956421649729,0.6762223568879945,0.24345254043530784,1.0816034735010627,1.4264458524139145,-0.0031835774583115757,1.3994006652340611,-1.163288315734521,1.2606488019307476,-0.6836655986232915,0.6485612675880127,1.0348854210539775,0
-1.0053706379128533,-0.4386746934776478,0.8729700716024716,-0.587481928832666,0.8346103061935931,-1.6345893476227313,-1.0867071175427099,1.0881331779655796,-0.9358902603859917,0.44364804519152157,1.4553688531796545,1.2246211059492313,0
-2.1118503928087864,-1.5403885209460773,-2.2782156670986664,-1.02628265671055,0.47210590162045085,-0.9774606979572723,-0.47381470195586867,1.264085055559288,-0.26250199596555435,0.033792010741782126,1.3726656757187377,-1.1537356382145048,0
0.3828030181103225,-0.47813827031806905,0.5344880537176018,0.27967608850015685,1.021326597122522,-1.1716634343419676,-0.9483979565823968,-0.3543305813058749,0.5501276740239183,1.2573707361112123,-0.8379100927930908,0.5051484457322811,1
-1.3651591730975754,1.0386453679553291,0.7616672590277248,-1.2640690971218063,-0.28132454281854485,-1.175772969455731,1.2421546187212384,0.16267379205055843,0.34388837615863604,-1.8465222688133895,0.40971022390789075,-1.1077743981806571,1
1.924431463375086,-0.08134463827343197,0.5082216056007918,-0.3692174999005542,0.7960176695180006,-0.09009369528916468,0.5055568153344238,0.5786105285458588,-1.2801455664567414,0.40239538198618674,0.5885134840763886,-0.3856778438435267,0
2.168241172941697,-0.13673151300283837,0.8396526249588134,-0.8990221032271771,-0.22218012489746786,1.2480140762139795,-0.31962838699497975,-0.6760264513512477,0.5811259707995535,1.56097889767476,0.32793703430502374,0.22460297225238238,1
1.2002925235950326,-1.1112457911411902,0.28117738825841515,-0.6889238298207311,1.1856335601367414,-0.17806123356106746,0.40763421250326337,-0.5117837287116068,-1.5108413150631015,2.2744715744345645,-1.371615981760954,1.255416530596636,1
0.09659345196684853,1.1371241680549622,-1.0892093479051694,0.10133044880405657,-1.4107530391928127,1.4180496824123277,1.4044535071414705,-0.9793752232788727,0.3990061964037209,0.6342554134828794,0.7197054419737093,0.339053080771563,1
0.27466454298467086,0.4651303720197857,-0.5538375754725336,0.6857721090037618,-0.119734786214114,2.0094201036692,0.8781086087707238,-1.1923913851628607,0.4337503580084622,0.8474237511996388,0.9482190278378675,0.5617884660925504,1
0.8705763520541061,0.5392243305586727,0.020963169750253904,0.23388978319177797,1.0859644305529899,1.563884553359811,0.7983660187639262,-0.5224654113996726,0.4929319913838233,-0.12324788476829288,-0.3264834490668378,0.30948509482823466,0
0.7257485825415642,0.8824624822573088,-1.2066084878627867,0.3872714910669707,1.6627262050647416,-2.3723349809961016,1.3049000958505936,-1.358302202324845,-0.5669316248656222,-0.5114459668635897,0.9837051379438919,-2.724282405931108,1
1.0777739177317278,0.7796787478347936,-0.37274500327711674,0.8535447580154761,1.1298318624711976,0.01276564466380755,-1.1229109197991434,-0.11372981938634712,1.49257439953963,-0.35717738936662713,-1.6211891636633133,-0.19459342344534183,0
-0.15184659049099755,0.34322761661834206,-2.1871812923750626,0.2874689235709549,1.8188638986248213,-1.0539032713694632,-0.9526694844951806,-0.04499141350722255,-1.9018205015530403,0.0812490399080058,-1.1300186406158268,0.4649864513520134,1
-1.3372793523434503,2.1936319925286982,-0.558115656429408,1.0686144505724617,1.0154032336625636,-2.822834879135573,1.253575531379374,-0.5443799987186068,0.7485372212462716,1.8911267674659513,1.3776961721688123,0.5813285328642817,1
-1.3428070065114825,0.5227839550978803,-1.035080545085315,-0.2670077918583016,-0.3212088889839167,0.42381267073472634,-0.5812154618846945,0.13052398681619629,0.6776610208171936,-0.31261740157119666,-2.077483957260988,1.040359732545533,0
0.23555999460833082,-0.2700414005945116,0.01357574204558962,1.0976893062620334,-0.3353189215517414,-1.291748699722838,-0.6737213602721083,0.2537059934570573,0.20408672499247293,-1.552390158861786,1.6510972740228433,2.8866739003957953,0
1.6540180172156933,0.39013132009014184,-0.4550818799765379,0.8931253972275439,0.17830099935643515,-0.21708106469868704,-0.5528526457048615,-1.0743495040121815,0.34174904930375144,0.7893482728392524,-0.17583434803223172,-0.2829630943078135,0
0.6192250823136254,-1.187760185449073,-0.7702828493959641,-0.985761595185808,1.1293155534771675,0.8087166327196118,-3.165786096245231,-0.5453870449629167,1.2545796373661904,-1.0193947000520582,-2.5799470158908813,0.8980079319234295,0
0.43996963597494027,-0.914143968091405,-0.929346939917091,-0.14809717364219338,-0.37482970029012813,-0.12957872043458651,2.016077429015449,-0.2417169424186599,-0.8984361353473757,0.45525160908054413,0.37464856039662975,1.0985672311257908,1
-0.38047953980534616,0.4958679659752773,-1.2419716478867984,0.6155312857236119,-0.5279349757639813,-0.3259442897554545,0.3464186681082936,0.40619787509886596,-0.8334989082768366,-0.5684022373548433,-0.17338300013529234,1.4161047400194817,0
1.2078852147653054,-1.1456567325444134,1.463394129602623,-0.73831068404497,0.32715512122395335,-1.3987670118150992,0.20460751123805887,0.24631275743274056,0.47335729799744075,-1.1591903398229912,-0.44322183653159336,-1.8382048819545715,1
1.1802524948318072,0.3817858652580618,1.3043306213094255,0.17022877822826213,-0.5729170282106271,0.5931516031807927,-1.1103783919012769,-0.5759578351528164,-0.17235596853225618,0.8762471549096543,-0.4803600022266399,-2.2162152607314383,0
-0.042706652941259284,1.059659830442578,0.4290299794993442,0.37931783144934395,-0.3098628160817396,-0.07997705229346,-0.2857340133286498,-0.08217710537617179,0.6530982760548087,0.020386964671644237,-0.2699860151812219,0.8923195633500193,1
0.8144777795666474,0.9047589175425981,1.6996990608907487,0.6455471283938209,-0.27939769668682773,0.5151996442607208,-0.528533168846004,-0.9613359176023667,-0.37969404373091425,2.4139258391747997,-0.6069563124844654,1.9245597191616188,0
-0.681767333331086,0.2506082656714206,1.9452465678917155,-0.8810931062109773,-1.0042025640665702,-1.1843138269615894,-1.2703778473506193,-0.054935776655163686,-0.8826036961917021,0.3022044312131861,-1.1072615119418283,-0.10621779001979295,1
-1.0070032218856175,0.5721627723560998,0.11764882652566029,0.5253100997586817,-0.05868480710222138,-0.34964447335387444,0.3457499893566081,-1.1158821970318151,-0.7627336162886995,1.0559908087073857,0.8022019579882796,0.37933711759040706,0
-1.3259271012464853,-0.8466071359277885,1.286156509095946,0.28717368280110955,-0.3243630990473396,1.0618324861536979,1.7334949862034024,0.9424165042962719,0.82613286239044,-0.2390418124091004,0.9986975908950514,1.6361007513094905,1
-0.0054312792379983,-0.47655416383892335,-0.013880671630444551,0.13535183672041015,-1.3520980274363021,0.9900999877798333,0.20847804768140396,-1.37641982479254,0.014826898136186189,-0.9704582357110004,-0.7512507346953885,1.9421231964538337,0
0.35846977476400177,-0.4101302587496744,-1.718933146993314,0.30786660788055,0.030269063347972455,-0.3317160515585548,-0.648889455264456,1.2743136230429004,1.1045626558186343,0.6015093763209965,-1.7383725094940181,-0.22904294527845348,1
1.4681801007454183,-0.48448142224947094,-0.7098911515275834,-0.8165437136065986,1.3249100500785547,-1.457360061149186,-0.031207549265582602,-1.6204736693384931,0.36202258747852023,2.248116506828086,9.979596420581394e-05,-0.23273441771421646,0
-0.4179692940119012,-0.13277544767402946,0.23944594759928417,0.6653052623323767,-0.25580950563272586,0.5436385089164109,-0.10773733883983647,0.7803873313683748,0.9100263707599769,-0.4706133301999546,0.7697317849699695,0.4796272048956516,0
1.1861136461262838,0.7972812007657091,-0.5752239645558059,2.3110293731406717,0.18656444428486854,-0.4919885185160474,0.9186931623987055,0.4664551778229253,-0.6825940752060536,0.24585421598373255,2.1082192651404097,-0.8240998942872004,1
-0.818570114993494,2.0880493225976378,-1.22619058385843,-1.0451254842668647,-0.014038487396564357,0.04155726862045188,1.696514037910837,1.750637964765291,1.9459414015642233,1.1373741313859105,-0.836949129352651,-1.2317269501835948,1
0.12137280883083391,-0.7341474573020016,-0.6552205030965873,-0.5206981899850075,0.29254992138258973,1.1909897962140954,-1.1828176228561156,0.20046019456591405,1.926887714470559,-1.9276299582995682,1.341336948247641,-2.4553910966764376,0
-0.5498862996304289,-1.2775794041501918,0.06495452184092569,0.6948665197863289,0.8690554350208699,-0.9771677615621199,-0.5374636536547125,-0.44139184634870415,-1.0585967012297524,-1.0323798414481395,1.6623605854382293,-0.610140497974304,0
-0.2561801433606768,2.7019098065215728,1.6609044802191675,-0.8623703484581885,-0.2730571610961272,-1.9960699717824237,0.7882966267949103,1.2562433177649945,-0.0059805330642228845,-0.08888730282759351,0.803208731553382,1.543476942597581,1
1.2895816992998947,0.05643154147896216,0.9565007247113817,-0.4650902684456587,1.3287596952989622,-1.8412871615987287,-2.543275703169538,0.5638349444078002,-0.37115206376997284,-1.6766542741744652,-0.3401228564669294,-0.8263759221429441,0
-0.6685300114455799,0.12165183076526119,0.44085286823213127,1.5921390167242124,0.2130372609927472,-1.5271964076974898,-0.39872127907327,-3.7213278942533585,0.8730479273570524,-0.37722018095365967,0.6845069681033201,0.6555517378194098,0
0.13785565716547798,0.8483722605244565,-0.2656280069500306,1.0241373402441138,-1.1469546345722785,1.0828003672918667,0.46706796942738193,-0.6263137259964325,-0.05274132000337304,-1.600471784971426,-2.356290262862792,-0.02608282311306982,0
0.10701287444586165,0.7246814421484286,0.5875278685980424,0.32672002052967847,1.5352280685231425,0.9039899138487121,0.09770720633964107,-0.011363629550856269,1.7401808913653016,0.17654443899526998,0.27524704908756087,0.26273986405277416,1
0.9760131338711617,-0.8023700956577879,0.06898279901952699,-1.2250250685940034,-0.7572373610375638,-0.746762756078381,-1.0624648354608757,-1.1049780797080264,0.6330577362189864,-0.25296616209057954,-1.149684025764295,-0.3383299755327109,0
0.39366752837519303,-0.0009860923726302973,0.5854680477552863,-1.6190781043765676,1.4160322169054185,0.21605629550573768,-0.8856554994300952,-0.877427805724853,1.0475532271235766,-1.8083833891415722,0.27003196477974206,-3.174643753108066,1
-1.7504280114001323,-1.386079414961,-1.5886028048367455,-0.269077527240178,-0.20584500315484916,-1.1383406551197546,-1.1200673582589515,1.3767617538902057,0.05995873406647574,-0.9809292792958723,-1.276622271473844,0.09281554079471314,1
1.1368948705125435,-0.6165908002502438,0.6269755547918308,1.735904551279726,-1.2409407019286607,2.3115910022477877,-0.40396458708622357,-0.1602193301364229,1.845504099915781,0.6728670668445406,1.4457049552111154,0.745589256882035,0
-0.999033082459959,-1.0284529007435357,-1.2581391906044217,-0.348351711839418,-0.7336011543603821,1.4631345144076018,0.15834460266830427,-0.267450808220799,1.6388109913275002,-1.6481534145436687,0.9254049508074632,0.553479551904394,0
0.6086242335578814,0.1695453753602691,2.9323313653120566,-1.4717233246940684,-0.7522818487720555,-0.40036146560709845,-1.4399743682932356,0.892306604321686,0.8272098399876842,1.468237462244505,0.4523465007457141,-1.7233992841594568,1
1.7258469560843859,-0.7661715133892657,-0.2925343276542673,1.1570140118938648,-0.5550661912054765,-0.9571342680317253,-0.7001604246334676,0.2590447332961006,0.5849904248263825,0.32686803991013264,-0.19677019987491168,0.7256178443786075,1
-0.2854070471041138,1.3165056235684371,-1.283273533771267,1.653994000298194,-1.9757161961533467,-0.4905156385138674,-0.7956506360606713,-0.9872460216078578,-1.141451799719028,-0.7813814518711318,0.709716801405138,-1.8549279120437245,1
1.878468748960782,-0.36256932379990753,0.10728480008704236,-1.5032921780908877,-1.7158921215562981,-2.138778955467334,0.7783794102834274,1.6155490911959576,-1.739117330441499,-0.2302481687367253,-1.056277662508391,0.24836038412168052,0
-1.0462875613490208,-0.24085554692517774,1.0665438092151047,-1.4183416784530964,-0.6755390795697698,0.7326945652309874,-1.341420510272375,0.8394653218795314,0.802090371791007,-0.16361022486504645,1.230698355606682,1.6085806170063588,1
-0.6180377598506109,-0.5777478482747216,0.5336965780690667,-0.8746992109823094,-0.7882989105104654,1.58576459400728,-1.0793392120231717,-1.018670468888847,-0.001223707917729235,-1.0247187826642734,-1.089721570354585,-1.8872414633360868,0
-0.6882543059809355,0.2842582029461008,0.42037840840348945,-1.05080145449092,-0.9149133486103446,0.5338835487859314,1.4791429562126377,-0.9632855554604817,0.9315210734251994,0.4759720163386711,-0.3917443194670397,-0.8126604679449787,0
-0.8200677764106078,0.8252601456926565,-1.1180427725777085,0.11432701999653207,-0.48110743492428376,-0.6761614666461816,-0.7872377530419967,0.9711771691169453,1.4212027073034517,-1.8517080289964982,0.21219929699758047,1.5953737969760078,0
0.9350267307536082,0.3532185204233655,-0.8538575672534329,-0.23996619821068085,0.21748680812365284,0.41019223836970675,2.1127245654837443,-0.9993824776576475,-2.357579507318781,0.8391212582723773,0.2393608041253632,-0.2883546516243304,0
1.659464645404801,0.7189615767737766,-0.6080699547815448,-0.5935712034332138,0.1703315081364334,1.219376187766875,-0.8879748714820411,-0.10291990227519154,1.7199798725313407,-0.6236041546880295,-1.8827848821142101,0.5444993632376994,0
0.19015750172067752,0.8340565607196861,-1.0615432756754635,-1.138322726198861,-0.1769282266436211,-1.0523286055657988,-0.10114765764579303,-0.7355393404408291,0.3561472627961882,-0.7628315945274221,0.9996486214838554,0.4463929520837325,0
0.22323931819579104,0.6127199804941494,0.029057506290489553,-1.2140782941308772,1.4267656025698345,-0.6365160297679723,0.591888542110206,-0.4176628002928767,-1.1355326880787275,-1.6811526766283205,2.4442156664725245,-1.621434699901999,1
-0.10232285102426773,0.513941207292944,-2.263986277222775,-0.20297097556035537,1.3287944541948562,1.0046030014584484,0.7989715974174135,0.0666354659778177,-1.2646071664097638,-0.8080256037981319,-0.9893527386022025,0.4564529269024093,0
-1.7887224678844154,0.7817587218430804,-0.41093551505534437,-0.8120462529381992,0.5250349665361232,-1.206061417227588,1.0830796702265753,0.2555272965974187,-0.1008668528046441,-1.2338414084068767,-0.891588000578843,0.422774231916296,0
0.6769831141536016,0.6734871505101958,0.14434819380528868,0.7770124791469871,-1.1862488710348298,0.5770221317252945,-1.2199917055618006,-0.10552700106405602,-0.2595922350636128,-0.42560952623155035,2.141155688027939,-0.627058527791237,0
0.9736828545944497,0.010681852328218047,0.9027637026604428,-0.45074020780569585,-1.0919993942671977,-0.1939199777014218,-0.03263482091306531,1.1166385077902539,-0.28882435974648835,-0.3334009814151673,0.20413430293787957,-0.6055420167416004,1
0.32246466669000085,-0.09461323363212348,-1.6112546686572762,0.24328461029937978,0.34398508614003376,0.06414914052592519,0.10564893084270395,0.3829643846880265,-0.23473208169777202,-0.15350364800466398,0.3969791087515662,0.38219370874844494,1
-0.10793434728150672,0.4544427194339504,0.4266939530122734,-2.5562673144700065,-0.4538739743744516,1.242875658997609,0.8252212363554193,1.344289440369578,0.1185951006662722,1.4586453951652443,-0.5569003422368481,-0.8586434610348943,0
0.15271866649833127,-0.3287379945439834,1.351864843821499,1.1052600307630132,0.08647200843961743,-0.1577620542375852,0.04102172644947346,0.4540061973852726,0.42371906471614673,1.2112360923217225,1.2861760819587063,-1.5729871815383416,0
0.48215913334792815,-0.43487927448024444,0.6507063210304852,0.8854313895644893,-1.2910859486645903,0.5522330220574277,0.21699481066681406,1.0350426359124298,0.6876589427591454,-0.836192420098188,-0.7430363782502925,-0.9742241020466957,0
0.37862054956789315,-0.3550280833864276,-1.4868092214243898,0.17189195414157232,-0.8484423735460352,-0.19691199802867615,-0.34943348759537846,-0.9536858054579932,1.4089035942058976,-0.4470283179181635,-0.7988446097508505,0.7878071612333454,1
-0.42776524286012996,-0.4076855997036562,1.5800499328469066,1.7799962104349647,-0.29961219482457324,-0.7416652799720636,-0.017895799864531877,-0.5580081098092211,0.4475216834124214,-0.2962292063359751,1.0001346908386952,-1.0644233217179246,0
-0.16069849234376318,0.6268364496601202,1.1491948456819183,-0.6437189686550586,0.006701674641676896,0.3343819884460346,-0.10243595008523121,-0.10987083426801522,1.579129205568573,0.8726314889216712,-0.18603940904523444,-0.810450095895718,0
0.5409153002011655,0.2664957270997469,-0.3153634483367097,-1.3010214750560416,-2.2850236554371395,-1.2527332743512676,1.3431299465082016,-0.9454386414079665,1.4584606107756917,0.4207203124002381,0.31651410556663123,-0.357663850545611,1
1.3932346532841526,0.5350548231415779,-0.11771077375577743,-0.019149780165356622,0.2112303139643036,0.38642251206535044,-0.27104155018008164,1.9344567714185754,1.4002799948262938,-0.2932645683634169,-0.10610935828234361,0.9804737032571343,0
-0.5789896678951937,-0.18138566572858708,0.40879090721935757,-0.006065717884667802,-1.4200937674647456,-1.2825795182028026,0.24888238544988586,-0.10838785001872785,-0.2731552068318691,-1.3157201156957783,-0.2486055220130888,-0.18923504933813395,0
1.342745111108407,-0.27874589834351365,-0.0074780048873098895,-0.24612535228147167,-0.8117356265594987,0.01133793421883367,-0.16917127212469363,0.25411921153971134,1.4189285523079376,0.11639198486623148,-0.12283112360737489,0.5608186094875299,0
-0.06115629120098068,1.073910599519527,-0.12080688248963337,-1.1792550365684862,0.7198462260680818,-1.0017018101488369,1.5597451529101642,-0.6330922711858438,-0.6262588789219812,1.319427198796876,1.1528154855301382,0.6872768347276719,0
1.0408908911501928,-0.6900273928109969,0.9578645390761436,-0.5508434062431653,-0.54645623144713,-0.032203707524455,-1.4375189751948394,0.7957918823052609,0.5821205762594799,0.2896925121943988,-0.15883850968711863,-0.25860124471095763,1
0.4618706435554578,-0.10935143882428815,-0.9275871055855687,-0.22656083281072562,0.4351914627702598,-1.22487996783635,0.9938282165854035,1.1261818321232009,1.4724112579898307,-0.2771795928149047,-0.24002435416666099,-1.32558978341697,1
-1.3743804221442704,-0.4661929899490311,-0.16555499119852785,-0.7277361574006986,0.038398744054916764,-1.1701797200481183,0.6277268860064814,0.45563882835414027,-0.7633599269093257,-2.0582945598263596,-1.1133759357475221,0.2616491443944701,1
0.4297053358611349,0.5073805233560577,-1.9757925414848687,-0.29333281919855947,2.1677717798654426,-0.04279924196173044,-0.5535238817420101,1.7797300842443742,0.7567079470413508,-0.3599255693564162,1.355040982416337,-0.3589625201936664,0
-1.3894965550602048,-1.4286234572006036,0.23682970130125489,1.573393082810115,0.688231492725006,-0.49394559207212607,1.426379032259054,1.378414213990416,0.5731268859854659,1.2463749389396541,0.8139707235659938,0.5475917825157061,1
-0.40264802858440546,0.5928397319823834,1.322017519623638,-0.8086679779773802,2.008796445628095,-0.8886836640904557,0.9252443190081142,-0.9936802775505793,0.5101475617822017,0.104950511973476,0.11297117345186172,0.7810451169255453,0
-0.6364373540771618,-1.4250695623559109,-0.5193503218168588,1.578105142837995,-0.5441624793231155,0.6712091447899804,0.7095517331844235,0.6754026903796847,1.3727004719870766,0.5067788885356396,0.17710026507410923,0.42476331341844026,1
-0.661501450392697,1.825596719453155,-0.749033257872458,-1.7681696263808315,0.7500030411067972,1.751426164625693,-1.7593913717077878,-1.3856726282204543,-0.2784351947725662,-2.809927026350482,1.0287824259332488,-0.18447766028815255,0
0.042412300085334406,-0.3264518367174575,-0.21863398853003657,1.1739185994961696,0.26421263629059466,0.9953624632592386,-0.8987447850481975,-0.706037319744591,0.029356925489082725,-0.06571308260402049,1.176651247241767,0.6272036357689565,1
-0.11459602309945216,0.3047541911450228,-0.8106213509836852,-0.9384597579336547,-1.519515153874637,2.418556164637623,-0.08418935901163908,-0.12313420032003101,0.4231968929802175,0.04954505064369905,0.2993722814351173,-0.180434096920985,0
0.975454997755266,1.6775985546448227,0.5997520288201424,1.7467632124379042,1.120478507862309,-0.4990776216433759,-1.0542247609037534,-1.9525082441272923,-0.15968094296197408,0.20522006523291478,0.36591011310494564,-0.389856160769971,0
0.7897010494579919,1.867584191229872,0.5901201097601929,-0.8054569342711136,1.5900833079715426,-1.3495012393124666,0.23738907606911963,-1.702559094408815,-0.8778088690959132,0.5107868558943038,-0.7415511237602325,0.0328124393837174,1
-1.007637233003381,0.7656864418652543,-0.9068905257023642,-0.37239150495650547,-2.7922692220208725,-0.20391239844329478,0.3511585914891575,0.31079328103920856,0.4780388077566827,-1.0999372114800101,1.254784443668753,0.4165912514926611,0
-0.6967738314539781,0.6735786626108877,0.8073702194618246,-1.9181582423412245,0.07824440805826008,1.1259406084119188,-0.9280383859664876,1.5444572894219442,-0.12932171309983978,-0.8990324915700669,-0.4241176091691585,-1.0191260165994045,1
-1.0496634457258491,-0.8118684112930147,-1.00674553437281,0.6245833670736165,-0.20500611190257004,0.07871560988496393,-0.271486840028098,0.10345745114229059,0.013175699066345777,-1.3266674063154882,0.7031962208676256,0.17586979908434686,1
-0.13930857614022976,-0.480057169262738,-0.8538281301428671,-1.4473009700867334,-1.088616641410593,-0.958375710264999,1.5142874770244539,-0.10131691009681536,-1.2854883212331967,1.4455264841201538,0.8338710897729597,0.18350288385478117,0
0.004117524133813537,-1.7560885879991945,0.23478324621247285,0.41827393606841407,0.4872824471955384,-0.5402023371372379,0.6302641247624793,0.7747227491946049,-0.9477737754478898,0.23769731921262752,-0.8638973782025313,-0.06430417406080283,1
-2.513965138834275,0.5010498875920764,-1.2361419941534721,0.718936497300938,0.6533569083305013,2.1030578652255842,-2.3575773116650467,0.1548520938423069,-0.680206064810233,0.014961459490351253,-0.8636123393720114,-1.8842892471851178,1
1.9422965980774498,0.16039520338357344,-1.11856196753853,-0.3552174539597102,-0.3119871365467977,1.069270483869548,0.009688863401405108,0.13533083895740436,0.21700963163669545,-0.16029533918500932,1.2982679567067457,-0.031148957997574903,0
0.867692602493321,0.413800401438508,1.3361482275280352,0.07442617395203938,0.1307395435291909,0.019780988628838873,0.4552815204746476,-1.0277306375929487,0.03784948650477058,-1.37380422905605,-0.10750495117675885,-0.31664659049444516,0
0.3533392482763343,0.5101633236286833,-1.1639829010760268,-0.3650860686737423,1.6824494954399944,-0.5159446256599303,0.24162063184230256,0.41691326746675095,-2.227126483228357,-0.5373010356459419,-0.3775836875247221,0.7779071806313255,0
1.1486485580977368,-0.772863759321326,-1.5724468500014843,1.8736182916797168,2.2035899615133707,-1.3036725756959895,-1.8431664037383257,-0.6291213059034666,0.014347559328697489,0.911870989811005,-0.4780348500593114,-0.42952143904360984,1
-0.20876043455529142,-0.7344471787331391,-1.926548562137831,0.12979524140097118,-0.860409222992651,1.8803681920635529,-1.7739243448407633,0.30164809932000497,0.19756968425824395,-0.44274050632216544,-0.2025496765074374,1.7624423915397074,0
-0.4178031371935534,0.7813494294789639,0.5802953970031174,1.6222812449093968,-1.4042385893068432,-0.344213085402111,-0.964912969824597,0.456405906139814,-0.8873822097294385,0.7007858738348309,0.055567435307851284,-0.7198421650132839,0
-1.2826627322609745,0.5719780892836396,1.5068316023640398,-0.36778425564798756,0.44313875488448423,-1.2819368665283895,-2.0572818024296162,-1.1865400191392468,0.516381595895483,-1.9750766934049309,0.7246552671937215,-1.3190231774618664,1
-0.46517050137352434,1.4614825963015323,-0.387373478071361,-1.1875583907546534,-1.1050874381014046,1.438208012983232,0.7930167174459223,0.4368441299306348,0.5309221838998057,0.7154904632539568,0.15791283961177807,-1.1984899392528832,0
-0.8640089000947427,-0.7596184240090961,-1.7347023130309673,-0.9631314691576814,-0.9878704464022194,1.787841382130026,-0.45409725163185455,-0.2343586464497169,-0.14306107816252636,-1.8584165887309627,1.6217245486326994,1.2463272497570066,0
-0.4214930456408565,-1.3438213379677548,-0.2031481011214129,-0.04056527517757219,0.3404924148013844,0.7520942892595943,0.8785908319138112,1.8198258582280058,-1.5170524378253996,-0.21616238703911586,-1.174026169078975,-0.39025776231835557,1
-0.5333612075957218,0.5821183397364789,1.4514501353711333,-0.8687159953305387,0.04685198815128906,-1.3262032194415423,-0.09655880464022495,0.6889649209295354,0.5968495733868245,0.5894096231844583,-1.2549309888105715,1.4266378832614237,1
0.012264559399299898,-1.772911362009652,1.5561227250078629,1.6539430872391048,1.1992612602555421,-2.2906273930564782,0.08788752915112878,0.7425257178688183,-0.624653283695539,-0.8083787115928475,1.0437086186062596,1.1081977876908873,0
-1.2244583982877855,0.7743235368868898,1.4828231144878246,-0.43958012100502597,-0.7775633558018652,-0.7841108400022015,-0.0011746267152195778,-0.10246228559746248,0.02548421443360651,0.8415305539227328,0.3397457216733278,1.345559593968049,1
1.3101669346793678,-0.24855119883404184,0.6474202191818947,0.4407917809369284,1.5015702979109267,-1.8369197975107918,0.3772747477886423,-1.8996495001393487,0.32847143960698877,2.3849413256221967,-0.578910335044776,-1.088221258980881,0
1.0920090070780515,1.9109484378418962,-0.7056931963844588,-0.08314879200042569,2.21475535437201,-1.5410811805753621,-2.367662490307549,0.2379328832536665,-0.7467210047783296,0.37886099421237257,0.9303271047127605,0.09727796505773846,1
1.8597897139942292,-0.10883779279399192,0.9038377839269967,0.017876224841135466,-0.003696854900807137,0.4565946491857409,-0.9389192543610179,-1.7100376097017034,1.1651064426731796,0.9196679409563878,1.0481013031126223,-0.36896619491810645,0
0.1721179900931648,-0.07331556391658016,-0.29133094129551707,-1.9500903643242904,2.2011415714391345,0.450378411197749,0.8769868048251238,0.05470723811153858,-0.4614753762427013,0.05882363635687729,0.4291835686949639,0.7563646101954855,1
0.08865606354768504,-0.41878632197898125,-0.10919096535359397,0.8294969676041324,-0.8336563122925658,1.1643318476845532,1.594708074117003,-0.8980698065023205,0.6839223387936966,-0.46521475276149205,-1.7463658229422252,0.48837901832629854,1
0.5762169053089639,0.253449589382367,1.1328192941153858,0.0544838511183572,-0.17197333652354813,0.6018494242544749,0.4975573359634479,0.5900758443732944,-0.6542987731517728,0.0829341333619501,-0.04651765033197462,0.5015653737239179,1
0.5033730748164114,-0.3744584537873677,-1.1086740335234193,-0.4567749592563337,-0.5653292909633081,-0.6068638121773912,0.3350542142223665,-1.0103074867349568,-0.2002430107791333,-0.5994222282262429,-1.2130872163786852,1.0989290866111712,0
1.1938686294328207,-0.6959829557611533,0.696284012037475,0.826984649161487,0.3743935844329733,-2.044189617741619,-0.20053017563070907,1.0249942228147801,-1.416306370021422,0.351456262502107,-0.3975921323697695,0.21931644318666277,0
-1.7610716420597297,-0.9150976025512756,-0.24529380017945143,0.2538019137583231,1.9093462592751782,1.0231573234048625,-0.4932241776078112,0.3564320852829514,-0.3879355147935587,-0.7603281477991884,-0.30012373901642614,-0.5348138179928961,1
-1.4473620615904594,1.9164978443943066,-1.0134563353502146,-1.2543301362134658,-0.3005662516644125,-1.534535712500744,0.9494643122856248,-0.09810663799359505,1.1344154226204006,1.4595949599173725,-0.8290833278703048,-1.2419171696324105,1
0.18474173992250426,1.0406087749474413,0.5705006047754052,-0.8059375763886661,0.37377226443384365,0.03588236275220779,-0.567749965687868,-0.3258264031019564,2.985674146848059,-0.6328493883477286,0.5774850134784537,1.4472835113791047,1
-1.2366005783289162,-0.3857370319705252,-0.33525419621785757,0.6944612799076371,-0.6938827322654185,-0.8434261222116334,-0.30384943439058965,0.02887474337411873,0.6810966384938654,0.6422396376062449,0.16797391385710717,0.19903505057370488,1
0.06302244991197967,-0.8725143184058717,-1.056119917982286,-0.20591441126301566,-0.4163301685647404,1.1446863221081809,-0.4325933226359419,2.2003691324471752,-1.5896848974926696,-2.5864410780691016,-0.6371440708320381,-0.37366185788638084,0
0.3157212605932415,0.47734532612709163,-0.8810240875457812,0.06177132638324367,-1.009240607280628,1.0995876224636267,-1.4082654376038528,2.049096855351188,0.4471175748323759,1.8401246046353013,0.2820298735246798,-1.028388523678098,0
2.4409012124652443,1.60256721481257,0.42217325103006975,0.8985513994632185,1.1931727352807708,-1.6223302933919703,-0.9474403772403551,0.60685783453999,0.0037443402046396794,-0.4661942098452988,0.8140140213040541,0.38644085133230455,1
1.7408098870529016,1.6393741582924186,0.8079602063639031,0.012358760446895664,0.02603490388745636,1.1491612777347877,1.1401689669589512,1.3223516921006995,-0.8126814005929306,-0.7805701826912983,0.23533357860213028,0.13644471327043564,1
0.8355482491175881,0.6306164519844164,0.06904455336488921,-1.8518275734948784,-1.8224847790998902,-0.7605057504692933,-0.2899562685996253,1.6615186087209126,-0.18672781246865955,0.7714495472211871,0.9577618667962899,-0.1509332734403129,0
0.01803945267039076,-0.4906196198734571,-0.4376934546280447,-1.5538038957756246,1.0890290471765955,1.533507299468349,-1.282745891342799,-1.124395514069323,1.3550214901664206,-0.7552630184240603,-1.1416966707425782,-0.17257353809278422,0
-0.23671744780834456,0.629358515228589,0.5605523447613519,-3.068061915018673,-0.9941515765192506,0.9997106447961487,-0.719024868480127,0.5221637290893584,0.1765310462395765,-1.3375471672685944,-0.7897737819671955,-0.42114151483744183,1
-0.7967071648155853,0.47933477738438307,0.30377223876344206,-0.5755899158621944,0.27645638366814396,-1.7242211943054462,-0.5255883042011442,-0.3985994643992428,1.2481084541208893,0.19361396210162327,0.7662499686625496,-1.3356212568110535,0
-0.25249595049172896,-1.0496841689998222,0.42218350547118494,-0.5465636343253814,0.45571406328143776,-0.6600686127725335,0.10384407623905732,-0.9349596106743683,-0.45883180540047475,-0.3832868110747181,0.5114935134742222,-0.06878020848835546,0
-0.1147943423063926,-0.8464758444406171,-0.2076654854416909,-0.33002534404529366,0.054001004459721745,-1.7716656343606867,-0.6585175014998793,1.123577168468515,-2.0863119683210027,-0.8242901064302446,0.5413647167520776,0.5081741034794167,0
-0.022490115199802912,0.29453026309917546,0.08184485150222003,0.4541611352677695,0.4431437227575864,-0.029599654323561132,-0.17061867671064987,0.6501104864771271,1.1426921379210417,0.23420583312483362,-1.044779683003112,-0.6886262985066245,0
0.1883613772295146,0.9276229592166872,-1.2854640434445332,0.1418938932799867,-0.6747119394591107,-0.026880033769982218,-0.5819467987314306,-0.13295253736174045,-0.9745972958401877,1.826049539312884,0.1865191990762025,-0.18692020203712154,1
-0.42487530897959935,2.5760125833092387,0.349696999087596,1.379997151775065,-0.06725044092203944,-0.12075195189746177,-0.9220386401072628,0.17186506326526715,0.6120617033328017,-1.4372321030756021,0.16802334277395084,0.30786313308403895,1
-1.484069236391321,0.03897692135973477,0.5835534596821119,-0.6496618773799754,1.1792682941285824,0.907206883066599,-2.0783369196249497,0.12636478848191063,-0.37044043228738305,1.8115365914417045,-0.9376446729976073,-0.09778346687430861,1
-0.746367942550664,0.2369030336987179,-0.8256185594791504,-0.5700251494444973,2.274197252929107,-0.7552538165464256,2.058982898087209,-0.4320631674155239,-0.8960120045724236,-1.93771377500663,2.1275712300271583,0.5577566185597144,0
-0.32086778413999484,-0.9034221316238364,0.707204738633101,2.4356841803320166,-0.21989434135275737,-0.051717294552618115,0.6516664095162522,-0.8644653142610714,1.3028610021740246,2.0903946649351326,0.5908495727427004,0.008718848157692726,0
-0.06006051541452081,-0.6997695623777457,-0.027100777659973152,-0.5157596057561155,-0.6863957469438474,0.6222345112981537,-0.6606835736106812,-0.4908228673978456,0.8387745525139363,-0.30694755288321757,-0.6536600793810168,-0.8171090553588974,0
0.06003233018745371,-0.657169825672931,-0.8551811081081422,-0.5256975630881618,1.5218893814126737,0.09904883804206421,-0.5135551735093341,-0.9526971200348011,0.9402542163228402,0.16507800747166482,0.3109429127724881,0.7621338738813687,0
-0.5155209389739219,0.31176580048052577,-1.1582117356939263,1.2483800732856756,-0.6797022908012076,0.38992308945476684,-1.8203781265831787,1.0743381862362782,-0.9397593772177623,-0.1737878530297998,1.092375670271775,0.8452674274010695,1
0.011109140486460282,-1.1187468543804373,-0.660348930051078,0.6849511630381365,-0.7758053068459864,1.0408042899948189,-0.4418672316591409,1.2243529373170867,-0.8399638758897853,-0.681871811973619,1.7756516475726343,-1.0178978112441377,1
-0.05198000052180922,-0.29623654261295507,-1.4629727026529589,-0.3753235992061442,0.7162627925289794,-1.1491845777590546,-0.6758658866794103,-0.3079256672196039,0.003143171745140144,-2.1226917876911555,-0.6356755992715681,0.3416796992142598,0
1.3244855688946604,1.669144964493298,0.4218157095548698,-0.3130952389144507,0.28527554781027503,-0.3452328301441701,0.43870191756284266,-1.2936749752515784,-0.1930059733168914,1.0609944374810738,0.6651496156870466,-0.04227009975365064,1
0.022504794333915265,-0.7887029717003468,-0.10558573887812366,-2.540810810760814,-0.40559987148607635,-0.19490791285543502,-0.34434333658427807,-0.5078262369784925,-0.8900623890000523,-1.4686452484354202,0.14852356895142158,0.9060482906706301,0
-1.070230141164342,-1.5728587271464634,0.9434871433724673,-0.7111000725162658,-2.4518315561291595,-1.5646147636278998,-0.4384734410273303,0.9218344830531305,0.021325672458327293,-0.5822743526619184,-0.7189133892114273,-1.2115803228336204,1
0.8143857138006871,-0.295659305069573,1.8556609544147755,1.4949195677605807,1.737980516811827,-0.0664672641111536,0.9390453704034302,-0.4305441762222769,0.9911175861696171,-0.04374326156673437,0.4449890399734607,-1.7394152284113575,0
1.3468959008560393,-1.5125248259468589,-0.41564402839408493,0.08583838081349549,-1.0871873098472915,-2.175393196203595,0.33023914225711865,0.6089179044781222,0.4612234802547633,-1.448235271804079,0.8790704695622759,-0.18464282511322117,1
0.33956023104747385,-0.9466146814041266,0.08462648705299816,-1.8962095893506792,-0.5858092126108552,-1.7869641280888384,-0.14490177072580618,-0.09324102174616593,0.9211169586275274,0.30136623753828223,-1.398654943711241,2.423291507056091,1
-0.00856691377372485,-0.47321075714109684,-0.7075671997837127,0.4889809578133769,-0.09762319491274848,1.590884751897861,-0.5787954415885364,0.43310758119069626,-0.2512583530638199,-1.3926590767919587,0.2059976278135354,-0.009714185724356688,1
-0.02745329026391479,0.3097118768477646,0.7845691168003907,-1.0597328374684016,-0.6196615856105158,-0.8487318083979836,0.6657142054552965,0.05812792175109966,0.4069799327738403,0.6359325037228541,1.1552139219428124,-0.05834119859339361,1
0.7108231361767744,0.8586334237626755,0.3181999928126334,-0.6123011900365042,0.8504861025114027,0.333433232350176,0.29061258266743367,-1.2162167702515698,-1.3022075449071782,-0.9160001906490293,0.20338318326548666,1.3972209840069345,1
-0.3929450771046052,0.6765165870188569,1.3815066656018986,0.5883720018186467,-2.045656014076504,0.38427645342283784,0.5727575863394776,-0.5400133336195876,1.143737565381125,-0.6674504754141994,0.47280950557517626,-0.757228248525142,0
-0.9543137145402346,1.5100198876550688,-0.0966024892126226,-0.5049010034053253,-0.6515764513539635,0.08750171918852322,-0.2952130492671989,-1.0959350073711,-0.6281605780433608,-0.6458331395624787,-0.2236113079550281,0.9697948101014967,1
-0.3854755722891281,1.0084790043501444,-1.5168015375742228,0.10034952841679455,-1.694068651469019,0.6433237965025672,-1.978911566731093,-0.1424200974275805,1.689378938901339,1.2282469427856317,0.23621092243256323,0.26114784406577607,0
-2.182074526640083,1.0742608477851003,0.5182225323049184,-1.2718496142453914,-0.5386248151265343,0.05325701411987145,0.7152867179556786,0.43265224577432143,-2.360219632037153,-0.8273105006116152,0.7160021290550415,0.07320175194097138,1
-0.9235539084282965,0.16089622611778104,0.41677351165693116,-0.024618714878379577,-0.13928303077112408,-1.2399182725255984,-0.9715234356121856,1.417946693231519,-0.7131143281885958,0.666611006887048,-0.27490923953450364,-0.6537196950799022,0
0.4011984325288136,0.6903333380339521,-2.737371967595983,0.08700660851860893,-1.1525847158423106,-0.040858959287843645,0.002746922517726534,-1.4161774521382051,0.17304002397490467,-0.8495419905579045,1.5077902188320949,1.3341218636268368,1
-0.5424371719340056,0.17570792428393936,-0.13292070363560346,0.0019449659081385527,-0.7161973885508781,0.7644046674626112,-1.245681790542389,2.2188343198907594,2.2564378007865833,0.9771278490194478,0.09020279384439493,0.06855416655772612,0
-0.6609464255256661,0.1547952246197572,-0.16004550570594817,0.3260035417094412,-1.3164133129849718,0.2949127519917302,0.7209504656132302,0.6021612299330951,0.8956938339793594,0.3248707727133325,0.3879887240960345,-0.716337847787142,0
-0.45300733743722266,-1.6418547995097563,0.6664721922070003,-0.2725635363471834,-1.2400213670546831,0.8533205711187247,-0.0020824682808678317,0.7741943241105266,1.2182328050528204,0.28562293022215096,-1.2170978816517628,0.504662314013328,1
1.8712881615582857,0.8791419305959668,0.5569166231269154,-0.848691171919272,-0.27476393635007174,0.6572364759832905,0.28260769377458167,1.0966615284081518,1.0810253569948602,-0.9129452450359644,-1.325139278725502,-0.38674597453160026,0
0.008970335987165597,0.8519315427042207,-0.2219149554150561,1.718560500553888,0.26648448831391097,1.074226414380152,0.23280321588011213,-0.8324342302912511,-0.8989992349713984,0.04587057656524178,1.0168451643494243,-1.2837885566783158,1
-0.625506243377744,-1.6714214752612175,0.9276640616054332,-1.4466737886683825,0.861324205738635,-0.5940470772056207,-0.9219722319881231,1.1851054805132553,-0.277366013866886,2.336214760145841,-0.11641272257714326,-0.6104469521586826,1
-0.2478542268154636,-1.179934776697151,0.07265672321369811,0.11160728340919177,0.44850222667998035,0.6718653566170041,0.5802274257815299,0.5388916145237366,-1.0038762261098741,0.6394493925750819,-0.019738752932671265,0.4848397789587876,0
0.45994122376263796,0.5068573338802757,1.1810031514397032,-0.2519906137692063,-0.7371630478815152,-1.2750618069048585,0.6897236586039703,-1.2307702894308201,-0.7040783460447112,1.239525171841372,0.6304797653550227,0.4808247225004423,1
-1.0555524521645396,1.3192362741103796,-0.6256694817184802,-0.35205262386314606,-0.9998985194499113,-1.0939439873357524,1.0009828721871492,0.9449695997255209,1.5511781538233609,0.11990946917538994,-0.3884973589951403,-2.0960361504194487,1
0.050658384107278805,-0.6252364011742781,-0.6428247842286665,-0.16660914088940088,0.2658241329763929,-0.6874088002487726,-0.42816537167075813,0.2594994637668502,0.48547550723535515,0.367050602202224,-0.4762432260443081,2.7942386490334883,0
-1.8418232937826153,-0.36173640541874635,-1.6260426544176085,0.07286647717356688,0.24013794931113694,0.42580779103686767,0.4113180576707262,0.40518723426655584,-3.2351994408820253,0.499108305977933,1.1675103116539194,-0.9335131742931332,1
-1.5774677168043376,1.4670668467496233,3.0282330716188532,-0.9087083049438582,0.028577628756153765,0.7073322047630985,0.6799665630141734,0.2562236175168442,0.36233166921790166,1.769099467307425,-0.9155324049226364,-0.2322241233392925,1
0.6493558564952726,0.6466719687725686,0.011552582516248624,0.47934605721355217,1.1585259821517864,0.4006076399816906,-1.2577789697111514,-0.35807564864350155,-0.23756415915261825,1.170647674638241,0.17847511608360114,1.678552940871838,0
-0.6425960161914454,-0.061510588374389275,-0.7317225579540579,1.1012243277593183,-1.6109605487089553,-1.1678639847916954,1.0970351632834494,0.9988694112427792,0.5567916461229195,0.9940764132622264,-0.20109028663789563,0.3168320093714659,0
0.5058018020204913,-0.0053342579660291605,0.8397170956539787,-0.9334860939130084,-0.4472895049815738,-1.9104548813801037,1.4091926135260564,0.1785529907938689,-1.227145346602341,-1.3014790027521708,0.9063159344904116,-0.021699125370521953,1
-0.0834984222512893,0.8589740381526499,-0.8567233918814471,1.32167873989964,-0.3175416159506025,-1.8057959742478709,0.07349382372766225,1.2066625719301762,-1.221773892743421,-0.09859045335638277,-0.7538884387922931,1.3280008506160383,1
0.11579598941190018,-0.10452194392231083,-0.556398650556853,1.6190028036870336,-1.8052736902343482,-0.3792446157720603,0.6158066188329668,0.3090208529588029,-1.6714618740048095,0.6716637431378084,-0.9727522806661675,0.8580544072986075,1
0.7920837345962407,-1.3456063624251626,-0.21013270337347364,-0.8182512134423134,-0.5085629408734648,-0.14977537643749184,-1.650210575521227,-1.297922261591331,0.16793027716527884,-1.0161645585395789,0.9794408308766301,-0.4352326738318851,1
-0.5913294582433986,0.3658332152199109,-0.34938751180104227,-0.2611377073695917,1.285816397958589,-1.6264586076596939,-0.08127442564538308,0.49733048997559776,-0.3328814542284716,-1.1434541859112939,-0.20915937575564714,-0.04608154385111655,0
-0.17002058794302766,-0.43000204242532275,-1.1343899804994548,-0.9883857619211945,-1.4149286529880822,0.10878120526911564,-0.6539120745102321,0.008964514834195237,1.6741014920600124,-0.01420954063793172,1.4303495209091535,-0.9887607461166519,0
0.77029211847037,-0.5934229470078113,-1.3158559551496494,-0.9037124244148118,-0.3563212907096053,1.1797476906420685,0.8998106349235427,0.35600871739353995,0.35121612584535433,-1.0612440232580884,0.38798560115444325,-1.1966193794930857,0
1.0808899826541583,-0.02703973496208914,0.204619034967769,0.30326478969389686,-1.422834487424986,0.8436066989980338,-1.2145332820731225,-0.04277784126538046,0.022379589120953097,-0.1642173529808155,-0.8945791589248685,-0.9646091617853709,0
-0.8131372245251279,-0.7696511864465917,-0.7446835368011212,-0.1534216989611811,-0.67202734693774,-0.05428544259236721,0.439674316220288,-0.3896504544189915,-1.5612218929750843,0.5553316098398884,-0.3880613066187585,1.458540536247115,0
-0.9485046228288238,0.17724938612277027,0.28039200151490556,0.12390912870569752,0.11034967642377458,0.3403836745040745,-0.318169228310179,0.30398191184375417,0.782701056367631,-0.09682475724363375,0.09002929848498001,0.7392023535168732,0
-0.6892986442864542,1.7887756363740857,-1.356638524439468,0.23829179693862024,0.6502510606967077,-0.8453864354836185,0.6575291125654311,1.2556702580573385,1.3041757221805896,-0.9767871772936126,1.8971639590960456,0.16944989228901047,1
-0.04273121793466674,-1.4999831709663412,-0.014591916092366786,0.10182261339244848,-1.3394218341499111,-1.9257708669469802,-0.5360890551916465,-0.5756526376621386,-1.3969904854169495,0.4941144097667656,1.84958884899383,0.7620127002811481,1
-0.5838105105581629,0.7176986484387993,0.5483053293038758,-1.143999003191356,-0.12668465717477717,0.008694387984851736,1.179144105300649,-0.3528556491301996,-0.3384142679626967,0.9552980300369542,-1.067579508461388,-2.219494761708056,0
-1.4169370910800523,1.128425957838547,1.865267387925065,-0.04656479666202676,0.015124191626699236,-0.05521831574859811,0.0483428638815426,-0.8075020747980465,0.29195481569546605,-0.22997964401015936,-1.01623133896957,-0.19760134025019283,1
0.11181062176507968,0.21622693786207095,-1.1961960413410537,0.7806996048301821,-0.7313604034768122,0.4757381209785531,-0.2599111657178396,1.3032148256561396,-0.3521258211029562,0.8406593346573288,-0.845493266243186,-1.1278351206738475,1
-1.4205485889648048,0.528427346259023,0.23122974663182994,0.0406412764474823,1.3159715269733063,-0.4194499468407477,1.7714171341289286,1.2164771589145407,0.10549183347587252,0.4937888205244083,1.4264158821923243,-0.3324490468237053,1
-0.10840724187688819,0.025522082559508816,-0.854836822627903,-1.80885477917851,0.65391607604188,1.558345883657565,-1.3552861476386224,0.7807717250780168,-0.5138484795175926,0.9401837113211713,-0.9854742808185946,0.8945296790559512,0
0.14405916119411652,2.2976497791930375,-0.3910379274863479,-0.7410924199164607,-2.2905641776026315,1.5541256741336418,1.5584986399802254,-0.6700777349200846,-0.3454593132246944,-0.5182468146021522,-1.0045858974423656,-1.1134980229261344,1
0.7380226099050915,-1.873800906945367,-0.047092262512008876,-0.6210021831010182,1.025853556694105,0.9495092122597762,0.8039972257756771,0.10079811470542062,-0.4742444159261154,-1.0065405561088139,1.7712182670232208,0.8187181331259389,1
0.028079623331239673,0.398611479412468,-0.7592454816799098,0.48780503812263,-0.0678815819770321,-0.5653348991469954,0.00361128776449492,-0.8906071876330627,-1.0958012220031892,-0.5116854259523564,-0.5424761871899412,-1.662769295545892,0
0.33124003727826123,2.0467306056367067,-0.08152968862998664,-0.7063043654905061,-0.52686538591292,-0.1442778637350656,-2.026046365430234,-1.4122357934868688,-0.16352245682482783,0.7265176717311725,0.22426187804908454,0.7191876933729919,1
0.13887089891611618,-0.20946612253775262,-0.16621365619780099,-0.29297303451636614,-0.4271373946144147,0.09594365852328662,-0.963014393287612,-1.3748835582508654,0.09071945134577689,-0.6192293681647167,-0.6454620181172411,0.27900719590099327,0
-1.4936542800524402,-1.0280180026618597,0.7593797708002893,-0.015335030258668296,-0.14470703092864987,-0.003189979803956328,-0.09092890926398776,-0.2656037064034814,-0.3136438482188361,-0.6136365166979686,-1.3200176697497195,0.7665533177057373,1
0.3466485344162637,-0.6634303723001481,-1.0744719179043045,0.5212626450844087,0.3491870143075065,0.49784483266692164,-0.22266837099891415,0.21475961613273856,2.9138220420701786,-1.4012160353248222,-0.7010368153188864,1.1059648602244756,1
0.8009220637635917,-0.31843196691853853,0.7683048517930381,1.3272902784133334,0.19508026902054523,2.2092665471955324,-0.9949958681646721,0.18316718362724715,-0.08783854035801364,-0.9215754610014982,0.4496654353492419,-0.8514561163207612,0
0.13494918268332357,0.5781030886496381,-0.635283698123385,-0.8811066731359203,-0.8970474727253048,-0.5878793200201424,0.3160398430695528,-0.7559201532436481,-0.8366930822607433,0.811224305001441,-0.6468879086005457,0.49906690262053244,0
0.7264293574647163,-0.6821826706688959,-0.6261433702910933,-0.9377480133372289,0.426755703744414,0.13108832734386314,-1.5432054318732653,-0.3799539079686738,-0.22110135365574793,-0.4859564796403553,2.0084843197453504,0.8659628564638432,0
0.2709246536007166,-0.09972715910141229,0.2766869464220269,-0.5357745618265809,1.2852803626498224,-0.5656324445368972,0.5171503157288742,0.7689040818537646,-0.7749242384927654,0.1300211079623341,0.2831856205853762,-1.0495631263754845,0
0.0340555727086783,0.5348453274492737,-0.11860324116568322,-1.028907593031729,-0.535776076736695,1.4815367862267714,0.4982854011617571,-0.24849199333272642,1.6969352468790642,1.287244326272554,-0.1415948816118563,0.033769124357235676,0
-0.10322922131378275,0.46177751843706916,-0.2881066581847948,1.0457391050618199,-1.2762181417660095,1.6896051486286814,0.7942077723956092,0.6210156345947903,-0.42318792990900894,0.5325041921887764,-0.34086064580246717,1.1734287994650516,0
-0.6274069423697071,0.15326476681982623,1.1893459851457797,0.36512581081871015,-0.3155452349224763,-1.7822586140680228,-0.556888941527193,0.8964834163359481,2.2443090822915117,-0.4092081644826711,-2.4734831944313567,-0.8103851736622646,0
0.8324746654097563,0.29327485696147426,1.14670282241503,1.5030288389359077,-0.584220293260988,1.4915571371740735,1.0418953524734107,-0.7526573707923868,1.674948974108666,0.7703511099265956,-0.031444788030207255,1.3456195679165344,0
0.5389898525143375,1.1468389914685313,-0.9107127416288671,1.1510894870943063,0.664790217381289,0.24902387688176328,0.7382699258443362,1.7240634523880136,-1.1295832804933903,-0.6744856791639989,-0.8937369254255377,2.8460983394658497,1
0.39326421909455916,1.9332831262909345,1.1262982544149627,-0.2727854396134623,0.5632082155391738,0.5302138762009813,1.3991026670000546,-1.2473329073174577,0.7826060572953336,0.8383138942149956,0.7192399152022126,1.375541893246321,1
0.822678979932587,-2.0581354357612294,1.021203769212863,-0.629371931955364,-0.17299931647434974,-0.20161425115679493,1.0158044450012773,0.737018450134553,0.30318339578206394,0.6218569217989868,-0.9866337827019671,0.7659144440744265,1
0.09403364175265687,0.1970821563442675,0.4901353421667665,-1.06132313422273,-0.16180652844858637,1.364957854182329,0.8866137714438954,-0.40031355526108636,0.38376941865602504,0.47728818458520517,0.28365049400068676,-1.3956478591916794,1
1.7999771121013857,-0.5457903311956465,-0.27169360851194263,0.42412926940537876,-1.0654520396170268,-0.768098744626161,-0.019254511726388923,1.6327590746938874,-0.6488796593661755,-3.421745726026115,-1.0436862674679916,-0.7388198247634347,0
0.5064008371602136,1.1853537472029532,-0.9672699403664302,1.0626227310335894,-0.5424258906870975,-0.7754232418369355,-0.30855248509700817,0.7427645639867967,-0.01717503441615138,-0.7390696731892845,-0.24736893847039948,-2.050285571420097,1
0.2215693287036785,0.09219811696251252,-0.029188708477910944,1.5270916349564345,-0.7311814900110905,0.7670877693506171,0.2002139143280913,1.2676026551299535,0.30383998386674593,1.2975441071467753,-0.7367761286211915,-0.31737817989602085,0
1.6971598387047917,-0.24839420088217667,-1.051113376805561,-1.0494802344354388,-0.6649463867781027,0.5702704535016822,1.7220234632426044,-1.3547786995561186,0.365744202419669,-0.102585873075014,0.29511703610621864,-1.9672476774219887,0
0.7050734108866955,0.9110053344887411,-0.7727287018962735,-1.343856093024128,-1.4704763754475436,0.08206161155175101,-0.6012988789648572,0.953872939691455,1.458469297567846,-0.9652275141521212,0.5787346467469223,-0.4578282915067945,1
0.5732924175656308,1.814675245873462,-0.3237458476809552,0.5849890112310274,-1.4906875048946786,0.1729414312441793,1.2008339446673189,-1.0335086429828264,-0.03254229602049369,-0.9290205432718291,-0.01486832347354623,1.235141109827022,1
-0.7040751121453406,-1.2619300410778602,1.8659310694067262,1.2028332041870269,-0.5326383356713086,0.24500470893996754,-0.4546897448154571,0.8202262019583157,0.5137377159591203,0.4326484688201388,0.14724834600202058,0.3091584147153452,0
-0.4218995271746536,0.6716883006045441,0.8575297887338775,-0.8375735560031855,1.314030732848777,-0.61144700370662,-0.3436030228700956,1.540435972387903,-0.09741183547950617,1.1382170221364638,-0.36792244733587126,0.0321253221680658,1
-0.3986364087615116,-1.9344299190167487,0.4238813889618906,-0.44427666037152524,-1.0959763631426758,-0.248782377534418,-0.7197823919288813,-0.40935048738804974,-1.7886655501419553,2.386226640039986,-1.2800739693229815,1.1338382672345548,1
0.5414513594983266,-0.16128682600171748,-0.9479748776465876,0.19019350567837046,0.25165284032668084,0.20375261626111002,-0.41228172037034616,0.1368591404109082,1.0388204703353503,-0.9155885829980265,-0.39426859226950206,-1.5956615328766957,1
-0.5477749365907343,-0.2988132100674998,2.1477320872761703,-0.7794603927664909,-0.9644255507377352,-0.7431728926395677,0.3712926222915876,-0.7671139337209968,-0.3723977675581777,-1.471722658468008,0.3920266165276896,-1.1215926602923112,0
1.0009272522788157,0.3491560803881558,-1.1552982695059533,-0.4834155186051069,-0.97882179480036,-0.17206418093451956,-0.5902249095819063,-1.568710528662394,0.6819559617822336,0.13720170714010446,0.18983370791544485,-0.6691132206678951,0
0.16259588695298854,-0.7378404384507442,-1.5928307226798057,1.4978052321048974,-0.4712667146968059,-0.17443781572133898,-0.07943060768131034,1.1106193071364652,0.3671744103311956,0.550113319461291,-0.4908023024037704,0.023319112640587177,1
-0.655219773174826,-1.290250788703129,0.07213295353315746,-1.5428594689889985,-0.8250253167411867,-0.2901736517605736,1.2850580703181902,0.2188803749592872,-0.7295148816858582,-0.707003214958621,0.09539882437837109,-0.754434861428725,1
1.7174863692103213,-1.2404487979352787,0.09747566782580953,-0.3238023955582827,-0.7811901999532155,-0.3102995734101649,-1.7861463631590122,0.3176935510165722,-0.025037989461840434,-0.13410646148295033,1.514763333936287,0.2197234200738777,0
1.3725667749990913,0.18583184454035925,-0.8214926995912621,-0.8376505419941962,0.23191305333707435,-0.1626907718138634,-0.8201973809034298,0.4191886363224443,0.10451985602706804,0.4572867783260094,-0.7299027204210816,1.0496153659222,0
1.2085196028337417,0.9484466034663087,0.2973329040018383,1.2143038903439822,0.4249220924254784,-0.3829915113834908,-0.1738509134737982,-1.3275280312863877,0.6126322951110568,-0.8601290198939167,0.06594668450046012,-1.5193927142165302,0
0.5416855381229971,1.9228237795136505,0.7178098167644141,0.28845035698181604,1.2022876813335892,-0.16943997562668422,0.7434319783286781,-1.9321708192730336,-1.0549360241743058,-0.8885062264911691,-2.062976391544185,-0.8333719972430924,1
1.1684552408609659,-0.9512028060899154,-0.46277482473819825,-0.4393834439034382,2.0156866291624427,0.3790235920764038,0.49448218876725764,-0.038498980761635736,1.3579716456525133,1.291406434889679,-0.2894684850185257,0.7212737818649311,0
-1.6188272219146231,2.4537838942962975,0.801772879192593,-0.3308544711979038,-1.0804444308481844,-0.24507172713333317,0.37453078874520457,-0.5870802929019696,-0.5776928607549293,1.133177235518259,0.7029714111351584,-1.3124780567362115,1
-0.3954103339183195,-0.1309443147601213,0.3220862306148296,1.558843492223335,0.9494240313960315,2.736872730961547,0.14981805688085223,0.9488342870698311,-0.8015463883055222,-0.5406950447123847,-0.8827897282316824,-0.9237758411966536,0
-0.6676035709897795,-0.7237645662981309,0.8550360154887979,0.06386606186717719,2.5347697979396444,0.12107725804699307,1.4731832265736249,1.0212140574131199,-1.6639152499108099,0.860121520155559,-0.13369017426016766,0.5033941645733991,0
0.28671572526825595,0.8436440002467632,0.0018353792784657236,-0.20294833306726248,-2.04657064432185,2.184670805619268,-1.3749509404294906,-0.4620677538549212,0.2409121637068594,1.731693666060227,0.4359946089811804,1.4093108788113056,1
-1.5277871695338303,0.02837008247922235,0.9590756421220744,-0.5678167066228761,-0.8157508448278719,-0.5570694369325399,1.1781197306498454,0.6941940660049152,-0.5442126384965056,-0.7147653003676427,0.4425074938786006,1.400227976370095,1
-0.5621277626360726,-0.33494424257491096,-0.13577644185189663,0.48160387712213726,0.6108359725793682,-0.5735288592576439,0.6457664799079348,-0.8123772273888994,-0.14454258570506998,-0.7317557075368029,0.08768420091813563,0.5134118141431285,0
0.5252924479713105,-0.0788442302544701,2.5163304880536574,0.1598978057493366,1.6599798864383382,0.08205068586482869,-0.9155136732443321,-0.4412109186635179,1.7283019403366016,-0.208720532930287,-1.4227731219726691,-0.1593840833086982,1
-0.2299656491004799,0.5128683257234425,0.10455742554488828,0.40488355613075266,-1.1070813545320708,-1.0887779569288834,-0.2563132657617875,0.7920531684392966,0.1699386387863546,-0.2992724132775095,0.4468292417169338,-0.8250273349012881,0
0.6487151899968315,1.7734852354109936,-1.8835743472711564,0.9200414960513054,-0.9738714416918842,-0.2289220372558216,1.311190368157278,0.2262830373227264,0.30242251870418174,-0.3702854755606881,-0.5623072366286637,0.7851726212334088,1
0.21090731615749758,0.2954011062280479,-1.3798866352212846,0.9737671918241304,-0.4005094503831741,0.4440475920042004,0.2802342213043106,0.4282594195692664,-1.042682888968428,-0.4853179672642089,-1.0669659834561702,-0.16827561617496845,1
-1.5511799672142383,-0.08372323296087711,0.01063102519316537,-0.1667459092418732,0.8583541872439081,-1.5456787441873112,1.1255223103465897,-1.1427043475236136,-0.9481610063482604,0.5637407569800645,-0.09619994054311419,0.0809838199040741,0
0.44876586963776144,-1.5387257523892084,0.12617278930347142,-0.0206453666855503,-0.9182737845960751,0.7209363248663503,-0.813344935463014,1.3205117875707606,0.36770887816639475,0.05571432351274524,-2.055635639952387,0.25180611215220683,1
-1.4876262787782129,0.6022973503378426,0.486133584806137,0.3694276001845301,1.2147206100521248,-0.6575662605265065,-0.3190788913557786,1.1625185550799753,0.12030166937469815,0.28506317807850456,2.2324443557819773,-0.8762308217920903,0
-1.265449103463182,-0.01152674023434985,2.3559433499248295,-1.542544459241582,-0.8799170995199992,2.3531879257258885,0.68254937610698,0.7292187625130911,-1.0033873635250439,-2.130552027988369,-1.1775572282401947,-0.10210953432569093,1
-0.8031614585548134,0.5596975373901251,0.2126287783403757,-0.5301404447802978,-1.1450127789899134,-0.7232150516090999,-0.6334765105994989,-2.688309820854962,0.043329362460068,-1.3231856968461866,1.6724564175102703,1.120476697777101,0
-1.7121833455730884,0.06612028330414026,-0.6472459234719266,0.8642427609082046,0.2752400248429543,0.9412832438321423,-1.8382005332571705,0.14729970124033914,0.8963242194561442,-0.3642552214578276,0.9035084135574145,0.17977094084616618,0
-0.22496665246495623,1.046948534060419,-0.5162460241984241,1.1690385153034266,-0.29888347069032045,0.8445675948359442,-1.3439179316313534,1.074764028863038,-1.00406709559971,0.5852374364836289,0.17238340747886638,-0.8581816035520261,0
-0.32346729912622385,-0.4515856925062427,1.5233447349138691,1.0996118176480871,-0.5032804510339471,1.1476655136268208,0.12313273785032265,-0.8500830940195531,1.0907219255888423,-0.4564998758156943,0.5442655127433941,-2.5095736764636047,0
0.0454717247300729,0.6374007075197434,0.6397398565595944,0.7218648681126447,0.2625643011571217,-1.655995178392074,-0.42628951482053906,-0.5579859911763155,-0.33630694104487857,0.42950762294420053,1.1078785858503055,-0.37374325978232203,0
0.696802410499646,0.919799975180322,-0.2525034217007174,-1.8758292560566439,0.6699802217845198,-0.043738721468948194,-1.34148517209435,1.2506285483352193,1.0087515062527026,0.03198017856342316,0.7420293423571553,1.505227738425645,0
0.5339403644338563,3.113642692106065,0.9708075054592291,-0.11608466328594208,0.6771475551204019,0.376270753755429,0.9186073819296994,-0.303283924540999,-2.127406328725005,0.8005357675713031,0.21309644338562372,0.8039640899884588,1
-0.7562363212235952,0.8201228324850542,-0.5390353261087376,-0.12442214349174786,0.3482254814798085,-0.868466722410948,-0.42764543549048223,-1.4092556694391403,1.4398027582306268,-0.471814899756307,1.8420737293523908,0.6958040482560678,0
0.2664852355651127,-0.9444790886045874,0.6384776016798974,2.282321283690886,0.21314940236752591,-0.31328618074935033,1.9907663253727166,2.1050917895547694,-0.4458810897028795,0.6070154774951755,1.7114417268111546,0.04800734948909332,0
0.44872358559118497,0.3277554917424331,-0.3905441149348679,-1.6760467079183285,0.12907571763663092,0.8532921679678985,0.1983641234677065,-0.0898013055703439,0.9029611065546648,0.24085734498834363,1.5502125514546417,-1.1784786546065933,0
1.796213259039397,0.4549503089755833,1.0396077413083458,-0.7446791214666663,0.8922699815111612,-0.1517815737124935,-2.182640291451644,0.8577962182989488,0.3747924533475715,1.182741529539767,0.691520573499059,0.9794545292896473,0
2.1098404051834456,-0.35049442064925757,0.7983930526011955,1.04122897536441,-0.9562972913255725,-1.6189541904329383,-0.11020569325259556,0.2617355345534344,-0.4930922911025671,0.4900325463130986,-1.6159295819201311,-1.0796322604134396,0
0.6672237879032521,0.18018045770887578,-0.7277764351944451,0.4631254249203719,0.806144633615556,0.34845365277010354,1.3897191344395154,-0.8627667645321814,-0.7475031677638613,0.24231654686809087,1.1079421764140256,-1.1589360404034499,1
0.048006246150750186,-0.46262433853905816,1.4800615907612862,0.23894207693264316,-0.27421811693630327,-0.5814872530774862,-0.3257505805152281,0.05051783971353172,-0.6615348021755,-0.36349904771386393,1.4367803437210644,0.8576995872272858,0
-0.857415161279318,1.191986321583499,-0.3478894456221701,1.7446558163679438,-0.7797012107277115,1.7799332745488898,-1.3293807428796014,-0.24817513336389815,-1.6297255072163856,-1.4566877430041267,-0.4690067534677807,-0.9121195293508252,1
-0.3645089446823341,1.3173273131898249,0.4755655368103753,0.3839457370763867,-1.7067916564546932,0.9856632499931183,-0.3422423545767284,-0.730580051243609,0.42808782737446904,-0.5645187719044432,-0.8200227941799312,-1.2599623085728229,1
0.9220501243794975,-1.6286724572895352,-0.9464748610314451,-0.3879116825171071,0.14107259864472077,2.3434266021480865,-0.8021378641192528,0.848289519211005,-0.32503608480965207,0.993645956535163,0.17492613226842332,1.9567203068870664,1
-0.6656789169933702,-1.5171311288151692,-0.19943004717092064,-0.331625881834262,0.9658037067126787,-0.45398884009334445,-0.1835598323488924,-0.8306175848350391,0.5942984491780684,0.015417660045574733,0.1685654356956852,-0.04390969874563507,1
1.8570441299161093,-0.01767645635774219,0.2745988692303919,-0.5952836675527248,0.07795036562783943,-0.9201952245955974,-1.247500797525686,-1.1563376970397996,0.24715432149901578,-0.5403023928082389,-2.1378693321043993,1.0688497209440813,0
-0.3763518261995753,2.16801152926589,0.40001618209489787,0.5099080228233718,-0.3914482643120699,-1.0412021505875135,-0.6949124976730051,1.6534587195095596,0.7919553861958472,0.4011663170294813,0.3175712357199039,1.7496689387904092,1
0.33592083951465584,0.2612465327752195,1.0614384329975073,-0.28755996888333946,-0.38140526959735765,1.296200932022119,0.459186560343145,-0.32607660275975986,-0.6687399986864714,-0.9274249815641288,-1.4355424122227929,0.743141241031068,0
0.4847700438156936,-0.016658706704265367,1.0960751141908858,-0.5423450444657064,0.39482896447987526,-0.6425059121954068,-1.2110609767005829,-0.46717022505314393,0.1335267880649417,1.0189445653662386,-1.311392969547048,-1.7059526907522367,1
-0.013373884913772121,-0.7937323870955331,0.8009674669896877,0.5587799217664252,0.30822824934172416,0.2972946899512926,-0.10647794137849236,1.1922632466649201,-0.9583300181496716,-0.16485165565258528,-0.9714190892714032,-0.7376926262573142,0
-1.587279772635766,0.9948287980102154,-2.26371122455944,0.6093939464963862,-0.18152663054161822,0.941506147587117,-0.6443499095326661,-0.017552135338523497,-0.3990976238635604,-2.0809157339729905,0.5413080307189498,0.23519659379902416,1
-0.4196022249144589,-0.5394742699288128,1.9393502974397752,0.7185452172288832,1.93162616240425,-0.8178893177276194,0.4940322839956102,0.650637411103291,0.753958008399641,2.0988091486314064,-0.6442922362570477,-0.8463397379101332,0
-0.23173231618340445,-0.02783365838259426,-1.2892859129470364,-1.1615992568604696,-0.4369785689939255,0.8752889947230406,1.5579822508179941,0.36197031118957435,-2.353560114954515,1.4567558890546533,1.2620915478009918,-0.04086252288688876,0
-1.3413013438079249,0.13063682768154514,0.006204999649566678,-1.3631912811094662,0.5960565662416333,-0.6106472690391043,1.582853433216524,-0.386228245326069,0.17564848387533855,-0.7756824254924649,1.4911097986726216,0.26974611278059446,1
-0.018322637729470372,0.6285494217191815,-0.4352245581812845,0.43292009911446944,0.3391599596975329,1.0319079211196949,-0.08190232442429633,-1.2839790901371704,1.2862086528473926,1.6056549025307487,0.054324611289465696,-0.29500574563191245,0
0.23558241201495378,0.7355270198839445,1.5385369709551442,0.4108926998531447,1.6876923330652296,0.16298440887531862,-2.0064803481848386,-1.1112832303908884,0.5402790860523008,1.525189315743056,-0.8097102082793872,-0.9116933749383562,0
-1.2744435671190142,1.6010919188094797,1.7279409948830429,-0.8714983664685446,-1.117787013657948,0.39764675274390354,-0.3471143922128554,0.7709276789487114,0.561429924622804,0.22545020165192187,-0.40297709979369734,-2.875570393998063,1
-1.1816657191006732,1.207449313917745,1.0904836726999423,-1.7496093142397124,-1.1344939257516589,-1.1284649946297176,-1.1172262458522844,1.0914863060205315,-1.4259617009838506,0.8620968079720137,2.0983860727332244,0.6299391843387894,1
0.4192218629566833,-1.151885366478222,-0.34913935114419037,0.30009641657617286,0.9058107907581809,-0.6737009831219541,-1.1135572834345389,0.5135157109038061,0.4692474774985363,-0.26416376959907484,-0.7719846364832759,-0.23164929544672083,1
-1.0133925161313488,1.6819296301792541,-0.5505202462969043,0.3289553268121263,-0.880715302299646,-1.5811357704865037,-1.2831561025515723,0.3041814618320547,1.109924048691739,-0.7436878559094847,-0.457685376457673,-1.1871710546846121,1
-1.2889119991849187,-0.4784257659088563,0.04325642298947057,1.082173420487998,1.3205438738368271,-0.5411131610379613,-0.33560262724221757,0.688064239243348,0.16353859182632477,-0.9215827861773104,1.866860625727856,0.785195750480333,0
0.8470952609867258,-0.33461205210328404,1.696021258444252,0.18322072213380475,-0.8269618576552631,-0.3032177151459575,-0.054039881665295296,1.146586075120018,0.5646473282704179,0.3628793490126706,-0.9613131282319681,-0.9753708520618489,0
-0.1816418927002331,-0.8917603645375458,-0.6846619604447666,0.6799304791076328,-1.0502875696545202,1.5758795496719038,-0.15715400270729613,-0.3164732607678646,1.6400795064836764,0.24937881738672812,-1.050359430307662,-1.2429884757363283,0
-0.8375775446349734,1.4108532627756574,-1.3227029274908537,1.0860419528444687,0.49725913502435476,0.0934908771360397,1.1454342575821392,0.20154743079561832,0.5137007743540334,0.40878060720517034,0.3291775937111125,1.3514890176482237,1
-2.321871540691462,1.1123208068253643,0.3145585166100887,-0.9108064435223966,-1.0083560012362487,-0.5843403142136884,-0.6850966964076876,-1.446463020089909,-1.1736454139572143,0.5379899158378907,-0.5107878086385428,-0.42828576116881467,1
-0.934877647512148,0.926940387318626,-2.0881723329574684,-0.03608616492769502,-0.07568851240098476,0.2520652325851167,0.26087784775363776,-0.02787267144775521,-0.2950852643810523,-0.5788159784565232,-0.946049416195828,-2.1554699063392264,0
-0.11928397143186399,0.4615076625449361,-0.9659950230835805,-1.1362289627464215,-0.6688651331523241,-0.5260241783012694,-0.8863134232371207,-0.39979417406519374,0.6049333398302583,0.08807892185341218,-2.987767232277764,-0.10615583386714787,0
-0.5554984602837091,-0.6287827216771972,-0.8941728543125027,0.2852619261798011,0.32461460837741296,-1.2276146789014761,0.5580218632976003,-0.8284406210063896,-0.6390544904512934,-0.4831781521179343,-0.5600622113558531,0.889916982271991,0
-1.0131355426097752,-1.637186759542929,-0.01905461858899124,-0.8108140994486553,-0.0895064899334116,2.1415440013464355,0.418109098782534,0.1414027871980139,0.748635109771193,-0.3249521553794684,1.7848252530206103,0.37380772285306935,1
-0.5248433772365869,0.7461137315444233,-0.36329611131237605,-0.11436335297000758,1.2574631341697524,-0.3143979534844076,-1.0300652184961743,0.17710770469276851,-0.19591021414736803,-1.50163359254264,-1.2087354837461615,-0.11906877267057263,0
-0.9717595893898014,1.7635576890310551,0.9496350749607616,0.3470280426362053,-0.24923992077176021,-1.2297836751528999,0.4940990707051165,0.7588135708567039,1.0574017246293468,-0.8030016140413231,0.3279023236152661,-0.08210081588459613,1
-0.7321225714088879,-0.5577531366044547,-0.008946668498978825,1.0544337352784237,-0.3392068650566307,-0.2496073150080206,0.4034643219718318,0.1392118099104031,-0.04366880736110472,2.135670144839726,1.0090118189535504,0.4755511868183062,0
-1.0387505607987217,1.427261012819394,0.0038817466871975776,-1.2640896131496255,-1.4564158231836661,0.011196866577679947,0.5289585742816247,-0.4399261385719828,-0.24150984181572932,-0.6681315935191704,-0.27953108013149686,0.023562924042457568,1
-1.1628964222298452,-0.1140252737808254,-0.36082076182377815,-1.1074183501433978,-0.17071981025805186,0.8072587951521708,0.7324868514760533,-0.19742405398828342,-0.2963734350358165,-1.363690304464254,-1.3343437783137202,-0.5802366014725957,0
1.7279547476767028,-0.17894363453582837,-0.4060814006440295,-1.023521829901841,-0.7583590424840313,1.1356993493294352,0.12092784774299462,-1.2952329207811029,0.23348440605996398,-1.5101458271470543,1.2680508755555209,-2.124198975071633,0
-0.1763353303118697,0.013369221203340175,0.7264012549201593,1.6665658694533,-1.5095929943385977,0.6975311272238668,-0.13122448191692165,0.47166537105285167,1.1598837291057034,0.33085900643892624,0.586691423188064,-0.9973693982531837,0
-0.08381790469758532,-1.837978788545393,1.34487828121489,-1.8588715192198682,0.49877422748566763,-0.2186545491645373,0.2707941854234073,-2.0234983113431246,-1.3994159470324816,-0.5135406144429435,2.1954274766406416,0.18049902029791745,1
1.633389585074268,0.06145535978095436,-0.7808997781070691,-1.5930860062943786,0.4164307679370364,-1.1000247586061134,-0.7830499929719232,-1.0371992272823753,-0.5018461697572361,0.4177255295685482,0.5870420633683909,-1.920071304766522,0
0.47742395013308614,-0.014792056468705236,1.1566203390724332,-0.43800292081359915,-0.35191892165185246,-0.11401766632311203,2.248939374840258,-0.21797423474574656,-0.1969256523435681,-0.9766917190882815,0.1352303003111,0.8451838227342927,1
2.228058617750151,-0.07670643069190539,0.15611317649518994,0.19822038449239784,0.5810303604732651,-0.2950340094726555,1.5901053275102726,-0.37735184723314247,0.5658737843764802,1.3182360364354428,0.08088712093467905,-1.3657492371674471,0
2.1948887331736766,-0.44333763437919127,1.1532057352145952,-0.7965546633369216,-0.43488193882405846,0.4394002590215244,0.011481419899265719,-2.2259166819936897,-1.822490557515168,1.4129561991486774,-0.3865440295149152,1.7817899024067159,1
-0.8179538360365145,-1.8235671039170622,-0.25162002118585614,-0.2340522224774412,-1.2854833330220201,1.7640068855353068,-0.16981078265807692,0.466844203815467,1.3725570747403686,0.9783598294643717,-0.5673939403464663,1.2192660282119556,1
1.507869996730694,-0.07936276111234004,-0.40036765678455977,0.6862986565990155,-0.7449509291389188,-1.2012424632943974,1.1775627620719662,0.32020429896037766,-1.1566721124929704,0.5602337926100727,0.07921522623131401,-0.63228195876815,0
0.03252557971776313,1.6043992716027702,-1.1777801210323855,-0.5202588363741119,1.9073771379309388,1.2742020249721717,0.5144199989057985,0.719042805465871,1.3814037621961337,0.06873580379916887,-0.29452964442868124,-0.43611263409254897,1
-0.47094882422603046,1.5216681940730672,1.0730080811791214,0.21809954385546473,1.2564641802563825,-1.5321690511811346,-1.4638047845381872,0.8321422317073514,-2.30965235776919,-1.1771550761432372,0.8859315870390337,1.6540407828623374,0
-0.21833997550571124,0.35607359847691405,1.6026553892293984,0.803199728648357,0.16793836377534818,-0.5431529806639153,-1.68086354109879,0.8745790849461604,-0.04240549034136335,0.22216535833632955,0.21056449466469335,-1.2710813652855009,0
-1.2551438346296449,-0.659322280114525,1.2244722201162959,-0.8580036410882471,0.6532850935057121,-1.7197056176690353,-0.7916766044469593,0.6600862897377069,-0.6685333734040455,0.8738352895404727,0.6552024525713686,-1.0181167468201606,1
-0.26224335605649873,-0.7666215053114204,0.3785537279175127,-0.4219364465857912,1.2521272649524087,0.30739501772964184,0.018644100083829065,0.16768266910483032,-0.002034009991341988,-1.0285707299421327,1.0588744547344546,0.012254344651012238,0
0.6428892925585054,-1.1702911421623234,0.4329248572979373,-1.6708674255683198,-0.40336604739630866,0.6929105460223897,1.3890404045966651,-3.0039469138302244,1.237787141063972,0.48587537025438077,0.09833890416877374,-1.0427647383555465,1
-0.27113983018436705,-0.3040056536711195,-0.8522430278108947,-0.017291169928134346,-1.3403428992198143,-0.11714175691857093,0.9563652469247866,-0.3149246219693174,0.09526910171365262,0.7661360330218228,0.40488993856164346,-0.6169331592609674,0
0.8573732648997698,0.3866650878276514,2.6334176685966706,0.033423716948769305,-0.21352531773327188,-0.04653293616839609,0.5561210713465681,0.12653753172219334,-0.35874136635275766,-0.36564219718995233,1.1333612767451362,-0.2937569893427987,0
0.3072338549108927,2.6210039104824654,-0.30454872495936786,0.37110065327170927,-0.5866342476117552,0.8972307111820212,-1.3168440909807724,-1.69826013999843,0.16672605928049494,-0.6271952975535138,-0.8642153645869932,0.3174209152961916,1
-1.5315332756252078,2.0660277254098656,-0.09668643248198423,-0.3146074450914279,-0.6199768811299095,0.5826898242715007,-1.6848421336391708,0.12422026336905462,0.9320000543741086,1.1079701570193405,1.4540223467459967,0.26507330914411664,1
-0.32966630747701675,0.279737990627045,0.26731925819583663,1.0493586530620187,2.3769057134307734,1.7632101812273897,-0.7930120124982794,-0.6645714169437973,2.088455118636205,-0.8088422401721426,0.32960358763508746,2.1520828350073824,0
0.6996671481934716,-0.8395522946858907,0.5818713477743668,-0.4509359710702862,-2.329911067999911,0.13509787846716464,1.4800518221551264,2.2339633889913992,-0.3943860352586397,0.7975274029378862,-0.5804117407025227,-0.28015781650325233,1
-0.4230786527223155,0.03844794954742115,-1.1815251977966217,-0.18942171227119373,0.6400319938489869,-0.2544194733627614,-0.4038493556138331,0.378881893477328,0.14096196468228045,0.31171545980237303,-1.2962995533380812,0.3288642306107985,0
0.1999461934771048,0.01209161983955696,0.0305900027277348,-0.2673743923238986,-0.9921978342412195,-1.2269847415607071,0.1627024964289679,-0.41640673696648495,-0.4317350556043083,0.5991488020961326,-0.6588564608870668,0.03334074199744737,0
-0.9227496102563137,-0.7292699260670142,0.0007647661081692078,0.44602121675031725,-0.4304548127966017,-0.33195141927249433,0.5301225456070331,-0.15912789996944524,-0.6250958173192396,-1.3234979078527378,-0.8323396978754035,0.6576069678709979,1
-0.7987836160656213,-1.5075968222975522,0.058598353392872636,0.6006908866109403,-2.0407037554628977,-1.2893419682688145,0.7845666148794618,-0.21202057514243716,-0.6334682165080161,0.562795072576377,0.8743236599792749,-0.45497280808725643,1
-0.4296473437540004,0.271357736205098,-0.2612504456987669,-2.5851075119761187,0.2739764674004126,-1.1163612928566689,-1.384283286115722,-1.2039276381627786,1.016482134246036,1.1485556640701777,-0.13272333970237182,-0.516804504999402,0
-0.2620193130876758,2.3569378401487144,0.7907995263996155,0.5431825622110519,1.1467657626072059,0.1740066751993364,0.008137796379631745,0.36627921084303017,1.9557897943094769,0.4077288053673312,1.7429090982431203,1.0855194533178234,1
-0.02758780529054751,1.7987730671418074,0.5002938314174378,0.9904858640419139,0.6749073381137061,1.1563373284440355,0.31045525754453995,-1.454538382617263,-0.12246949301414602,-0.24901246554809453,-1.2171572644969237,0.4993915792233461,1
0.4990824478829899,-0.46149782970689857,-1.887594739561959,0.4987045355690872,-2.1890770331032448,1.4859186009639478,0.6371114500558767,0.25344070176653144,-0.7577822158338969,1.4902111596447953,-0.8298123204400649,0.7637931659721389,1
0.9161312839907226,0.6938487472836165,0.9255036171312183,-2.0879041435617967,1.7442576040157372,2.006296184293804,0.5229773776641073,-1.1927084745425112,-1.0230924664239287,-0.2615551981949155,2.374894390619993,-0.46050774067599914,1
-0.1686913567499258,-0.3700720647262732,-0.8371600359891942,0.9393562294251965,1.0510377706358829,-0.1309990622597979,1.458988717823637,-1.141554903985918,1.4147401516797529,-0.3417325790651959,-0.36858038919802644,-2.075799544334089,0
0.013428009092107172,2.220542655846203,0.23501036411185197,-0.6683668044803259,0.4613834991175133,-0.668789254735149,-0.05605138412937544,-0.40575526728745037,-0.4884990899539932,-0.7871277301980165,0.7371177545885673,-0.5280517508419023,1
-0.003783997920122904,-1.2576748998895861,-0.1452533255252601,-0.7000071848190977,0.07605610324568551,1.4060213293701014,-0.5801598788336454,-1.5177363224237725,0.889484996750195,0.12268514009355434,-0.48606542980944406,-0.5174992453492623,1
0.02003501645052244,-0.9456275324193327,0.5561669841743789,-0.9413644586125777,0.08355257107689605,0.5613719812877531,-0.8864339980364055,0.64283975107982,0.32803265703528,0.29116646452160316,0.28734815961285204,-1.9430606114912439,1
0.7265009890726503,-0.3661541839151154,0.2704412181306183,0.6338850204275004,-0.3453415213450384,-0.24978882758365437,-0.2617179000660156,0.7362049634972836,1.0779106975191168,0.5089086994160781,1.6194400193780931,1.9980265689143863,1
0.6595692412347918,2.2883093088333464,-0.013326210757826765,0.9152564571194206,0.4513934954218769,2.9222301991547526,-1.1885173135052054,0.12894226835213868,-1.2672648476752357,-1.2082255409788427,0.8958656373897255,-1.8561031378703006,1
-2.9671509373249347,1.2010880395408252,2.470095803804069,0.5567462008956962,0.7386846285848553,-0.5804692167767864,-1.6630150486591952,0.36796894973615185,0.5170111223903109,-0.6386333569790958,-1.3493568662970188,0.11107718226103842,0
0.4996578137760661,0.8417220122261883,-1.196866423125045,-0.929736900266708,-0.825678099007859,-0.19393809404660664,-1.223662620202096,-1.3911516968697848,-0.45229239509282393,-0.2720217127502594,-0.6432199189946178,0.7101744842810945,0
-0.22696244053691897,0.10913026257078245,0.8394932493838533,-1.0927958542424865,1.4463877886911778,1.4408853759010671,-1.4877799132244534,-1.0545596800091421,-1.5416984159575624,-0.7629020961780036,-0.9210650840884186,-1.303262577132834,1
2.13554399329195,0.1485004393616,0.1605134526770572,-1.2788277208779923,-0.4468631395607352,0.39503772710367285,-0.2825481383692599,1.4700973825922974,0.17087916767086486,1.3702126803303956,1.2083693448753032,-0.4191981237975976,0
-0.7144531998279119,0.536546895462031,-1.5587555230194752,1.725744620390042,-0.6524369449634492,-0.27876691776858,-1.0532928079694694,0.36018207823819176,1.7281992102141392,-0.15302018830490421,0.6258461368920423,0.8127654287824074,1
1.9387143818232349,-0.029458059288482146,0.8660431792881276,-1.3846673157166594,-1.4131366244794106,0.12846896162808327,0.2688953623214611,0.781564814513535,1.0508728755248868,-1.613691741177133,0.15920631273595706,1.073467552069135,1
1.8267994363556477,-1.014244875689503,0.635649404849499,-1.990081576467917,-1.4520791800130735,-0.3818652007826246,-0.05952354757022876,-1.3046759174984996,0.5033073671451068,-1.3545887338022822,-0.08824628940022838,0.8538745597938542,1
1.504262231825942,1.767849235381833,-0.7594331268016433,0.4279727654649488,1.1116051810294554,2.080510707556329,0.7421241682628668,-0.9910038342645158,-0.6068777079416074,0.6672991178938772,0.02227484157034458,-0.4906945038267728,1
1.4853520897885675,-2.037434632245688,-0.7054739023422137,1.3148941278906672,-0.6519447571065946,-1.0872341288077145,2.0693078054261265,0.0087235604101881,0.4709112942626553,2.212150068002645,0.40770948408273616,-1.6029811418299627,1
0.6602081570888622,0.315789284877458,-1.2659372326739584,0.5367307728659457,1.613963805847634,0.3942793130380684,0.47841950800296956,1.0002712509709961,0.9823754140790067,-0.2797432489120535,0.6841277010686739,-0.9584764982003999,1
1.3093338616614805,0.7525880694785402,-1.072265593791551,2.0410314603685342,-1.3065065779309133,-0.9000527989944902,-0.6555232206929705,0.7083655853498971,0.4258765725057965,0.5904768991960082,1.7455509049384015,-1.1363730551589495,1
1.6449832490415532,-0.7833890134044528,-0.46494782547686153,-1.134972284683334,-0.15067735821557898,1.3992317158327763,1.3752100620868584,0.21717538348564613,-1.566368630655312,-0.6500043596048022,-0.702102188566687,-1.3360017983786332,0
-0.7458328381841872,0.560367083738143,-0.3326658451265785,0.061055289405383295,-0.14946312031492423,-0.2079204068063731,1.553275358675972,0.2104066433106733,0.22169335628667486,-1.0473468255440759,0.7493435495441861,0.4727205037210309,0
-0.5505202687060318,-0.3953723579932789,-1.5263398691838783,1.344896645649752,-1.36735877196051,0.6529274699440496,0.756709323523818,-0.7650880398693349,1.2077770621412685,0.6087153851770334,-0.39355571255402455,-0.21971993348134472,1
0.15737358359000514,1.052150237656479,-1.7012035120384799,-0.8385642697842577,0.3500834094704943,0.9179989580916142,0.5195104316275172,-0.38358352853341526,-0.27039296234420834,0.6392627821048976,0.698046168354613,0.9198051138184901,0
-0.6308795687507484,-0.741783926568052,2.113689235226312,-0.2878677244370365,0.08939413450852624,-0.5029409270245686,-0.3294849551098592,-1.446800096428613,-0.008109022628680159,-0.3998146661644553,0.3636827948543349,-0.4110286780828457,0
-1.3119225057857549,-0.7517106468365488,1.1536440145999252,-0.8558500038407953,1.363333750442605,0.36317768255110117,0.0541807247611243,0.9345707422000978,0.06744296406895987,1.2393860006625323,0.14806026755178087,0.7240832476914317,1
-0.01599912801204816,0.86935230607242,2.2988568120422785,-1.4021347493854983,0.2783926331445754,0.007324367806915636,-1.1691727798081533,0.024471103423775738,-1.981511718755742,-0.9873591489463637,2.3071822220626186,-1.4014575610281899,1
0.3501078167643481,-1.2778038314580054,-0.359996018452636,-1.3510761478206608,0.44472584168973506,0.02194669571051809,0.5409782151378867,-1.7545709894000836,0.6810123466066054,-2.5562740830060044,0.5818552474857001,0.49043010951584876,1
0.6101889730813274,-0.871486791513022,-0.14175675173260838,1.6565355910523207,0.30454749075006743,0.4544169821268278,-1.4667381395227013,-1.8402190832724605,0.11781442454758734,-2.343725056435029,-0.897910685550371,1.1426836914907925,1
-0.547430440381409,1.1804651431450888,-0.4582912946569394,0.2994647183626649,-2.371657610309587,0.7497758423193054,0.7983192517875706,-0.04799297610090569,-0.12681992523753077,-0.6888482463883037,0.4050662190463952,1.1274468379368474,0
-0.23627667561217233,-0.7840096226401696,-0.11255026175774398,-2.067254739832761,-1.3834894875575496,0.6773151086743692,-1.3833371246107147,0.7536231338161687,0.03559482177048516,-1.0674880786223175,-2.564009527804366,-0.3249613295612358,0
-0.006841165138287533,3.3201966017332425,0.44886373370097,0.08137590561359787,0.7292694915733,0.41231162900413104,1.9540011617736983,-0.02577439105460254,1.1541688057990835,0.13847719587643387,0.36950943475823156,0.22728423339557988,1
-1.5617094455721976,1.0336878645836898,-0.7973886643437496,0.9768461618204626,-0.7551505556034702,-0.5362413856380962,-0.8231456629650209,-1.6005638053819349,0.5774276773974298,-0.23218461724271988,-0.40090107214336024,0.37815620072346057,1
0.0305008568322593,-0.2447919667669854,-1.1594747823188583,0.6714228951900858,1.3933430938727367,-0.8548429553933938,-1.6792678632274043,-0.1946452330617342,0.06705380776351788,0.6008939007798149,1.241263967547474,-0.8383885005486558,1
1.4848996513700676,0.882412427339701,-0.3418744981430286,0.3345261644581314,-0.06026797741787213,-0.7103265792372461,0.4944663958597294,-0.6230538651079901,-0.43628549542078493,0.3370691010885353,1.1272711923708687,-1.0100063916382493,0
-0.5796958303004013,-1.1317860830330568,-0.63181082663625,-0.19590988784170993,-0.594406252971093,-0.6309504671791599,-0.927534132906177,1.0075308620613668,0.11608000383594676,1.6944399718057566,-0.5476620959901584,0.7710401067446108,0
1.3348695308113767,-0.9422867672237811,2.2619102192922735,-0.9853937541195024,0.8085870643190851,-1.2472532751311765,0.14334734028201676,0.4016415761881832,0.07272219710300849,2.0524218780308416,-0.5808950777965188,0.039462879586231715,1
0.11810935235421596,-0.8180567493339964,0.6599968348757013,3.1517521446010215,-0.2725681381021581,0.5504210856111448,-1.6597615795778788,-1.4225277229082927,-0.6904020018810691,-1.124087175505635,0.013297553324134997,0.0934346760001077,0
0.284948213819939,0.4892558667512219,-0.3141224375148191,0.884444216794484,-1.31347393605183,1.4551733991064615,0.5575245826531515,0.6652582666122117,-0.6391768161869915,0.5907460837827365,-0.06607305442377387,1.2840088960765663,1
-0.7486366298294811,-0.3935750900206694,-1.5690997100658317,-0.6045169402395166,-0.626996406374756,-0.09527454668397871,0.912293581461006,0.5262034588545194,0.4949229253866212,0.9724821531421886,1.2359559959427977,0.5827346738415238,0
-0.20068472447788852,-0.6891255884879878,0.5326802257368477,0.8677693927853565,-1.221390556252302,-1.7310529877210663,1.0987820220505118,1.406598858859611,1.6660904974156603,-0.08427489768688419,-0.669985996615155,-0.9808919986621775,0
0.11787651906978054,-0.6964279088947724,0.15713984614770937,1.6065149961114822,-1.1861153394808241,-0.5240890361684066,-1.0950185127205863,0.18128390199937,-1.3358987906812287,0.18030521234064037,0.05840982177458487,0.1379664979825949,0
0.2333038086512562,-1.28992113703186,0.6762933488241379,1.5874379331757495,-1.7970925289857123,-0.8363929324833174,-0.3364550772245405,1.0235437761442385,0.39765639836349204,-0.05777709501604683,0.37502758945577835,0.8328736676798629,0
-1.0103474908926655,-1.4186841149329954,-0.23253369049360462,0.5298027569857041,0.2561930267542768,2.110332441450034,-2.651538434444445,-0.5964627611648394,-0.6411906628144022,-1.7056156091788026,1.0941246451738154,0.43628988158131593,1
-0.9027038580758382,0.09428403232588191,0.7997568983078811,-0.07313731066176635,0.09310015620820863,-0.17129781031833127,-1.0497649063142356,1.1882700181457495,0.37976703891641944,0.860236779944132,0.6060645564444885,-1.218544273768635,0
0.03690165816454292,0.032064020687184544,-0.31340428226385175,-0.3249461158029427,0.7760989491070355,-1.0924026133949094,-0.9819798338060499,-0.21500888785793368,-0.33922396210061867,0.8021505024086115,-2.5095730861249628,-0.7482000733083615,0
2.079720616038514,-0.15129165986299412,-0.6452698075378024,0.055808829845025325,0.4866240218186397,0.5009497517549846,1.261987980295861,-2.079959895689054,-0.7417156466772756,0.5992489651330546,0.6161893937177985,1.1230930553445837,1
0.7969198369009777,0.24153807654950463,0.5573007837084973,-1.1580374998887797,0.09211008379002587,-0.8201112409614946,-1.370088350876059,-0.5571451102927089,-0.7527072788528946,0.6537387361052508,0.251345488570542,0.2738462316837227,1
-0.8144550611599065,-1.191461789224681,-0.6501842014686954,2.2303138822714024,2.2208882201139777,-0.5184822723827113,0.8063927507913211,-1.0932554124164187,0.04585720035140069,-0.14251089546242326,1.9254757612956757,0.18350967232461013,1
-1.4307051261189323,0.65988756893968,2.0530980100995917,0.4813965042159967,-1.4223842365611927,-0.7739763182659931,0.9282921233850226,0.6850843831461578,1.8105208481903359,-1.416694428635751,0.8980990775371018,-1.0465004920641756,0
-1.1437864937732736,-0.00804404227110302,-1.2187683589609042,-1.4670796261313779,0.5251298796630435,0.4010786897713205,1.1160077979848793,0.07608603577944294,0.39827801429139303,0.8423600313111452,1.3810191432174375,1.2506480013258765,0
-0.048768929186418,-0.06638736361216864,-0.8691559294914728,0.7954437786660509,0.6287765268944316,0.8439422440856293,-0.49782288790276746,1.5679107697478467,-1.8101103891843005,2.0232395548679993,-0.5589969567637283,0.35366859933836586,1
1.4337627545539036,-0.22342727356785147,-0.32780561612989645,-1.4554057963464202,-0.4478526601470748,-1.7794587232546797,-0.03566053382422013,-0.6464286932553096,0.6523983968347652,-0.13918247912524015,-0.8544770227026787,-0.8725322595457964,0
-0.45287447019915555,-0.6322228162391553,0.1567816957259306,0.5452651633625667,-0.17250409884322718,-0.021789282951348618,0.029172420909965018,-0.1177049249228096,2.727724303050588,-0.6502795114696962,1.4934942207911093,0.5566044301715907,0
0.24428634259306545,-0.042661376113868645,-1.0859916176678488,-0.0030431730392380136,0.1312224161151614,1.6675407488297134,0.20491571084730587,2.1808339825181764,-0.6396031948853192,2.049472187823975,-1.2172893887109144,-0.42768297604199873,1
-0.2371661694904234,-0.08629968760349341,-2.8038894198809583,-0.1638086135939679,0.15956184940570986,-0.9872108024533585,0.028054242507945373,0.9828827435706545,-0.10725747903023339,-0.574496016692437,-0.23085563456254804,1.1579370415012225,0
-1.4705824150274456,-0.8326853081348069,0.9668677835788427,0.5376845190615063,-0.05846950740946758,-0.5072181112115003,1.2203967777410596,-0.23817852615995758,0.01745699121967385,-0.48946696905729814,0.7625713195411298,1.3304492804682224,1
-0.3818183864529151,-1.1597088336206425,-0.49248726737304627,1.5454480794881613,-1.3922673506547125,-0.3742056726639203,0.4690694663404,-0.9971100831338827,-0.27111631937203395,-1.2791801403464458,-0.07683326193323702,-1.1389015437830532,0
0.2534813013490498,-0.5910636709029218,1.0543994525118654,-0.15378531286895,-0.5425563879114479,-1.3774039854586206,-0.002371106117013069,-0.03481581613538002,0.07323394672389602,0.611246815902188,-1.0222459064894411,-2.63955098956451,1
-0.8002682631004082,-1.9438307456009765,0.559360513451515,0.0014905859033148292,1.4553133113149015,-0.5754898802151076,-0.791523172495431,2.594886025740542,0.6468953590261879,2.2782648653610478,0.405453529920338,0.2763599883824663,1
-0.8756704256392667,0.07124109522007528,-0.24107056534442028,-0.34084038047416726,0.23740209865356288,1.0743581647428384,-1.4845478236303231,-1.3327814993191227,-0.11681568838305438,-0.23101747450132884,-0.6938337735183769,-0.23441780876012594,0
-1.8074391314146263,-1.360693631574989,-0.037067629679375734,0.6334591408452753,0.8156580795935007,0.34210219763425365,0.2760083793081399,0.8937227360789711,-2.00568359569236,0.23123259067530683,-0.7813839951607874,-0.08784591781481296,1
-0.4049619523860184,-1.079974755893943,1.0827683135883135,0.27007262538579624,0.0861861407616239,0.9216025475591514,0.9394032566181059,-0.3418615132695769,0.10765850129714435,2.7214239904378874,-0.7598423132013985,0.06405050037034336,0
-1.0384104205731128,-0.3496753085289792,-0.1314396172978641,1.0644550649393427,-0.45853979600527145,0.5475801861034277,0.33008787755927016,0.46806475228432215,0.9241910066256016,-0.3017606998516271,-1.5293635344762253,0.2989560623464312,0
0.6808334844359244,2.3586482827528163,-1.081065540256905,0.8435419023287074,1.3710337513666804,-1.752532279054104,1.0278189290501605,-0.25880705520378666,-1.4240062012975803,-0.3620445851991331,1.2070152913414094,2.0386505996608655,1
0.9969920339574339,0.6991205511708729,-0.24439812465644042,0.5845124782272796,-1.557173867680751,1.2706312488484124,0.628005293857658,0.608641357118776,1.5748822249723973,-0.08152813428420722,1.5800615085676115,-0.9696380048179233,0
-0.7530117325300727,-0.3766657368151982,0.6009621850034935,-0.027099772542069477,0.1498696296266507,-0.8366140588857588,-1.361898455601731,-0.2712738305238366,-1.019356192135692,1.0388005530296842,-0.6248370293558344,1.4507164191992394,0
-0.08314233685116491,-0.5509863864462183,-0.8387934656160043,0.33819833812239963,0.37441283380623125,1.1824937748470528,-0.07197559416912447,0.48612466058838816,0.9172926010304431,-0.4352394404753941,-1.1787902630739922,1.401598943876031,0
-0.28787406971359675,0.46828400034179873,-1.7814670271123982,-1.0998422872772047,-0.03990562612296237,1.0317292091562955,0.6725318077269778,1.2396851559346922,-1.5343081405917864,1.0491963927733423,-1.2733138592718316,-0.6698831708127132,0
-1.2630736146184733,0.35603754389235237,0.5431175605801463,-0.17182756723580175,-0.3508446461268021,-0.9294995627113248,0.2995633710939169,0.04565180588244093,-1.0021849135286713,-0.58349843300008,-0.4438744511223618,2.2907886826679764,0
0.8865001740328231,-0.9145384205828915,0.7327163818726953,0.8710720236264121,0.4977875586341184,0.9265513146967549,-0.5715248943644138,1.871778928589046,1.7612783234395768,0.7689865285280109,1.9612261426047932,0.21056002615128533,0
-0.18431594636055695,0.979409262509149,1.4752783296726304,-0.31287238429375264,-0.5207859964306791,-0.22672296941329964,0.28094101965314444,-2.384526390931568,0.9378716284497034,-1.1918719854828468,-1.8624722004618437,0.34952446091430345,1
0.5376753494780416,-0.7597077411076611,-0.7420408819572739,-0.36549071872198274,-0.08428883936971147,0.22725604576615313,-0.13402347559699668,1.1730426935902942,1.776153919636338,1.549693750536857,0.6880669183426152,0.09287863757556364,1
0.10168646950727851,0.017035586399296872,1.2069776319288346,-1.5284476083040577,0.15507101969593834,0.3990301575113984,0.6781809171153798,-0.4989845556187754,1.7578741539420775,0.19237751431176203,-0.07415528154263126,-0.3477435736001922,1
1.39993778297519,1.1099054105582822,-0.5683149262582525,0.046481105659609896,0.5191449249909084,1.1914624995073662,1.039914440846017,0.3703442306156194,0.5092079940468706,0.885254037229903,0.9551041570412597,-0.7491213401552953,0
-1.1856023414594261,-1.280029689376128,0.6693050653229409,0.27568321781416144,2.030998309718567,-1.7646990866383911,0.6961436954022274,-1.1237316355812423,0.6837275999779486,-0.3389746857431182,-0.004630460097877576,-0.10687631833854394,1
-0.5253723604269216,0.8449055098317266,-0.9727412441775185,-0.03690921844700319,0.3038560228330294,-0.8500379518800231,-0.3412369498721143,-1.41178355342487,0.5820543637037643,1.375806153321699,-1.6834433899604733,-0.6483769592413091,0
-1.1608071259865835,-1.8839008621829438,-0.3863462693877903,-1.872324413329121,-2.311401960477074,0.22269338861340038,0.1896706196284441,0.3575300884994437,0.6892950532639069,1.7355597542945829,-1.9983896984816196,1.6950095689719018,0
0.6862352484598309,-0.09473624167368547,-1.6497594942035438,1.7051124750321627,0.7789964828183424,-0.018678311080721988,1.277552242352753,-0.49100189552935286,-0.14548290761680172,-0.6907001498849792,-0.45196928928665436,-0.7671144964995964,1
1.3032963289943862,-2.069047995667563,-0.17364657649501705,-1.1081981755552996,0.013476438346194962,0.7679802618387018,-0.624558235966494,0.9689005699569939,-0.4632232068992427,0.8122271000807869,2.0640261425845683,1.4163034139357984,1
1.2591018447435947,0.7989481635200052,0.6694839777148822,0.6166993001644521,-0.6955119556247054,-0.8867489807543942,-1.3247815035636064,0.4531359236620479,-1.2050238321413247,0.3875666951442574,1.4303139942554135,0.270709360805998,0
-0.05247314330112136,0.42663684149755515,1.1637020563564597,-0.5398973667793094,-0.3532870820582151,-1.6779182606680416,0.5565850999775586,-0.6185588480920493,1.8132261678596522,-1.4254522459677945,-0.17094504059433777,0.16491069024343055,1
0.7004455869591205,0.5634769922411378,2.1872086674919897,1.4879813005138702,-0.698975294814134,0.7871901807041127,0.5591541859199044,-0.7466516979060767,1.0133452263178684,-0.023340319125897967,-0.23712043432659802,-1.3300188581002577,0
-1.3244032438677626,0.9726375629338451,-0.19140184141064753,1.2137805796603807,-0.27668902164118486,-0.41412843566223423,1.664122197008382,0.8629559464805753,-0.8583736735561566,0.5066662780946167,-0.3177503641672439,0.2084185518079175,1
-0.9831396114033041,0.7000102401779751,0.60708909671244,-0.4870565372036712,0.19630047696792224,0.06717020554113594,0.27267583866395545,-0.5396675716169826,-0.06388792438499824,1.176867930472947,0.17053922037724448,-0.5076751849061428,0
0.5609891188755783,0.15345388544499383,0.17497570317210756,1.287854449186785,-0.05892440105680894,0.924116591411788,1.3578388297912836,0.8908615378106902,1.105454962916281,0.16927809095332771,-0.7664928227444524,0.7502989514525877,1
0.31657154851244107,-0.8680684877482046,2.0032333927096415,-0.8774435525639418,-0.1298969427021637,0.8073877337090493,-0.2170749075931289,-1.1126844363852015,-0.32059587476724744,0.2101425559006049,-0.590427316622163,-0.8216419890020918,1
0.8353549240391647,-0.0873037790682368,0.6201138669921967,1.3271025043935623,0.20924841094363197,0.1680000114393777,1.6690481517442315,-0.25876149651972763,0.06009125889335245,0.7977372343553474,2.027547076979166,-0.3243969971117261,0
1.7485198283375882,-0.43266436598977204,-0.960164337613293,-0.28880350098812146,0.33595357729825026,0.6173936322462822,-0.191218190986455,1.533125263897496,-0.3880948454710498,1.2388682190747493,-0.8410109814782908,0.6366959800068347,0
0.20884877633013,-0.5408787842244003,-1.3989179143585269,-0.43386320102482556,1.0379248583349485,-0.4821310730341323,-0.1546614133804811,-1.2834697160380173,-1.498434946375955,-0.349430712743508,-0.023240804269279252,-1.4125587350613458,0
1.467622846313445,-0.23298836414309157,-2.0500740833871527,-0.31845122581044877,0.8432470219953226,-0.038809789865075266,1.0438104746241696,1.248142351009801,-1.9527761979986555,-0.9406474565926669,0.6397332264150273,1.4324484289261934,0
1.2012006387022285,1.53298876712022,0.025372811869246108,-0.7094029719965778,1.1617227870424816,-0.5340023872295921,-1.4495986701465584,1.991462048530296,-0.5152585762464456,1.554755902167266,-1.2323949036100204,-0.027593425013245278,0
0.25342366826949314,2.3967022415970023,1.0312165919528755,-2.052774951277043,2.352335625731281,2.027426004911554,-0.6993686012961553,-1.1317322946926163,1.1984707711903553,0.39754609991199663,0.48204849948818584,1.6892983930074201,1
-2.877299761832976,0.7319938015576172,-1.3955945345746426,0.24757814949900891,1.0615582956868896,-2.1713236383108074,0.8529310650427402,0.6966804467648062,-0.3769303319772735,0.9104896748745054,0.9769706737974991,2.3650499398462013,0
-1.6849212936684093,-1.0050875171284874,-0.4191228170771171,-0.7615669591194135,-1.3603130017584555,-0.865243091245848,-0.5983770739786881,0.5801288734209705,0.020920364725092754,-1.7288340563187041,0.5654020412530775,-0.3079715043918546,1
-1.5872771066472369,1.091635277976664,-2.22256102276462,-1.3714621484763325,0.1998113463341165,0.9260079801702467,-0.08577570150292432,-2.3305677465784123,1.264935907881547,-0.6462460037638997,-0.0017414408481530048,-0.3904269882774229,0
-0.8046893081653669,-0.7598120218750993,0.0024427418549673834,-1.359608370210069,0.04872502203063496,-0.9756182600823514,0.8529603173400119,0.2209839334102751,0.6911406536269238,1.2258537218748353,-0.53898722554755,1.114368065349284,0
-0.8566758362209558,0.06633644092040375,-2.3876315075387993,0.48531587681863464,-0.25603996982287747,0.5332582203537407,1.1306742376088694,1.1250843123830765,0.9866307850258922,1.1623473129411017,0.2370274028422421,0.9449185055739305,0
0.4250077685296379,0.8700191915521925,0.3525018547867755,0.5876129402651843,-1.7172439793695304,-0.31659445944615733,0.3604751254510823,0.8751066474697384,0.7566088400040274,2.295653903979264,0.80380148963691,-1.5463526029489583,1
-2.4449270064923683,-0.5707369915805225,-0.6692164608836504,0.22608062195858283,-0.03295437405379649,-0.5916756241243317,-0.780828183702496,-0.0849650895832153,-1.1945463466987647,-0.02356288045160332,0.9913197379610228,0.4249674900871115,0
1.4752395920999473,-0.003936064584549121,-0.14471044897650498,0.5415869796763239,-0.09769863226713178,1.2611222210577946,0.9111037302196778,0.26845239496100154,0.34330891944519143,0.5399836919313142,-0.5660544423592134,-0.2566906843481764,0
0.03634879767947098,0.2583463007109593,0.5425000458226074,-0.050150086562182984,0.7321603558432825,-0.2411392646828589,-0.09508555403638015,1.1689525891058725,1.108411447424903,-0.8649239385855355,-0.37140985437922364,-1.4578389298605796,0
-0.6734872601771467,-0.8602905497802736,-2.384243304207298,0.30048620066102394,0.462829341623355,-1.3570727296163334,-1.1016036866313788,-0.9880699278063767,0.6552334754999403,0.059086961144383894,-1.6375498168242177,-0.6074027144682554,1
-0.8276632651908568,-1.0824659275740771,1.050166076626299,-0.15575672364866136,-1.1324100922708324,-0.9216741751790214,1.866369772040742,1.5190557073296607,-1.3429724369519929,-0.23586642627447213,0.09029644493902547,-1.3818748302097146,0
-0.7654578683408944,-0.4745511749264751,-0.30842982147899645,0.2967672257242018,0.03938910746344415,0.7835040782789674,1.399931469908486,-0.5172946827715891,-1.0440712527024314,0.28045317152087934,2.5753612489300535,-1.3112997600337533,0
1.4871135471870938,0.0021395183706916314,0.4348871406511964,0.9124207954781391,-0.10377230361778457,-0.32546158623629134,-1.263131939752634,-0.596901641014204,-1.2990379245009533,-0.30104371676658254,0.6594379098104255,0.50396843664076,0
-1.4470331481605891,0.19298056117403012,-0.7727992370705044,0.05541364802695452,-0.7732743537333346,1.0001020688906823,1.3765868879677488,0.30950906877067424,0.14788564498504955,-0.019759624110769508,-0.3304395534619648,1.320634987420025,1
1.0147524288749337,1.2238416330282444,-0.12453379118560055,-0.439927962587421,-2.5182351714282354,0.7579067430844949,0.5262575171158087,-1.036104809410301,-0.834145237239955,-1.7838298322251787,1.3617124990661282,0.6981174860649769,1
0.7455734964447375,1.3043530630434008,-0.7699664530043748,-0.5519309027489825,2.0631312972214415,-0.05551245114343184,0.7666992303898357,-0.9371016679317488,-0.030456212762804184,-1.9753721008621241,-0.4201884213466895,0.8859117556320742,1
0.6192852558819101,-0.45160353710957724,-1.0933918533838558,1.0451206498044148,0.5899154940598933,0.287806334333391,0.2530157161871933,0.3060931878124337,-0.840241116305329,1.0194120299162417,-1.0744839243979591,0.6045009500461548,1
0.010840026996088117,0.2706845427350595,1.9944920003252347,2.4169951881594605,1.6981556210526514,2.174718032147345,0.3773178853175061,-0.7187087956081852,0.5250472352580476,0.36836817265251326,-0.5627175253647037,0.34756872985064946,0
1.6050512094043397,1.2139248647316014,-0.426754004660723,-0.9477968443750988,1.0680845598574165,-1.0190717517578098,-1.1664116524217731,1.879718099702994,0.5139725820490952,-0.7195563325722307,0.11732483217714317,0.6683179304191601,0
-0.1427015731102843,0.39968826993445217,-1.2769663539703215,0.6214191516299158,-0.46290868727298706,-0.19009364507557636,0.887839132343055,-2.017869819535364,-0.6706300546427687,0.6670406655596575,0.12867440005438147,-0.29141318947798456,0
-0.23067257348826153,-0.36282819793256565,0.7345422876627605,-0.5050158534029419,-1.3472680978634506,2.216443099085601,0.007839587503453186,-0.4582079416214868,2.7925046082636102,-0.845992187257465,0.986146647703107,-0.5576999073152954,0
-2.205456004627647,0.7183621911127555,-0.5811209709655002,0.5983896819116367,0.15858518696856966,1.0384631897866063,0.6749712890676351,1.2070902772997367,-0.0658296795922509,-0.11261846602808455,-0.9475665145678334,-0.18853341147640568,0
-0.3786801193072276,-0.10391152903451674,1.8771750462829786,0.4788926013652902,-1.5582534904195213,2.4033576749672383,-0.5717306870111336,0.5582053562858154,1.3945956283390686,-0.3633812514203961,-0.18768545387379795,0.7681997039713844,0
1.8219514996619754,-0.2954655051413554,0.23984127316480133,-0.2448729591620814,-0.5864418195954391,-1.5952004840797556,-1.6440037349796004,-0.47305488581676375,1.9855107976765927,0.10902814142531879,-1.2867408358323535,-0.6761891524328087,0
1.3667198114475032,0.736085373498095,0.09549984765509557,1.3536395960951775,-1.084396901538686,-0.9797941776377046,1.022291017544077,-0.8285133348247483,-0.333180668208108,0.13147066435032526,-0.30085144427388827,1.4073085411005872,0
1.4194404968274308,1.0622768969936711,1.154341007756903,-1.5170684549661078,-0.9807792448879379,0.8885220014216882,-0.6394814462949494,-0.26328276436790415,0.6287092790259858,1.3079570170552468,0.6547686278703334,-2.292677013382815,1
-0.9872893639373123,0.5528516277800817,1.0674716198634315,1.4716311977940042,-1.3509117998226343,1.140612738726117,-0.33278788779369134,-1.0678107040760805,0.7776327220539642,0.09852658187960854,0.19970423685427532,-1.5116844798690574,0
0.13113160724963266,-1.2163204636352032,0.7193388681385132,0.5852209202349273,-0.9585135293828045,0.6432040806851417,1.314546150271452,-0.20852356568645303,0.8126825040293634,0.6317327703858542,0.2657531756377965,-0.47269326365918607,1
-2.0165684614084833,-0.8024088756429124,-0.4834093420107205,-0.6243608978987105,1.5986423661431082,0.7922159363902108,0.518021707339741,0.049715840201709216,0.3075201820749432,-1.2917118914994963,-0.8530455914707811,0.797858364775819,1
-0.017153157074506667,-0.2024919107551504,-0.29517767388138777,0.6597654609168907,1.2111862738701116,0.32554977336392416,0.8931046678890179,-1.0244556008581476,0.3142202620129777,0.6648784554437723,-0.6929060062582594,0.31765556550381563,0
0.2896315156008557,-1.1482284752753191,-0.14513197179173631,-1.3687131748305186,-1.112676685764297,-0.2777252095748187,-0.06789442119949125,0.8639266448787796,-0.15365580964128103,0.9034043018140842,0.1102020661371281,-0.5872587752864453,1
-0.6642941198708191,-0.27647668536319386,-0.06903382258455967,-0.48618324029102694,-0.43579453599383733,-0.14201542552302968,-0.02323124665229568,-0.717106459626067,-0.9240255728495739,-0.38890637079965956,-1.1798691980378229,0.582005909294468,0
1.1460052813727728,-1.265791558430031,-0.24051578580914537,-0.6960431106046615,0.07945640132517905,-0.355425606434394,1.1202428652785752,0.5251656217974936,-0.4367062971362016,-0.2309905342617504,-1.389566591589223,0.041170126653616884,0
0.6686244298885804,-0.8401008611965187,-1.2997787751400036,1.0290488773489956,0.22082561913547846,0.14937002223984686,0.1900636341538649,-1.1614945589598111,-0.2374425057979415,1.746485376633792,-0.8684511287087252,-0.5649983517340506,1
0.9493124747850621,1.0970510297665457,-1.1503132158883387,0.06733683822133119,1.3091636762947678,-0.055284924248085426,-0.2785176477254517,-0.022224946651815222,1.3387386150293357,0.03717752942204137,-1.3509320129396294,0.3150534490490907,1
1.3923107021430603,-0.7595954310163163,-1.1502977283901612,-0.28504256708105025,0.6203074546990216,-0.8711289112312395,-0.11890809800112276,0.22245769504483973,0.7573123446375049,-2.3166266116397005,-0.11111880747129484,-0.07185892416286147,0
-0.9003895367813228,1.0259613246478323,1.5533641297987035,0.2716038423148799,0.031994771712442874,-0.9714154103676976,-0.43830994960216096,1.0440107130922567,0.7072047373504967,0.050259234801169464,-0.643636190470108,1.4447545497108147,0
-0.4443679512432274,-0.6934475504912337,-1.2369912611510667,0.1974717205680952,1.358521382453081,-1.2746137015429166,0.8381737320067201,-1.11149600806175,0.4847900978310059,-1.0465782751007948,-1.0483939645592097,-0.09184156026783408,0
-0.2990808556587461,-1.73526271760118,-0.7524902485013863,-1.7149219585771267,0.3113487884227548,0.15360476690997465,-0.18346300932080306,1.370749336363756,0.46357218485003016,0.7530432406442029,-1.7719774998368365,-0.5189167402421437,0
-1.667099156878509,-1.0470134552321277,-1.9099171824338734,-2.548311904166513,1.8413058455708404,0.8878476210192688,-0.46997740104058255,-0.568802880237957,-1.6939502471104715,-0.31248103119617454,-0.09224122046667904,1.448314249898468,0
2.421225083257439,1.4081281364935998,0.9440157526446203,1.035114880127497,-0.5374514609888366,0.240628579018775,0.7747975598645132,0.6702337262088319,0.9721432448588305,0.39257792579769585,-0.493804182860824,-0.22792011795952827,1
1.0931921991646198,-0.9652016114252505,0.5749862014668594,1.3194137709266078,0.528409289762233,-0.7470572741138849,-0.21957019234227146,-0.35341552306484825,1.6687708760991058,-2.274465246765351,1.7714264444627854,0.11316995684021106,0
0.2753340486343786,-0.9874216977966375,1.995247981302902,-0.31198705568928564,-0.06649639678506075,0.24552154560746495,0.588888171612181,-0.4169939783406023,0.7394902425760483,-0.42666360565434486,-1.4321987542595827,0.8381841699342144,1
-0.21429474293218514,-0.0480041488713448,-0.333724933209282,0.013836754006603126,0.42504844570676636,0.8633284722067962,1.9913969004846244,-0.8719819515768675,-1.2421519094287576,-0.10555953294059484,0.8347955664102501,0.0714930007321188,0
1.1152705651352663,0.46973972939360675,-0.5194137099898193,-1.5139420137595914,0.9397961920598196,-0.8294921328324978,1.000859064222115,1.9146677131469962,0.2554328154788425,0.5216251334090531,0.570628974619664,0.7687956948923603,0
-0.3294128685069946,1.1093272953399995,-0.7407853947201749,0.6285687718837643,-1.2417149283602973,0.7205757146077244,-1.7218629742813898,-0.5224676024481333,0.3488589251359753,-0.03770913698340363,0.8624089010054252,0.3964538734272852,1
-0.36070922772764785,-0.013947835856308217,0.9468630784070559,-1.275302319350528,1.4540740057434256,-2.3208092762063144,1.559245920607942,0.2837303437315203,0.8255697144515326,-0.3499220261725783,0.1012673582700694,0.044937066957813444,1
2.3506767687285404,-0.34953803589710547,0.9467821146308394,-1.9825351764582122,-1.2854470634852475,2.2451978427496164,0.38299244317290243,1.3678398323248167,-0.6827055714717427,-1.1905230958589612,-0.7592622611111705,-0.10304991914746472,1
-1.56542548189922,-0.22350436207680607,-1.7044078864003038,-0.7374257267431399,-0.8636696778967125,0.051855393030468856,1.4809185185744118,0.9685551489760899,0.7747102829519565,-0.21974512487798098,0.21881639072384018,-0.7207878199117813,0
0.8459298990927074,0.6975498487492114,-1.690515418310407,-0.3545402414257748,-1.214713066180826,-0.20459762690698297,-1.0293524878860787,2.677261532217078,0.717874123826135,0.8406887286367946,-0.5258942207416841,-0.29655450422233226,0
1.8042228307334116,0.7574262316126924,2.0892993632633807,0.09333808125075495,-0.353352283610074,1.5878581353121537,2.289076738578721,0.042873885432001796,-0.3019323044962526,2.3898415934142734,0.8304673930018175,-1.1278605302913587,0
-0.8355890127776703,-2.242434929100594,-2.4933518544122917,1.9519145834922413,0.18601064976526965,2.112341327699256,0.032350230423750764,-0.014219950937997923,0.7378855359108869,0.3336121848828228,-0.2909661027066936,0.79537544003405,1
0.3818623111668789,1.1362560783932967,1.3113217130783101,-0.31628521872838067,1.1828169926272052,-0.12841598455311962,0.42715396460928495,-0.2760630989552098,-1.7215869830181223,0.34029940663998703,-0.7082869679320803,0.16859998467408485,1
0.46181029828110753,-2.1884828471248947,2.347238264084769,0.5443458763391126,0.37277434671248116,0.03719565552401576,0.5425679021758927,-0.6256200878905666,1.1788499636604315,0.2911665284250361,-0.14745331480091167,-0.49064778604450354,1
-1.2732199348044444,0.9555662943626516,0.14705371445062848,0.22085664581943198,-1.0176733754568899,-0.37271205097585147,1.2109036858086866,0.940063817585677,-0.4397229060149859,-0.24234536922935354,1.2233661944123653,-0.4979484066524114,1
1.4083574494447044,-0.5356569695287027,-0.46973268728673157,0.930781463095667,1.9058024127938704,0.7227203235598968,0.26421429376787353,0.07713447828407054,1.4567983683918613,-0.02336572124573526,-0.289567629441482,-0.7746738948648277,0
0.47536647836589724,-0.8732407463021425,-0.09918669880618139,0.26413283154729567,-0.5914701880667184,-1.8084335248743955,0.25839424058810245,-0.39172574629913903,0.8971062441237331,-0.3385795982535432,0.4668449638901874,-0.8612585237866657,1
0.6220219070425363,-0.8322364286828522,0.3920744628536612,0.1332132681733809,-1.7220226739147482,2.2000196672538297,2.490186623227924,0.43111104140983125,0.25870221367818197,2.64418304196571,0.4247122030706093,0.5919255927448764,0
-2.0139595437258424,0.006034033994537471,1.3354633273586884,-1.296396229304111,-0.22841139867721982,-0.3580257544373289,-1.2646307048275416,1.0052691241500888,0.6812546271541321,0.8358210294273096,1.4789838383199923,0.018671168505101875,1
0.3790082946211815,-0.4094675146267038,0.6330694658921939,-1.002395032617833,0.8779602781765637,1.562610189884944,1.0188994054950182,0.11904163302038334,-1.1845449192151907,1.3518765331378635,-0.6538471370560434,0.654083016830268,1
1.167954218471773,-0.6502310838351711,0.8341526907204334,-0.46346796094857273,-2.2127548215677697,1.646518188090821,1.897807493482904,0.11398899479043534,-0.726437351341004,-0.04753278966545747,-0.03119559446330438,-0.609702598297973,0
1.359825623623391,-0.2571198768122484,0.4291942878177509,-1.4141185174785729,-1.1397913515273665,0.4375175651043122,0.5701576122191561,-0.7966491758662884,-0.740831670857322,-0.7917408864734271,0.8145670908079791,-1.1219041772296543,0
0.33634446926324735,0.11934736180874504,-1.482868647173528,-0.1602062211952342,0.7906187235928521,-2.6072981092299927,0.603510239475155,-0.6853788548227445,1.1054994730617245,0.9346826685018821,-1.0448663505057834,-0.5992980231504595,0
-0.5913958107788198,0.46385169927598846,1.2502552495071435,-1.9536850345909362,-2.1334764290470756,1.5469916908779597,1.9514810737620294,0.6257548619036447,-0.6015350884493984,-1.411090003451935,-0.7584740321252054,0.38017055696692253,1
-0.2165157124335179,-0.07210210740509063,-0.42246506666894845,-1.3467674016700386,0.8573311570736957,-0.6972724496755892,-1.7072829220975496,-0.8495993449610769,0.15877405784450666,0.5216133473934692,0.7113886154677128,0.4060965762308028,0
0.4945748034720952,-1.8424760774604168,-1.6259542042334065,-0.669259998628228,-0.3269618518869327,0.2810045266853153,-0.26240745365135,0.4666177920651867,1.1046639610150228,-0.11154555957528327,-1.2014553579294167,-0.6808053533021559,1
0.9114372335862926,-0.2230667240760384,0.9938676267778934,-0.16725712321313296,-0.13883269316719662,-0.9315308865638124,0.43122231221083196,-0.05191314506180256,-0.9690459779674984,-0.016911311213996697,1.3184270760843055,-0.40841410038309683,0
-0.1524159270746577,-0.6943061965994689,1.0898477449082715,0.03232488193167655,-0.20310974181248165,-0.8686676514705503,2.088734273142486,0.16173592438483964,-0.30309434924250495,-0.550030601933752,-1.593025813324061,-0.029651551598552386,0
1.4718186046092498,-0.10433966704247334,1.445566356468879,-0.786608585370308,0.22284258560598041,1.557793668283931,0.859666492019359,-0.6529261066399572,1.299845014121136,-1.7591417439323,2.3423976670976634,-0.13598340713153717,0
-0.3982421589310679,0.9639823826380228,0.3241300104196994,-0.18469413975869503,-0.06256457678103777,-0.7278781741948143,0.8232060734959888,-0.6853843008284056,-0.47523212538820286,-0.8826581936097655,0.09396021189585962,-1.4303122081491901,0
-0.9300348884462529,1.7520637302650492,0.06732513976093846,0.6335631075843917,1.9971207784187905,-1.0388466125860583,-0.5613508874935932,0.7516808824027125,-0.23160608483440304,0.5372371052597018,1.39392888670958,0.8588580419358744,1
0.24748731896406628,0.7856516842961919,0.13197753070247906,0.27258532145449277,0.6356779468987781,0.6684077536043106,0.890686585793549,0.23132026481814483,-1.1151204716192462,-0.63383107270247,0.10391068630679827,-1.269382697347626,1
0.13568031239330539,0.7595471716262965,1.41600489165242,0.21834956396809535,1.1038994362026928,0.07848234809390545,-1.2992424069317055,0.38543501134836655,-0.6675600524552415,-1.2456054738467153,0.08850320625773418,0.32950569836119353,0
-2.2793557194464906,-0.2794439718117303,-0.36556012782979574,0.7032049537278812,-1.1198224196320536,-0.08627502312814904,0.9217116278808501,-0.29316934296182956,1.8731830707002455,-0.7441131633653245,-0.030855782484340937,-0.5430632442827895,0
0.09732877766905763,-0.270826473676799,0.5749660352129877,0.29785456629779106,-1.4780897209967532,0.08722662661633863,0.2484874064588223,1.0202152688559263,-0.22168058480616812,0.7188079178226576,-0.1809225930670244,2.764899170378813,0
0.4561457488570651,0.01634370548156654,1.4377442941293952,0.34461029474943317,-0.7081454801815094,-0.5652604887484775,1.567645904687485,-0.7967885933925527,0.5981969830123488,-1.2275128162582976,-1.0355296265739997,-0.05556802063899246,0
-1.6890036227923817,-0.5588526765945283,1.8451715485094937,0.584637725308833,0.14385376806591085,0.40460303789131397,0.20785820215751463,-0.8600704952940592,-0.2774167895553442,1.5985502077381135,-1.5395474983379738,1.7040209050931532,0
-0.419222310977614,-0.5676646894475554,1.793375486729081,0.10898052164045363,2.279545132187315,1.6350753893599366,-1.385910688462057,-0.397830405147174,-1.0676447024355236,-0.4868363886321156,1.1621027823545478,1.2904170863047528,0
-0.6042122891238865,0.32813899921320805,1.3944664019099047,-0.8392750163795822,0.639514869116467,1.1271087586748132,1.5580220806058214,-0.027640903841330684,-1.9410486729807523,0.5776983737801028,1.2833723472053813,-0.047330392137968316,1
0.253233648250252,-1.424900988959221,1.2296496864206063,1.8002846611081542,-1.1329402162666036,-0.3562332260224941,-0.30046655039118075,-1.6756552737962769,0.6683488498712958,-0.8554410473450842,-0.8649268664138671,-0.6343832814716411,0
-1.2240526575168351,-0.6441695760087941,0.9353060776119048,0.6426265545116767,1.8046083302164468,-0.8921921269184031,-0.5820682646680984,-1.0739873900270283,-0.41098363414378236,-0.4930609420181357,2.161580674492996,-0.39366401057116146,0
0.09384787200716904,-1.1532723310869604,-0.28783799614369454,-0.02285182185326161,0.2122247339790941,1.0119325463357984,0.6088348484189002,-1.5042393906975065,0.13752071194625634,0.398612413329192,-2.3028853970897476,0.8665519603374079,1
1.6541530515682454,-2.1067739367229614,0.014546839825456421,0.28014426072330717,0.9162100481555673,1.4258280518416278,-0.03555225995414126,1.0500031695766656,-0.5371134915736078,-0.6591841684094631,-1.1263487718940333,-0.5128294264528336,1
-0.5451699471285254,1.2208448646254033,0.009655239629514136,-2.394554617202549,-0.6708386128297288,-0.380503466664555,0.5990537434115522,1.5440754726451187,2.021100618856167,0.4611423708367427,-0.5610349823010676,-1.3768453936162517,0
0.015187984735873386,1.047857748434672,0.1459239793582062,1.1287423920762925,1.3508144629420278,1.8260166175587123,0.7429835662124804,1.5303202798211804,1.0284052028879542,-1.771619384713839,1.6805133567827797,0.32573003565846026,0
1.81924192104362,0.9085623590558896,-1.208924479460544,0.16657742566724879,-0.2921585990897325,1.0589172544180283,0.6246336816309334,0.22708887790453877,0.7346695989064131,-1.2527409317916038,-0.5543031214272642,-0.08200281594927755,1
-2.1206184727986854,-0.3482542038567441,0.19804779963468852,-0.3270612648306597,-0.501418240909375,0.05283848969564152,0.3798676407792414,0.19696349655036055,1.252710691136001,0.22021689549487838,-3.0713845646428615,2.053438417555684,0
0.5887244207328328,-0.6155662878354442,-1.3530229516652796,0.04739004863548,-1.25099270370753,-2.569891182611104,0.04350760359982684,-0.3665246754676066,-0.39640729618767545,0.1263946151718754,1.1138526387245775,-0.7218106297582775,1
-0.019163395592426278,-1.1636931485310575,-0.3369463793258557,-1.5088511943069418,1.8497190150893725,-1.4446955371346542,-0.23596487624063875,-2.0464394001692354,-2.0353575324079807,-0.3929101231445737,0.6742008002004447,-1.0648947859999534,1
-1.3899123505263264,0.73756643822089,0.6593488202441574,-0.5089609867324588,0.8637125956869078,0.7823025598994691,-1.8902278918013722,-0.44082921196633795,2.5865238290269663,-0.06013201723553987,-0.3197384059884926,1.7519028524790328,1
0.2054139916648196,1.923505787188444,-1.4375071898778797,2.3963642321622367,1.1483965482301084,-1.9544405502127085,-1.011955765001662,0.7575621499239349,-1.4837467231439974,0.23899523814052737,0.8092747462612458,2.03372001270087,1
0.8530179241118208,0.508911247596682,0.7136872522468893,-0.3152847796849133,0.20912739689908652,-0.6529533704355817,1.0731996114343108,-0.8401913791654713,-0.06316143859341022,1.27224507291002,-0.13937910351166766,0.7176498014711802,0
-0.6299005268533646,-0.13249360156671866,-0.26470451283493746,-1.3323152527356532,-1.157033015910538,1.1099624116501514,0.5614095630144045,-0.42918652853898137,-0.1865402079684529,0.5102440323394097,-0.3958950145249364,-0.4213864066995209,0
1.0545687090878104,0.4744364750299286,-1.5030187097258263,-0.2745307723716646,-0.9962795875628356,-0.620687804962915,0.2528778439386569,-1.336198526947095,2.0186455124223106,0.3062760079446624,1.0068568146814623,0.1781542500126409,0
-0.9483165444183806,0.719445457161711,-1.405771786671048,-0.37675076379161965,0.46682142601470783,-0.8248099162364332,-1.2833965874365723,-0.789795108933757,-0.45594938075955854,-1.415801182815513,0.9005042706722112,0.5912595091224204,0
0.8340584910903038,-0.12404754426662906,-0.9156966377841576,-0.19312951688882488,0.34818196534581014,0.24227730950112808,-1.130870484960613,1.6975809422899752,-1.4769156492660445,-0.9543852615061422,-1.1442111152431684,1.0424846516481836,0
-0.00986260041722849,-2.14653271660524,-0.6128458400573009,-0.07337776607245661,-0.4303594059847975,-2.762891607089708,1.0659842916543139,0.16542552149990866,1.3205089046138772,-1.0011925823854726,1.7769354067218126,0.48120107367501014,1
-1.3620884219482783,0.28939919452469043,1.8981837415250513,-2.4124606192322253,-0.1315370206228482,1.3702003229084196,0.46471623163290565,-0.8743676585152006,0.8900148441921465,0.292385322916666,-1.1175975727108551,-0.805928767508763,1
0.9799265167699883,-0.19385477719017397,-0.5761819232025657,0.21894666228655943,0.6864773569291119,2.369927483351938,-0.0989254940737042,2.3229207698217476,0.4842703821286965,0.42611922220478604,-0.8774774735475533,0.1260914985986201,0
-0.917741605139609,0.0037191509154936558,-0.05428451463302356,-0.37434148942340567,0.35487039144210936,-0.09041434952061665,-0.1805181578749906,-0.4793514839088075,1.730919451424965,0.772450139746844,1.227422424482237,0.022817538931097052,0
0.49162713795547475,0.18314129294038473,-0.8759849185117615,0.7970880153805198,-2.1539233345439435,0.2589715177922051,-1.184359562273652,-2.972563712356941,0.32443580503687786,0.21163040743255399,-0.08410436100184764,1.6888166886513254,1
-0.2603978244045098,-0.11382453957186746,-0.007679942336281425,0.5085238760398868,0.3392290772368855,-0.7732142185895038,1.384052114591858,-0.05953187143930378,-0.37683962563760187,0.4677672271682323,1.8331387343520706,-1.4107818888733006,0
0.1728326107137376,0.013273478066546234,0.9485655337817511,-0.3287038222934906,-0.23884776213013256,-0.016082561077479855,0.3057149287180856,0.7294976236073446,0.733969612816944,1.4822136366463858,-1.0000578671312141,-1.277208370803897,0
-0.6755786821746355,1.1124207571814808,1.8303599809079316,0.3621873653871894,0.6924702750823286,0.4097851165450803,0.5838057804763488,0.9487401217570909,0.5074072790843717,-0.44878723994928565,-0.26433231705786847,-0.38494423321510396,0
0.7421746612368822,-1.8906379014693173,0.10681908143497433,0.6393457681184288,1.006315005028463,1.773190890699555,-0.24915001480040533,-0.5200122199515949,1.6444050620743327,-1.7404296850076422,0.39784360611964364,1.5556480571241695,1
1.8109529319496533,-0.5078321080359516,0.2054854313532438,2.4487776770730894,-1.6813874265312823,1.609677142424591,-2.9164832176897955,0.7103198315474846,-1.207614663618645,0.7426943997889541,-1.1694464324238505,-0.47928436600903174,0
-0.8320261978032457,0.9857609010043009,0.8460668779565491,1.905189200776874,-1.8724940048483576,-0.8406543726891759,0.3500115578848087,1.8663541013693594,-0.4756282877942457,1.4994112348373716,1.5228280858173466,0.44027648621836785,0
0.2511165628802558,-0.6026223932544011,-1.5914286623130711,0.007717083687217936,-0.7359315000976865,-0.023537803211668755,-0.8364411580169537,0.3557328364191956,-0.9879767304263554,0.8144528152887436,-0.6119298181424634,0.04080939175074854,1
-0.6235525082140649,0.3321111717287003,-1.1812654996021978,0.16303712291253813,0.6758625528031607,1.1206207511303068,0.09176144586796363,0.6357371529229371,1.573243359830437,-0.8651626111435778,-1.6032342255124759,1.6688952511793875,0
-1.1206361558709508,-0.25587176465785166,-1.2094700329206172,-0.07928660702308854,-0.32770418139894864,-0.31164037739021894,-1.8737390838313992,-2.971946580891709,0.18440223963478436,-0.5358031698469328,-0.13767110032106883,-1.2384097214443703,0
-0.5734504830288064,0.13958751484448859,0.823317535196416,0.11099490275791846,0.153020089668804,1.3310019805615099,0.37791551939179313,-0.6338013522446314,1.3471978146945465,1.1958983458278765,-0.030780539472714884,-1.093569296649531,0
-0.46721565772590923,2.099541744593944,1.4258865394899658,1.9985970551688208,-1.1385383577728199,-0.2386378884176076,0.5062663253454147,1.1173774906947043,-0.4876861562220224,0.15423491537135145,-0.7768860208699557,0.696556293477029,0
1.138636388764597,1.1523105775281866,0.07029797635698194,-0.8849878651536596,0.9541739281837871,0.7204244735764798,-0.36531561747780245,-0.06722486746958868,-1.049983164818466,1.1342897012477353,0.7245911495407255,-0.6402883766769832,1
-0.16131720341049843,-2.3637865175630393,0.782634853472458,-0.22105574723451132,-1.8977431180160504,-1.1195842056536371,-0.286224440122399,-1.4413000108760308,2.113749420552599,-0.045673302762966654,-0.8998999429246483,0.7821890358204537,1
0.157822654304837,0.531216347712162,0.23669314484226955,-0.355610482997894,1.0589882829174433,1.104994745149318,0.601716537193682,1.2185325793571042,0.2197003222789011,1.390656442630744,0.5473262690188385,-1.0037732563052384,1
-0.054337405222283475,-0.6137572802639064,0.37563772682717517,-0.016609752922000082,0.1633844876842754,-1.3182317134103985,0.28801422888113426,0.588186500453347,1.4811691652614742,1.3008676984654315,2.0193261271245273,-1.6301827200842631,0
-0.487672921489141,-0.30901965508345414,0.41317523503170905,1.364713758854044,-1.0966187080746874,-0.3528221623526559,0.06644805328398412,0.23694700545944586,0.7161321110704812,-0.41666997134423484,-0.14251595486061544,-0.20789530164273973,0
0.6512815784878245,-0.28716582366230065,-0.5113058601474249,-1.5406074745962834,1.3258377411548032,0.56613277019409,1.2582319867140088,1.1277838255340549,0.5502597803490459,1.5317289398177614,1.2880860148504725,0.030550448816624557,0
-0.19054787862598,1.8299719570049013,-0.30264987101083046,0.3254598594624567,-0.8297960614554368,-0.8905804830548053,-0.16839219731876923,-0.36441964852028913,0.6383154836869567,-1.5876879684758223,1.0980118752354542,2.205466511098161,1
-0.4104569912475871,0.11581912816461142,0.24893416173892427,0.11027253019101146,-1.3968563102909637,0.8307689267289621,1.0586786569113957,-0.758532524649197,-0.2794691587957028,-0.8526535939509002,-0.5360348574943227,-0.5534750707936271,0
-0.965653692149296,-1.563511634266726,-0.5925287789293081,-0.5004060620080496,0.3591743983857775,-0.8378819538977408,-0.1707992583272045,-0.08497627026014114,-1.6469081671244734,0.4404030866715895,0.8769164372181981,-1.6756642193985951,1
-0.6545967050303073,0.33115043100731656,0.1923133481649147,-1.7354476567767236,0.3185242236327755,1.4917101537702646,0.31178038568886857,-0.6976841722438555,-0.21167713984736256,-0.4787734925652082,1.9917125513995217,0.41078809115274967,1
-0.7654995200356057,-0.569031639988742,-0.580153145724561,1.524670862453211,0.4174871476037647,-1.3118536284188116,1.6015760899963174,-1.4142388232059107,-1.3469747775678886,-1.3056223568152447,-1.0473765530028176,1.7387240524468413,0
1.929160507084067,-0.7057390428342005,1.0540023285360056,0.27647146613857565,-0.7020774309046217,0.4102377928925547,-0.501635073733052,0.8130753565361095,1.1279798174378013,-0.9412298759399537,-0.06588035600141451,0.32019212090091664,0
0.5267135819295117,-0.36441893370970174,0.15768598692953603,1.2118059135126036,-0.9008697764673393,-1.0984739205841438,0.3791545975454671,-0.008795849915861628,-0.29040366993387434,-0.8300932702466918,0.11525759278371471,-0.5799672674122154,1
0.10992682343267669,2.5004432802235215,-0.09458338667533589,-0.23694060696843325,-0.5843323230527171,-2.8414245803661076,1.2011551755173318,-0.6357214166233055,1.3289220049549209,0.5053217087216176,2.2828234195138384,0.5000394215036449,1
-1.2690513588840897,-2.2375571705070745,0.12056720580612455,-0.35400495011338534,-0.2608549049380067,-0.7917546938495887,1.7450494892420567,-0.20651444305309238,0.7287668891862189,0.8853789651508935,0.056189921162203144,0.2532625937587833,1
-0.7595546937637001,-0.39145740969535076,0.263777826004186,-0.7672449853070906,1.0238387882532214,-0.4647945133656344,0.5390423684974366,1.3235896301810721,-0.9633294854921678,-0.08510121315949969,-1.4056758260219908,0.0685792051584742,0
-0.5346044011956068,-0.062005541688304876,1.9829027167155946,-0.555586199928576,1.1175394774784035,-0.5325667422252741,1.2887789812184371,-0.2437066758109364,0.8571200754201661,-0.7681680409063314,0.42003184080893385,0.3557892206594509,1
0.546970409683541,0.5984555401000468,-0.7036904843791124,0.33079417280020273,-1.344058199274252,-0.6795113481290525,0.8135011551320585,-0.13079488647447063,-0.7408710374201503,0.2030359704490432,0.794878733467712,-0.45496234900200905,1
-0.5001132521942807,0.3833555426549841,0.28566349264216495,-0.9243148264286886,-1.9380535322131716,0.9616222426737898,-0.19680475595912758,-0.14512139443314404,0.3581638691429719,-0.5749913634572191,0.1403906293941886,0.9069981939808058,0
0.18923274675236662,0.05830600630229543,-0.871743123901574,-0.0631176428067064,-0.6831228226557526,-1.4488166645390885,-0.720274549039435,0.40345190091456357,-0.5663338763231528,0.12850818904010605,-0.911506049319876,-0.11981671503679658,1
-2.666052265505082,-0.054991813503898195,1.1819907324870895,-0.45569679225006143,-1.7637647375120764,0.12556613618863208,0.09035721587798234,1.3632178720992374,-0.004607400356319791,0.4477919364752735,-1.4530072674573207,2.589827584222916,1
-0.4447865915574163,0.2968337645726492,0.17681772130807302,1.188313450638991,-0.6262354781252816,1.0199279566390287,0.6190027726920884,0.7129607113986286,-0.8891067508513852,0.6377686042839283,-0.3062135837012002,-1.1088436656112337,0
-0.3389343021747543,1.2318292144816827,0.18918721634003888,1.2669340150095605,1.8164480722848972,-0.22421127754150377,0.5914914488358836,-0.48811392693524397,-0.5118277595854203,-0.00943188476924871,0.11476633388741857,0.4463781739179061,0
0.8472319324592872,-0.2126159216690071,0.409942328469857,-1.6250166986487469,-0.5759033694361311,0.7812239353955299,0.7082097327837362,-1.625164116882435,0.06217949298807846,-0.1027188703225853,0.18533638338129046,-0.07774692002009954,1
0.26598484474721423,-0.12744873338491705,-0.23610441146021804,-0.9188171455120535,-1.2842680120793235,0.804867741298082,0.1369727333992416,-0.5811592923819331,-0.30339090850699363,-0.007935410743632533,0.7087140922899314,0.695684611023101,0
0.6823979613152243,-0.9087059179125507,-0.3345964204896255,0.5288688801968993,-0.7483204853429108,-2.877474524193608,-1.746972999343659,-0.8620071926097628,0.03031348845116418,0.21039752901534947,-0.5792983701116556,0.31676896657963305,1
0.9645515731071497,0.02314512823798256,-1.004971692286063,0.9736599932582519,-0.3195777218107022,1.5024685056915716,0.383626299139344,-0.269055715767636,-0.9203091945080736,0.5841481073436302,1.6409781622427964,-0.6495310077814939,1
0.4828638977640767,0.42027817876447576,-0.023696725395807267,-1.118650490757143,0.7224125359685507,1.0960329473423591,0.6441078691175862,-1.3359972302193517,-0.08208385525085209,0.3826666523372393,-0.5596848388256348,0.21572043220939355,1
1.2914208387017179,0.33952562555159194,1.4033684625934735,-0.9596719161746821,1.3364593799061366,-0.09880604336543089,0.19094577501927856,-0.899437340348056,-0.8982901088592653,-0.9379349149224006,1.1735118270057965,0.6378946336830494,1
-0.7719541488275269,2.059011500292254,0.15108230950112994,-0.08787230201644211,0.5491268287244647,-0.650167980900502,-0.2604147627913211,-1.1578881544131443,-1.0752138367014097,-1.004169858514509,0.9050825327686588,-0.5396091237914278,1
-0.7358848238044453,-0.7179871039951857,1.1921179034336356,-1.3322592264478978,-2.109458825044227,1.5138898897367796,-0.06639361043463647,-0.07794340678042608,1.3082463930694521,0.481019994735208,0.362583773742643,0.21659727705022802,1
0.14591505737467272,0.014585801580859748,-0.8262992023286896,0.0738913219895573,0.20361221042388616,0.16055654610698597,-1.1582057858600403,-0.17082692752507125,-0.7402601365424281,-0.5321943071347746,-0.13832810254932013,-0.20182340663800266,0
0.3141214808114258,1.2274166587040023,0.9471189732565192,-0.04003376840218136,-0.441656460713369,-2.077401874330036,-0.8913829426288123,0.5158059637006929,1.1538709613212372,0.17862169008392836,-0.8820099321733489,-0.54834000819288,1
-0.15173094336627366,0.17720489251896174,0.25786281061893995,0.47023107176919904,-0.8233378590532057,-0.8537021179586379,0.6248763906808175,1.3767201384527616,-0.37286142106259784,1.1587553267256887,0.3889969836423958,1.7070153591606032,0
2.2905193257748433,0.33016442554406,0.22955656459766705,0.7314288835874031,0.32600652731482505,0.0303965421258795,-0.36830001604669826,-1.5293063491834982,0.5948844815438469,-0.07618719683689638,-1.1584792825450732,1.7615636676254316,0
-1.3066181917626116,-0.3412827079638727,1.2521136453088435,-0.16277894385007521,-0.3060354526249248,0.14169614946787032,-0.18610523429160783,-1.5148627168831093,0.11611519765603547,0.4557832507226516,-0.13678005651682829,-0.5278598792489944,1
0.013248758535963539,0.9082371952709904,0.20523423975441213,-0.8397453451074567,1.1361376900714175,0.7978713736944477,1.2537455724339877,-1.0248236138638651,0.22648716133528324,-2.0034236555584206,1.4803223061846187,-0.8783368878359621,1
-0.3957348563094802,0.5318907120651267,-0.7767079492466287,-0.7310195764395856,-0.3027147986784467,-0.3610812034848756,0.8446883442976677,0.7627006880130909,1.5581762711518277,2.2276015301810275,0.29384104872064903,1.5084518835875467,0
-0.06033763018062554,-1.112414831649168,-1.3708713142939382,-1.4271519542024196,-0.5608818476407235,-0.13475104133603658,-1.9202227241369998,1.0973335304771206,-0.5857577386470122,-1.2629514500792427,0.10583382101139217,1.327337465196873,0
0.4271247135238628,-1.8124848402334977,-1.1625932358390874,0.15063862653424331,1.1392395965541755,0.6560719614862903,-2.196148351401018,1.0415881340056146,0.5791328777956005,2.1564403468684623,-0.21447744216538675,-0.7122826047551093,1
0.7287364544222734,-0.441817399549735,-0.9695751603399476,1.509257152816162,0.9961963628491728,-1.2797297264945688,-0.43817295351409774,0.7294320507016976,-0.3074744507093359,-1.331041352380228,1.5707802161717332,0.5502668027707976,1
1.2463193608154137,0.11334936379012998,0.2805914384622143,-0.5067921705237076,-0.6576335941426668,1.2594453871000677,0.243499988610524,-0.6585346742515061,0.7254637202745134,-1.6990345685795165,-0.9342068465745063,0.1811281672695116,0
1.707778737235425,-0.39699765259710584,-1.8645481835241833,0.7318083668381192,1.096370028932539,-1.1771355739300042,1.2222543260587913,1.744774533879989,-1.1020202737833473,-0.8164893674994559,-0.2443555487074498,-0.875506926580118,1
0.2773526812151704,0.48071424263368506,1.6081763866754437,0.7866041407363565,-1.9914071801829225,0.22035813539013357,-2.38678696158258,-0.059558084980200564,-0.6160668632062395,0.49545989181455474,-0.955350338655763,-0.12179520556149817,0
0.4537935940612573,-0.5457246285632575,0.4722931502219339,-0.9306057433555518,-2.263018400533535,0.04684475106837326,-0.12576309726203044,-0.6634428413002482,-0.989178025055183,0.17775503754882466,0.4843092755862842,0.5652353974457305,1
-1.9250432695057997,-0.41328577374733977,-0.9697860390683102,0.5755028042699714,-0.0849986153458576,-0.12394317065454864,1.0039390795055105,-0.9656259566146299,0.29331058162368245,-1.9432259424190064,-0.7851844713221736,1.192617267972388,1
-1.2359219782578723,-0.6222489547097111,-0.13859686549795627,-0.6522963598913173,-1.2532480045310508,-1.3529054843218586,2.107377930532198,0.32165714757343483,1.60908303623255,-0.0540607469830505,0.23974847089908385,0.9414015586898955,1
-0.2887258394183066,-1.9893391263344695,1.3105560052218925,0.4220193728768074,-0.6277517247940907,1.1670651726336334,1.5057769383404176,-0.38010778115383287,1.9230010958708064,-1.0189700307778558,-0.43286858774356024,-1.3845902930197933,1
2.2479540937955895,1.03649267740366,0.47915711105282016,-0.23080494434104518,-0.09546930154343383,0.7514008065549339,-1.2966713259736584,-0.2525173206020274,-0.17297482319084978,-0.28614503250743967,-0.23537145291863165,0.9618694070921295,1
0.17775406235027985,0.74804685967751,0.37194698635238943,-0.5642436482854376,-1.1030872633918478,0.7192100731150476,0.1273201033782668,-0.09218615893516534,0.9496378245223406,-1.990762700583097,0.3565014528858435,-0.44772965143415067,1
-1.351111984296245,-0.3965462874556208,0.06554127674865812,0.8506497560635708,-0.8220021916115333,-1.1497582835191855,-2.041757426382978,1.3437662111899347,0.0847918011112636,-0.5243524207328191,-0.6932997771783627,-2.458650300559102,1
-1.6572728979102678,-0.5685460711530232,1.5547246792271114,-1.8234977171047244,0.30606453388275945,-0.9404418173173675,-0.7463685761757771,0.16112520264576335,-0.46572303236132745,0.41426578622088045,-0.35263685934825767,-1.1853531722434387,1
0.1981461564698903,-0.07159549057780341,1.3207686132086234,-0.5030657603080824,1.2871501758073252,0.6125020562900012,-1.708079430467743,-1.428112729900578,-0.7670449664761151,0.985205605292623,0.14038609773619315,0.5615654617579484,1
0.8831032170103407,1.1035139565385452,2.3334152883308135,0.8546572420302785,-0.998188650772952,0.10389040788310282,0.016087531509214322,-0.8177265853991867,-0.4792090108418704,-1.0815639728703796,-0.4747718530591703,-1.9264512771637337,0
-1.0833848803001342,-0.26771280978455775,-0.10915648760426151,-0.8894970538615716,-0.47968405227205263,2.7843098178805707,-0.26525912659613177,1.9934717172779806,0.2932199320414008,1.0137894335781958,0.43453564527413086,-0.3162042301752988,0
-0.34936894756665,0.9700694998196668,0.5675596560614907,-0.6335231269286365,-0.10918812818392329,-0.6669474433382386,2.182817977404117,-0.6820824588316079,-0.8395147406023252,-1.322258774925995,0.37499945874875534,-0.0949246189465889,0
-0.16685925843446725,-0.37318159421949837,0.7504306613233048,1.5765920834143359,1.556729497994201,0.14603365536540241,1.8215732015362038,-0.669706185074547,2.2331370634060645,0.4790754795536068,1.5970847076173964,-0.02151878350074621,0
1.006759148223573,-2.0942253173242884,1.4998203252904785,-0.6861488733757293,0.7288910232876968,-0.21632709029686478,1.5270511880521362,0.37493375135136453,-0.09116900490301748,-0.4342153162084715,1.7653931145262045,-0.912687545827646,1
1.7416460860537983,0.16266710236476942,-1.1558862786555444,-1.7428124863401535,-1.7049627837680452,-0.9212569914881795,-0.08105033060655796,-0.8088608440250253,-0.2189835283914173,1.0683379230556702,-0.43581526186400654,-0.8057914946909672,0
-0.8020658284191581,0.843643354830453,0.8499884884241361,0.22843968391438704,-0.6455886456874442,-1.1734653041218022,-0.9739494722910975,-0.08043433832845769,0.7753035266889501,-1.58068337932564,-0.01048836702520049,-0.3093564727286857,0
-1.279707884166998,1.0113992233272124,-0.3909194597663414,0.6513189182696483,-1.2738653373268518,0.24484649330911915,-0.3960606198968831,-1.0888878062694176,0.2564996091905638,-0.5543911174007153,-0.11235034392905392,0.5870951453398625,1
-0.38243561787031594,0.8172623520737788,-0.776328176984403,-1.1862414256365905,-0.6597045538048383,-0.7292611154570752,0.7855782151875268,0.4081055806276747,1.3362485815261265,-1.7412065074514294,0.48135015698913575,-0.6384976651593977,0
-0.9692171260110007,-0.20901199068963092,-0.01838608101667578,0.9644523143176698,-0.7171247821461216,-0.42623452529140576,0.5318427055748017,-0.7634276286382348,0.3195636699527265,0.8439073927489051,-1.3124880833629284,-0.7854636502167399,0
-1.9150860108202903,-0.12382414089869281,-0.30098835816986336,-0.0027369829788531255,0.22152755216376846,0.9586015691770537,-3.143414679312005,-1.5980455803977784,0.2730515390327021,1.5504660238508343,1.1692761432682997,0.5551998968058914,0
0.16706557210398224,1.1376939624675797,1.7278096160900502,0.7881383087170681,0.920558949409299,-0.06329095142871301,0.7933944738010823,0.0816239972119693,-0.5237227675363205,1.1631107835263257,1.245512446712799,0.941126543982464,0
1.8455812063252623,-0.2887059296442023,-0.801611240882477,-0.9847604261708213,-0.26422245177822323,2.2108943449235268,-0.634926946318418,-0.170889629816733,1.2461892476641012,0.5223877162475621,2.698026996510054,0.2730583667042329,0
2.1985955342069237,0.5053144762143689,-1.8134312987393593,-1.0543349135560451,-1.2164912357945818,-0.19317727713745142,0.5114123713851215,0.6114903580760833,0.6286019691938278,0.39536868496672917,0.1996870192477252,0.2625469170078538,0
-0.5960162503546038,0.025891397352835858,0.018814861137101974,1.5300677967585723,0.023604504782404424,0.3129690349413896,2.5406134873891766,0.7242816515541868,-0.2106499537749034,-0.20958628330391743,2.1709502527899796,0.4045705726449366,0
-0.07300766067987667,-0.5372653329295893,-1.0806868862001564,-0.07763900348709077,0.1469160049152365,-0.8671794446577811,0.08337633698870135,-0.29982705910512936,-0.8314353404602857,-0.29713307341290257,0.1401859629497729,1.1078972451375049,0
1.0919823663063886,0.6529636361965553,-1.6145721722099908,0.3395363153252778,0.9253393709478779,-0.5338437068156376,1.5203449274078478,0.472908538070018,0.2357390282069539,-0.8298152757181037,-1.4924137047450308,-0.17875723922810713,1
-1.4001581130286964,0.9617668440054277,-0.23506520426893088,-1.3898761609516466,-1.3165101348714223,1.9774747671456865,-1.230403300421881,-0.5574087061468606,-0.18306468036988804,0.8785903416943734,0.16882294045721116,-0.06976386766327028,1
1.0759460711290774,-0.02077845092487046,2.1524417856789713,-0.2988838722787495,-2.5681455996032962,-2.055429316064086,-0.5107213058233011,-1.9832492059647628,0.5017525377554246,0.6401038781175143,0.757323274203949,-0.9363772316465215,0
-0.7959422851767305,0.4000894048497555,-1.105624104618942,0.5278620867169652,0.6115498218464561,0.36178045635113804,-0.5137751819201504,-1.0070771333499504,0.5455217143893122,0.6693168419735961,-1.5671001262870001,1.5088465552957409,0
-1.5458891930548304,-1.9320216602949989,0.04207138961697434,0.805361567107029,-2.2878854463725107,0.18350744321105297,0.7940188595418987,2.0531755824122495,0.48970121499465696,0.17137025501149253,1.2761762780002053,1.5157310453496358,1
1.3106976266656274,-0.29231539635755877,-1.5187087543318971,-1.4016521078777062,-1.2225145224828615,1.2733308922625588,-0.927750328862648,-2.6025543265128905,-1.787671619735694,-0.6413960782013958,0.5929286883150997,0.5764867197749506,0
1.3868668555404207,0.07993020452853013,-2.293649848344562,0.5466390300590858,0.27287887168935493,1.4375827899666969,0.023820285899050657,-1.1299647644298687,-1.829418653937811,-0.3951647584859131,-0.4524591148650008,-0.775748092210548,1
1.061097477806725,0.30084176880439606,0.7530210922821867,1.4552232340977413,0.2543616853765522,-1.8859013806387224,-0.7208559699901834,-0.46748651883200504,1.7706015426741482,-0.29137386504702534,2.419807552816587,-0.8237084832051488,0
-1.7870189286353513,0.6110189672164797,0.1862175704772833,0.33226595511511975,0.05817510994425574,1.7985171708243592,-0.2960562132583674,-1.3122787210909392,-0.6432374813376346,-0.571202950064751,-0.28435875006300315,-0.4884690803404393,0
1.1074789674106067,0.703453519606985,-0.008016761228012235,0.7468523275907344,0.4602213678840688,0.16149100511196693,1.2091217391703983,0.9860770612073747,-0.7066914594592775,0.7749252066106782,0.35145307832649436,0.24465671347582504,0
0.7776394503233186,-0.4269446070224947,1.0794229384422005,-0.7208621562049549,0.7887782023984248,-0.30017696457222715,0.8989908690939772,0.03394627883557022,1.0922362633505156,0.05416996346627345,-2.821607400976212,0.38511298558313733,1
-0.6949876968542509,1.2740510171533586,-0.37889047220919153,1.6322365521580218,-0.833822914521537,-1.349171423973782,1.4120753272480875,0.12760700572916736,-1.5819625451327597,-0.26534355717234914,1.057187520132602,0.7046932382242715,1
0.1668553226440178,1.380526715182471,-1.0792249585580271,1.306711013861702,-0.10952405148807993,-0.11171990117611812,0.6734256634238273,0.26272623461260514,0.6498712651724117,0.7145860219261634,-0.14427045164835703,0.21707739664195097,1
-0.11803636479423221,-0.6505753516573511,1.3331731474112447,-1.6886653971215804,1.666357384916646,-0.11563670572381567,0.3524019149463968,1.355151407091867,0.33502970775276536,-0.258629504372845,0.875429912971689,-0.7774318784544396,1
2.914794373571496,0.41343104148066206,0.24747240618697852,-1.1874418355867453,-0.22901780645963488,1.2179729847720133,-1.1706908582452524,-0.8940890311951915,-1.6311606659675975,-0.17920121992931545,-0.1312183884759859,-2.8936218747474802,1
0.2597503921708616,-0.2405281083366747,0.8328653641652929,0.5788588270651522,0.02960067048473034,1.130120703442773,0.23303410109253175,0.9390928737872666,-0.0808239560702468,0.5281316789250201,-0.6429757263557175,1.1937869493924775,0
0.7046895458136532,1.6952474974093628,-1.2994519078877724,2.2863898972592445,-0.855019130284012,-1.8676866840837432,0.927770203929629,0.7693507987802425,-1.1647242309583976,0.1098079087617718,1.124870104989106,-0.5284417112401215,1
-0.25615567482184626,0.5410231283571393,-0.06746678259915587,-0.1340703781733981,-0.37998131921894074,1.1972241807613382,0.4003189878852657,-0.7850288932330708,0.43027596703087223,1.0762402108331988,0.5290716744837656,0.4292967116486799,0
0.9374373698364308,-1.1038250814935096,0.5895747303820518,0.8964179857566303,-0.08567237694284237,0.00929872861528419,-0.253387994584909,-0.7106281109401729,-0.4493868103698645,-0.4442124243752884,-0.18839292642934738,-0.9668443902091647,0
-0.4057164998617412,2.0225738483079017,1.0489914175451698,1.3586085460747488,-0.7884791705655309,1.735630927730651,0.9609735618749493,-0.3123376999981021,-0.48324299647631347,-0.8465053177583988,0.7498425406072187,-0.17925310427605595,0
0.26409076690338446,0.6635333047451959,2.717693871695272,-0.04966388980198519,-0.009106750075932413,2.218437217739158,1.3913119670644987,0.13176632865113558,0.07944108698388715,1.235587620149004,-1.2289844811887514,0.2952183143974533,1
0.7476136983197715,-2.177313668109039,1.5077228823808615,-0.342748491171718,-0.6810607864885636,-0.7109014805969696,0.7909694141873117,-0.8614604893741628,-1.0483522279219886,0.07018353817512231,-1.2065313913028948,0.6287302141040372,1
-0.6092559715193111,-0.8695530443633471,0.7897156233724577,-0.24215159574467282,-1.2919207835721767,0.032415685896699686,-0.08931017004215971,0.35812281365593174,-0.16712916909304137,0.5603157700462607,0.23265094399046507,-0.7060587299350267,0
0.16072169300643063,0.3494763754397261,-0.06306898851015239,0.009162497871084575,1.4036835371424219,0.16812026671518526,0.021012240430691796,0.29650698125671326,-0.8850612368967169,0.45910507090278085,0.31519395457236055,-0.8430453500501908,0
0.47585231547625156,-0.6138965647414538,-0.9699797913136027,1.4616234425254047,-1.1254071499183038,1.4727239294953463,1.5380853889675181,1.1461587344897082,0.22953738234857493,1.8366059093532083,1.3739913331678095,-1.5204917087000624,1
-0.709063327966833,-0.030092128720373115,-2.2911357911989976,-0.17826927650428911,1.2797909309758622,0.287438476297721,-0.6333711541148802,-0.033399211145580886,0.4552364087683502,0.9463961734956177,0.14963527144468597,0.09630809164570388,0
0.7954465952014711,-0.054338918283288816,-0.3386477531003689,-0.25511982276806394,-1.6830869130018657,-0.19492181981460915,1.0644046458689573,0.5211209233388235,1.617731133321185,1.0968675661069065,1.73072389939462,0.7259492661029463,1
0.15825320060590997,-0.3793340524653628,-1.8461871021641245,0.07883484429383948,-1.3176886481622379,-0.24988905913440956,-2.890696903802488,0.37808636202836216,-0.4772196298341678,-1.512172585661402,-0.08883151859719018,0.41235582455829134,1
1.4252650029308347,0.5561137419556416,-0.4479528558674909,0.19329343438039573,-0.2025756121414657,-0.4437469278442698,-0.8498065839863751,0.8452900447560494,0.1439233778926771,1.1776618180121103,0.2854909403969964,1.2620076729781877,0
-1.5148533455813553,-0.16900897064532588,-0.44953284929869763,-1.055613195012907,-0.49506434707569924,-0.6380897677871915,-0.08559874496382568,-0.2165559543269898,-0.3869059053319812,-0.40653342526060293,0.23521464552824192,-1.203078459162411,0
0.2925494174535948,-0.2449627122232773,0.030852011111796668,0.7134714872829873,-2.6764997415570964,-1.9220876859767018,0.033381943929822765,1.7704931484191035,-0.6227053434005962,0.46922437125956423,-0.899603320746497,-0.6536934040834882,1
-0.23088230567474533,0.6321189992538421,-0.1517513516906853,0.5110518743201131,-1.4598174316654116,-1.1243251627204,-0.4443705256241412,0.5145458721124986,-0.5120277799972343,0.2308011109737745,-0.005030799202199374,0.15421440353809035,0
-0.11973270465393239,-1.0530535035690272,0.23397116162235101,-0.538542579377649,-1.0693074333371633,-0.02400313435287884,-1.5304577668485786,0.8027794235613909,0.16867612251017258,0.47991269021612487,-1.0473617692931942,-0.27437196035162414,0
-0.25865250232141157,1.890948487302381,0.7566964459945731,1.2667180752459317,1.415226252862249,0.7384342214371737,0.2825780000590961,-0.08734217403307638,0.14264789876892317,0.286304833062124,0.15098690606845483,-0.18302704089704527,1
-0.8234697290264186,-0.3974489290934986,1.1197976275447652,0.7025378051225686,0.10429630762028538,-0.07636056341260668,0.4582283236487211,-1.3880863270330854,-0.29775324091761823,-0.2562632744000001,-0.7723749568155078,-0.7380683749607998,0
-0.20807696898300185,-0.48581340807751744,1.0974838314619184,-0.6810935903630816,-0.28293899408317275,0.2677264778451917,-0.6711814434978983,0.8455069468594557,-0.8685229409252195,-0.004148952598268514,-0.5743240771653474,-0.1306862351921666,0
-0.6012399922322529,0.6250447709010969,-0.6716868008609915,-0.39052402456935587,0.26394522338447335,-1.1211140053521942,1.6294881563699704,1.9506804946328624,0.03479576606025895,-0.08682305395431306,-0.6316057465797542,1.0289998295863039,0
-0.037069559533091274,-1.4091976785427474,0.1261257380781221,1.4397277277852372,-1.0557909888606682,-0.8836586125190183,-2.4924809400848087,-0.3723464180498292,-0.42303129829099057,2.2510745338736533,-0.6398772650534171,0.9026548082636393,0
-2.120253721649443,-0.727087351203201,-0.414734331301906,0.5576994348505805,0.5051317332176223,1.6177996448179663,-1.3249908346431147,-0.2954644598706019,0.02431790030080231,-0.30841195129217996,-1.4146504719950497,0.5696151810485717,1
-0.8341000295782652,0.4484494941265073,0.04321955494516486,-0.7741195718029839,-0.4199283041327743,-1.5056278586341971,-0.3279225131049034,-0.6181927644479682,-0.35940936356699227,-0.1939267705307563,0.4202216081917915,0.8863717311422251,0
0.1514526705079018,1.156670599278394,-0.4338722843544615,-0.26185933082212254,2.0635060382917434,0.659033702813456,-1.9488095042402278,-0.618305406607042,0.3981607433509062,0.9917514614690119,-1.0633665054294685,0.0022698521709454294,1
-0.19340803322226952,-0.9231703833891033,1.7809756065618272,-1.683530820168988,0.14398380678151254,-2.2327265991622784,1.0226063136915018,0.29436346901113575,-0.23799716071151356,-0.5011135160465161,0.246497331005229,-1.0128636315064832,1
0.9896819631508136,1.0170679903140911,2.2278882935916546,-0.9255935735557551,0.9431194334918617,-1.1948477140879528,1.2611160798174155,-0.5628094258548308,-0.8099190604658977,-0.6373486262922621,0.14832576616902055,0.8699390171955629,1
-0.5271590207398126,-0.5128539458157475,0.5561771412713844,0.5557188576976081,-0.06529165760631728,0.14619867341866627,1.2154831002332493,2.3972619445550625,0.058147394691122616,-0.9504193880777438,-0.677539523025059,-0.7607882350904956,0
