monto_transaccion,tiempo_respuesta_ms,intentos_previos,es_fraude
150872.01837359022,131.51223571764868,0,0
171758.66764629376,153.48537898366015,1,0
14241379.537569698,2505.848176172888,6,1
31695.96126131724,202.52467974532777,0,0
34941.69600034989,147.1757381012733,0,0
104654.83823774816,185.0194319048913,2,0
240667.90334614724,142.4920464358632,0,0
74400.94571239274,141.72369578124105,0,0
21888.174882279738,177.39683637442064,0,0
96323.29153521052,138.04418480353928,0,0
131915.80038674184,145.27355197869065,0,0
7565.93407271652,183.4562407690519,0,0
119809.76813918582,155.27315404909825,1,0
155220.37986353674,197.4151017143482,0,0
14644.265066731481,150.8412489633883,1,0
254251.73594950658,150.92535943740356,0,0
7220.48554938256,133.73815001351957,0,0
11274.86134196776,153.28806825195392,0,0
107404.40867440587,157.2452798891655,0,0
193993.862518876,140.3070783377108,1,0
12074895.49614923,961.4828834512896,5,1
103850.3809854966,134.67855013313982,1,0
83815.19250463074,118.93589993000737,0,0
301500.0969663304,100.73196795386076,0,0
404674.4213586608,180.25164832938984,0,0
468267.5131381126,134.88312045920202,0,0
41247.61640575002,121.3936295933845,0,0
77453.21602167386,156.39248845120358,0,0
12551762.780183073,3138.054974357008,9,1
33358.60873906504,149.85692897737698,0,0
64643.3275375706,139.2205069912607,0,0
120428.55855860814,190.3339732269871,0,0
99707.500447694,192.20392632256977,0,0
40787.73918080749,216.80391856570034,0,0
14723.831318249937,131.4515136560881,0,0
19902.20940907214,150.14462787066634,0,0
118536.57389182279,136.89428879738531,0,0
122377.93971312378,171.52744972516683,0,0
35642.07789133211,192.74264751518325,0,0
152398.29232295012,152.06476292188532,0,0
332647.663802561,186.52046795722782,1,0
42146.94713420384,135.2826868827002,0,0
83906.94865719028,161.18166395627674,0,0
29113.0995007177,139.61373792403126,0,0
222669.78351578966,162.03738301417812,0,0
259532.1139758612,158.24896969601087,0,0
190140.7171690945,136.35684898409514,0,0
112554.35810183271,110.6663262598565,0,0
178851.17137989434,116.62932956028767,0,0
142464.38300531975,193.06569151761374,0,0
8907.205256327508,124.54905820192963,0,0
183033.34682785242,144.70223516306297,0,0
189842.77908829806,102.09248085005733,0,0
195204.4754359399,162.29449724001728,0,0
55345.00547022,137.83768461136287,0,0
253760.00633255206,151.96433052402816,1,0
101762.22152425628,157.08691510047456,0,0
63652.15492461616,116.00079465819314,1,0
130809.49388613315,134.18902404809563,0,0
232240.58314418208,119.32710809261899,0,0
242913.64062282894,124.31716442372569,0,0
94783.1109859311,211.2203076435057,0,0
58666.46379070762,108.38027496418093,0,0
144634.27173359535,199.26695978666228,0,0
131568.57846979395,164.82927477495073,0,0
65621.95881656592,138.81887238031732,0,0
78861.29461317146,193.14995005235843,0,0
159529.65284982912,77.21125201698378,0,0
8172.615869839977,196.1450330092983,0,0
153387.34155836978,125.43959398797658,0,0
637046.6354537945,201.19129759742123,0,0
199212.98013875092,148.32209031162222,0,0
7988544.700374793,1930.9608953428988,8,1
151178.15438189346,142.51515391669392,0,0
94436.83385670645,165.62691992510182,0,0
88785.2730579414,155.96395176598867,0,0
139420.17442508508,136.87768585908788,0,0
46487.782877888894,125.55882907112986,1,0
63438.85310310381,174.79115945652006,0,0
120566.41394049207,159.1150450926208,0,0
67297.71436686919,127.50953356135525,0,0
199989.90945260832,146.98704064052015,0,0
29032.756577926317,218.21249363241517,1,0
118324.44849956558,174.18573547885146,1,0
710660.008116161,151.66472067257305,0,0
15029.252619768515,114.81972251239526,0,0
99519.66514298203,92.04392549118754,1,0
53399.42447854255,143.67799835554067,1,0
55620.274680765724,160.82615946509867,0,0
89469.5405655567,141.9484650880417,0,0
5597.234081386893,147.52818435851293,0,0
149898.61129054666,131.16839470657146,0,0
81967.54169712526,189.77353396385263,0,0
224658.32910669717,165.50232993967168,0,0
6576.665965005781,183.79893263496146,0,0
4062.254532116219,130.74432542224645,0,0
9536.275858797535,147.0366441492784,1,0
137165.6733881031,165.00291138111265,0,0
112777.04673444109,164.82763498394348,1,0
229671.45079485892,136.52974102757207,0,0
28145.692290770836,155.69272796189895,1,0
339666.464333864,132.71968905522206,0,0
73797.17375133744,131.53211836144035,1,0
127129.27061305713,123.29882154084399,0,0
90180.8211464945,134.75243232626994,0,0
186256.43732401283,134.64523954686268,0,0
10541.989818423857,141.52680921627143,1,0
35158.156477901284,159.02151523914202,1,0
62709.489544610944,196.34585393755552,0,0
90392.11709973148,142.11080768663695,1,0
113403.18751254187,123.82039111879429,0,0
41378.574490666644,144.74180567836274,0,0
57653.28120398403,148.88228108101038,0,0
35967.67223120017,127.21431406155091,0,0
144679.70634705585,147.55268987069658,0,0
26726.1900094591,130.09671236142614,1,0
281343.8081852204,92.76931839539837,0,0
21075.958668246356,169.88581767018582,0,0
17682.404094853126,156.86340468958204,0,0
185975.5243618818,140.08259550086984,0,0
183949.8475255564,169.16259417513947,0,0
148907.79948760636,145.98337879063197,0,0
140694.31455933145,186.47047839641175,0,0
7329.144532707766,164.31813298324556,0,0
152537.27330919012,133.19452818618987,0,0
95431.95252371233,174.61639495344025,0,0
93000.53262105052,151.60256412375563,0,0
102349.35093111794,184.7200025904894,0,0
20661.246621670285,142.77496953496956,0,0
38547.840787091234,167.87041721200183,1,0
26724.440646233677,151.87129530539045,0,0
36442.72369261932,147.9753022649458,0,0
576235.0221997635,165.9045122171009,0,0
15714.13075977707,186.1964441537841,0,0
67781.93606290784,118.51761120299905,1,0
17790.146801499646,124.20433623178913,0,0
109361.8650095847,140.72020121846185,0,0
39080.66251876515,146.31825431217638,0,0
15536.886329585357,138.73233602056854,0,0
11865893.570946649,1272.3206194271309,9,1
5032.010149023593,179.3475232893552,0,0
65846.95189001829,158.01266031496596,0,0
55671.70612566676,181.02347968462016,1,0
1469.1582978110102,193.6747424543874,0,0
120772.13783006725,177.97280679267934,0,0
10312.248715034479,187.25358989708693,0,0
19181.31691250175,173.21918837689438,0,0
283911.03197850625,137.22005503596537,0,0
781.1067456649004,178.53636445803178,0,0
115183.4321483374,200.60071340948141,0,0
109587.56184064313,151.71904377111957,0,0
53240.412704934,167.59489709377047,1,0
59130.92229902061,164.1567677014672,0,0
54016.56256409748,140.3516718371109,0,0
170533.7425615654,138.84003752961212,0,0
258415.42274235692,216.61536230003588,0,0
63015.87651386459,167.57890791049044,0,0
116666.96893800439,141.29731636996758,0,0
10522.866766124142,153.66868680513065,0,0
22158.292648476032,131.1927794559633,1,0
6650.9570045450055,191.34088040074647,0,0
10598.464939703164,166.68457757851422,0,0
157356.68544464806,159.70685637316083,0,0
5007639.294689415,1130.2464070261121,5,1
170051.91963690543,195.82785370996123,0,0
107330.3015015701,156.13820430140422,0,0
294732.24372319516,162.4086602767623,1,0
20470.928239678502,146.53580941506473,0,0
135773.95612845934,112.94816811293934,0,0
48933.867694074244,105.56840503275883,0,0
14125.226881272152,188.60833717428085,1,0
46050.99169716385,143.32650782150935,0,0
30063.186262456886,165.3636809412717,0,0
5301.808012187107,189.94187491762457,0,0
295376.93250105245,151.46509848814298,1,0
33925.84705932437,116.0575318283112,1,0
138639.12784672916,133.51752407873875,0,0
99951.57598101365,175.39641297482444,0,0
13210.35962124372,153.6156908447386,1,0
9433.454330674616,134.38214582866811,0,0
19133.417963265314,130.6936732279201,1,0
127867.39598202982,154.49165097178968,0,0
137382.03469241396,159.4404601605023,0,0
83916.36190235078,154.21806443364693,0,0
113139.42523700834,177.80670732587768,0,0
45538.037240803744,169.93130746350084,1,0
73122.00994841244,137.10914914799181,0,0
282634.6308163711,142.31775403313205,0,0
50390.77057723206,120.45265064070027,1,0
5756539.968071876,3240.608442684438,7,1
30506.658384423463,164.15443476925432,0,0
20062.777701507744,131.72912750755822,0,0
192444.80021244034,170.53847043270525,1,0
46127.743493628324,114.90754038136893,1,0
23884.817580250106,209.50969365411225,0,0
274214.92847236095,177.579348469841,0,0
202337.98366434942,177.96353523339874,0,0
123181.71385317386,155.39156968715162,1,0
89850.34936411615,174.70239958941718,0,0
113434.08271911161,144.64027670058053,0,0
83347.12298416266,171.77613232863044,0,0
46695.82377923213,185.75075972303424,1,0
18570.69749552378,120.54680261624864,0,0
288380.10282115726,139.58020872154145,1,0
78830.18885613026,168.0121527063572,0,0
22157.554364410335,186.4359487342609,2,0
123481.28164333102,127.31259048160021,0,0
17453.386896596166,155.2948105046446,1,0
100563.90035635281,155.1296222684046,0,0
161377.50879177987,163.30290335465955,0,0
677.9046162519771,147.83264616036556,0,0
263069.8342782766,105.03748762038315,0,0
46384.35062482122,143.14721311548197,0,0
83457.97967667296,226.78341754015003,0,0
42907.42214450657,119.79518854104903,1,0
25461.91692508616,128.8592878002649,0,0
53558.378227348985,166.41265207938068,0,0
160283.97033119187,168.24607587787457,1,0
63151.16927075856,154.64694709055667,0,0
48778.5164218821,164.3520320526634,1,0
101807.52652669014,160.2840069392427,1,0
218715.05908300824,124.30014816956403,1,0
14138.921089199186,126.42591568875591,0,0
257650.3798447183,134.0605035530616,0,0
60152.963102619215,181.32659317322282,0,0
381229.1472889873,205.28332571503833,0,0
15094.366685819332,135.77737867276437,0,0
116927.11836332073,130.46605760957635,0,0
132504.39655779308,193.78522684372277,0,0
71466.00886246964,129.21303317746273,1,0
242842.22360612074,170.6021645136066,0,0
248681.25744105692,146.28943382102,0,0
223979.34963509178,158.8419843972762,0,0
91341.73942485359,149.29689190145413,1,0
18048.30145127001,130.14790733486382,1,0
23848.310468319964,186.47449542079596,0,0
137483.50425781234,105.79341226246285,1,0
51680.75689107711,145.49660988975373,0,0
7366.867404139609,172.33368156520365,1,0
21339.717631242136,157.66549467454806,1,0
168088.75553317717,172.00535349060442,1,0
52161.53998421501,149.4039057965971,0,0
13214.989397548736,131.69293973924493,0,0
128058.72060484228,142.95779198027176,1,0
8153.693948079393,177.6328475373322,0,0
325930.5618874197,137.16717277485847,1,0
4785026.00361601,2461.172854086163,6,1
4864068.53872586,3341.618948329562,9,1
37580.47549860554,131.1471880052235,0,0
199151.41812002513,163.1832519870168,0,0
18874.20480189876,161.94535382301638,0,0
75112.31403072628,161.12606749735465,0,0
13285.509430151893,101.24762099953102,0,0
366316.6955211834,123.2245109367128,0,0
45766.8508644635,156.62060606161944,0,0
9939.51768470758,177.06562302505526,0,0
8164.775250044769,124.3514165075143,0,0
166734.9672163506,139.45557839030923,0,0
218777.15554844614,188.65271401078525,0,0
27933.98087946404,151.337856857839,0,0
2966.0742705030075,136.55429075337443,0,0
17953.769832130514,133.1072117460327,0,0
152198.05983394108,178.2148516869645,0,0
94045.6824749567,170.7305896409278,0,0
137756.91914305757,140.3059769295944,1,0
11492.483355223923,155.85485378745514,1,0
136051.28404244702,161.90027000164065,0,0
53833.85796289765,160.8531745385243,0,0
187899.75144048125,176.1131607454535,0,0
47142.86678587355,152.60116202597715,0,0
272915.2508233673,161.29156183210483,1,0
68858.5221271902,192.76939444235967,1,0
265043.6882865445,149.06955353340564,0,0
469445.25427327456,114.08370519551886,0,0
1663.2366142178444,153.47921154331553,0,0
8509.057900323622,174.17208541889357,0,0
14043.820282384751,173.35685044091366,0,0
22465.438417536618,183.62399165435372,1,0
93471.51755001085,152.00399401218883,0,0
213311.675192797,202.79033046044933,0,0
232677.7461372332,99.92628965337019,0,0
37609.39973554103,160.65062529482447,0,0
1111.807443191012,189.06671263076709,0,0
100331.77833996272,141.50447079229258,0,0
76640.77992636488,184.13321870689555,1,0
138571.77111745547,158.31551961952596,0,0
116465.11401198486,129.75888850740887,0,0
69528.62337111954,168.31191323095248,0,0
61501.20895344328,115.46127352801403,1,0
308026.518608191,162.00573154764257,0,0
128110.09198063007,148.1304675837173,0,0
175368.66059020415,132.32028301766348,1,0
92015.17296897226,161.58612345290155,0,0
118181.53550926894,160.3070149535875,0,0
52849.070966347266,110.12935362747947,0,0
22673.353855735655,172.66620964523207,1,0
150534.85890851592,130.85866786886555,0,0
119327.20442261355,149.14216673125478,0,0
16003.400171418738,171.70438698889734,1,0
33311.63206276745,152.87563915857018,0,0
33344.76337023432,111.08657664495938,0,0
18215.09538474714,132.6575876883899,0,0
238697.13544563597,261.9771062756439,1,0
101874.47692476813,154.90680846102157,0,0
1075092.1694433922,135.6561112398906,0,0
88877.03000842899,172.6808665014405,0,0
102891.90860803305,128.1872180848591,1,0
18760.98001803218,140.28078123926045,0,0
4016.113610523642,157.95638116458568,0,0
252053.71413928323,83.62294955301275,1,0
37328.424585091845,140.25594659708923,0,0
175699.92981731857,130.4172810818734,0,0
178074.76481610624,122.97226630439718,0,0
47679.76258830571,110.99395056115708,1,0
187190.85181150452,153.48631165072993,1,0
424975.737547539,105.00401161528906,0,0
79483.46876842293,157.07070400296757,0,0
35221.41005529523,131.46071852766232,1,0
5622.862796223659,165.92381349987176,0,0
176287.05527253656,158.40804524054215,0,0
2643.5801327050294,136.27363922102836,0,0
69824.64908453857,115.45093037532489,0,0
118484.66854887213,175.23237389449523,0,0
152531.9016173641,152.4807405845268,0,0
152055.16759391018,143.25648483470854,0,0
207239.9781312871,133.8873074531082,0,0
44027.93494018741,169.38076822094385,1,0
101830.99552978859,199.39262753075184,0,0
95054.07456711284,155.04462768427382,0,0
231245.98202549556,143.89000411156223,0,0
223914.71660777894,136.64695895967762,0,0
185552.86191912388,165.58998817630032,0,0
97619.8525774559,131.9902910299882,0,0
542301.2792339332,120.51206358398721,3,0
46295.92983578263,151.44056907898988,0,0
207935.0837295789,144.46504354537262,0,0
102804.49473556652,120.72080830496908,0,0
6064.307831710132,113.57068253947608,0,0
288339.8047209568,119.44435701020116,0,0
381266.13283823757,165.44051662711627,0,0
302039.68235223315,157.23627682126647,0,0
35776.005658490496,145.8215978959291,0,0
72917.33429185669,114.88086945832498,0,0
104307.35166069477,159.54804175007524,1,0
185217.76200195463,217.66719852438752,0,0
46140.34944354643,129.42628435344108,0,0
40184.03039323133,149.3275036877654,0,0
154515.7610581429,138.22924058740546,0,0
541612.0580387925,140.40617547717477,0,0
324394.1605506166,189.78038227205735,0,0
66025.51271050858,175.7219360419736,0,0
174223.39466014455,180.17425811580623,0,0
169508.64126328152,116.61693653111237,0,0
101343.24819435891,168.90219701737513,0,0
10302.49313255693,133.54716267270763,0,0
235947.90326072488,150.44638253705435,0,0
151829.37113396364,160.66419779459193,0,0
153468.80156335983,195.1112242996781,0,0
970.2262916975674,134.11733664079492,0,0
115528.00985577058,210.63531479509732,0,0
53857.89965041574,119.47623572502823,0,0
111753.34958792682,157.75384565253768,0,0
7687.171028854523,107.32843594517375,0,0
73.41867368090749,123.53873776447405,0,0
16457.232655268406,155.83218953893447,0,0
71506.49575725118,135.38751960945123,2,0
32329.514774171766,184.55344987116686,0,0
71890.70619365363,133.1070499396117,0,0
2072.4436436117558,179.00620329574048,0,0
155561.68582699442,164.88738251804935,0,0
357340.2198102183,148.47785057733245,0,0
655250.3064684306,156.05645391550715,0,0
55806.32283779003,137.82945318704256,2,0
128239.7334390595,133.22714055788072,0,0
185644.81212120724,118.84176305628938,0,0
308522.8330319333,175.77606846956652,0,0
205356.42370682533,135.24095770486673,0,0
148615.95369840885,163.47407681639305,0,0
8345.831229126226,170.85251429775172,0,0
6482.4023132713155,182.04945905941716,0,0
175795.43101589897,130.12062468965416,0,0
529.3589525636335,113.09423799226505,0,0
41306.790941853,162.32374526167422,0,0
54275.24592722779,220.55000624595996,0,0
233908.58150246722,138.46217161862728,0,0
378966.31013366336,174.89458775393726,0,0
69871.62647686905,134.77942093941587,1,0
69331.5751575974,136.31953899335068,1,0
184153.8693003853,192.261316739646,1,0
47880.59288074688,127.4608626174121,0,0
37106.69548078236,118.59611813731533,1,0
274768.35471568216,116.96915655840772,0,0
32636.27218233093,123.75814710608013,2,0
50156.043135711116,148.02194444038727,0,0
28532.2973969969,140.7312254048088,1,0
102597.8538586161,117.2805423878511,0,0
328711.9565076071,176.7040258718996,0,0
18639.368714823235,146.63389770438013,0,0
178537.95507344115,167.76935062937986,0,0
4337.872722274102,169.80987598539338,0,0
42749.2041148863,119.203282796673,0,0
9437962.881962422,1918.4183421358116,4,1
66043.46811244288,145.87293344072535,0,0
93568.28699376844,120.00011049765892,0,0
152451.0401195538,126.57355808834666,0,0
41183.92309617033,144.4082681450521,2,0
126754.8229263763,136.88658152499755,0,0
57727.118687727714,151.77162492637842,0,0
93556.92076194852,159.09601085731532,0,0
135862.9349353115,125.4476898299946,1,0
86866.83493772632,129.05051963301705,2,0
164411.2859601459,143.4459019968715,0,0
40491.34835081161,153.83568450963472,0,0
126339.58013910802,202.42818030932568,0,0
220682.98970933087,126.40148391668907,0,0
9137.177279475522,131.66437082956904,0,0
181806.37756867206,180.82296466693708,0,0
133408.25356767135,156.86284968733207,0,0
147675.81446083973,132.2539335138819,1,0
22305.213690931774,141.1447559583638,0,0
121583.6420641672,121.03017333938489,0,0
9563.510223988349,112.00329906561228,0,0
298645.758867679,146.2354112906268,0,0
636549.8339210914,113.00337736227965,1,0
153294.55867384298,103.76479985303986,0,0
90707.61245645401,155.1000095269423,0,0
164354.9862867412,120.69293757742618,0,0
142191.38858608427,181.99035297944368,0,0
21526.881715337156,177.5107110564216,0,0
237704.42286730607,162.2130034618502,0,0
105253.93502823786,179.11161731280532,1,0
293001.5318666861,165.98407108716574,0,0
2268.951067535683,142.43063637186154,0,0
61147.005181405664,121.64680843803919,0,0
88867.92216365063,174.9576142144596,1,0
180899.0868901767,115.49025383189831,0,0
13929.850466010239,151.27690761162697,0,0
74138.33597428068,139.77455380462652,1,0
108412.43044631254,205.20870660849675,1,0
55974.385524376434,91.29829007247935,0,0
172523.49305185056,144.65807073529461,1,0
89175.18882695987,191.8247425711238,0,0
297500.27027757355,155.0266747507848,0,0
155559.32629683783,145.49743496621605,0,0
24253.606712324116,145.7272486631314,1,0
29510.59638315819,181.245527426342,1,0
21010.156600281705,122.83972616610954,0,0
28584.63294666783,166.72688136240913,0,0
126039.74224384248,167.337395515115,1,0
327813.14123929286,131.37818036809315,0,0
14379.3047316721,178.32105529282236,1,0
267041.46062934806,148.2471463980492,0,0
308047.6295184926,135.36196095260652,0,0
1166.354604475082,178.16144392822895,0,0
125567.46010580593,87.74295729059179,2,0
59894.784797575165,117.81553517161638,0,0
158065.84978445966,89.39337823256785,0,0
47513.78023036907,139.22640498786933,0,0
408165.287882772,145.42273038471788,0,0
151333.94681472715,129.52618887565697,0,0
47661.43675917048,149.1435795223998,0,0
32780.29844488623,170.02821459779884,1,0
99411.3642263664,139.01955587945469,0,0
199367.7514913402,194.59796516518713,0,0
28610.67207666289,133.69003848843806,1,0
7169.691289945909,133.09872279278534,0,0
81696.14960598809,131.85281040420014,0,0
57297.35012007868,177.72748663691797,0,0
3828.380019014459,188.63066114712046,0,0
256499.8627275283,153.68297147578488,0,0
169129.93870263846,163.56936684781405,0,0
161617.1118596673,143.83156798616312,0,0
6593.7714843982685,158.67665680500693,0,0
173491.11848134993,197.04053223394428,0,0
3514.7547738321578,177.91076871955516,0,0
36211.70406789371,148.23701118181452,0,0
472245.03792042076,120.46396846056726,0,0
42091.8638541133,128.59730868358923,0,0
18962.127200562794,146.045265504445,1,0
34790.85460409891,110.90176837748365,0,0
1200.4193084176436,168.21853966164397,0,0
30133.503626029218,175.42935535425391,1,0
137702.83104100268,134.61531725593716,1,0
27090.28139771743,158.3574990937752,1,0
39784.14611864462,151.5447067557412,0,0
285763.84689333016,139.89826374368818,1,0
22733.98268583719,140.75708288101768,0,0
168862.25245517347,159.89512351825522,0,0
222001.9861605448,125.82285318001149,0,0
55089.27404770627,137.2608374282542,0,0
68780.97395504772,104.20871928215934,0,0
280624.3089108612,150.69916359946566,0,0
212680.974985842,142.1967158114678,0,0
2247.5823331013394,167.15721354329534,0,0
5482.56133759029,105.07140830927239,1,0
147578.22686167576,125.07832263107824,1,0
52458.96229174781,114.9686496450058,1,0
32172.240566827048,157.66140801623922,0,0
38713.61750292824,171.9551391359161,0,0
1146.2009723222293,137.7452273442828,0,0
78511.20780982243,163.85636190066302,0,0
112030.64910364419,130.6349663028672,0,0
123271.22871859583,156.07256351778128,0,0
55237.64708787611,123.93542116165435,1,0
158559.51802638205,158.61523301485275,2,0
259594.88130533343,142.00649464331238,1,0
85545.59330816455,96.32169750084921,0,0
112056.81337534473,151.283968970067,0,0
50032.134090217194,149.56579981227256,1,0
6168.715659506075,192.0853711185667,0,0
155088.94891659947,134.3084325993326,1,0
58954.420215467544,161.57281948732782,1,0
729062.0078838307,139.33033822691436,0,0
3304.438558006867,171.8542467974125,2,0
144904.37082165683,156.97307742918608,0,0
60671.015369422654,91.96286644806054,2,0
13179.163088809044,140.14773802548558,0,0
27477.29370006525,182.283268226624,0,0
50598.80036850227,173.43062934166537,0,0
5616.609750153922,129.6073487975164,0,0
237631.28705085535,144.8803685598566,1,0
215664.58155154123,180.46663026972303,0,0
155799.49277383022,178.07423428964339,0,0
22390.584945197606,147.73133106652193,0,0
50251.816638166194,176.9166162875568,0,0
6520132.503197771,1536.0566161021902,8,1
188156.72333130174,125.81863155047336,0,0
184941.54760926752,172.47603832092813,0,0
81047.43897610695,150.1788314024372,0,0
37738.59725117717,86.15922460878505,0,0
30720.64335882231,219.58087855618322,1,0
42378.2337059439,142.46952139867045,1,0
14489.798954852677,164.4895311996201,0,0
194306.03405456268,106.10580355604866,0,0
91831.15751941084,134.8607586174142,1,0
31273.210009625378,129.75598646000168,0,0
24568.805491970033,205.70386083374126,0,0
120519.50509474029,156.29673620795063,0,0
53510.10957738252,148.64121813999495,0,0
94545.28231199404,153.60130578816242,1,0
1768.3909611236963,153.92246852996283,0,0
106798.2849123264,165.40064271869178,0,0
150419.97295386795,135.92334500512246,0,0
54559.76355204166,156.1060263215143,0,0
326854.9865279589,112.75975969122493,0,0
12606.414212287988,134.29253769955616,0,0
137448.68663801908,158.37815332684158,2,0
85030.28844494071,187.53192208779322,0,0
107284.80274859972,115.04794900203042,0,0
153165.99990119244,158.84954831677516,1,0
2317.3950592201077,154.8169982462368,1,0
11058395.771489872,1498.2885597134743,4,1
3932.5846383904295,126.61506850044266,0,0
112536.15483532057,179.8151551244329,0,0
25430.15008454841,165.18137544387304,0,0
152686.67021053954,162.2969537644722,0,0
67911.40403499699,160.30285751826506,0,0
183875.44156685265,116.37783048047001,0,0
47279.79236865687,127.29146870730037,1,0
37705.49582266253,151.55377265214318,0,0
90224.2024558877,130.0943969306545,1,0
109095.28714836962,136.23297883358094,0,0
418411.0738396946,142.4889297793112,0,0
11327.022100686527,188.31959711920263,0,0
165799.42338977227,179.11189617625016,0,0
144490.3536776378,164.76720112110476,1,0
32286.929112316517,137.98949451491265,0,0
136831.76612165463,146.55535347019298,0,0
68497.93243038078,175.02662106426908,1,0
7830.122544244214,163.0921185344791,0,0
48237.324019820226,126.13225415767694,0,0
116961.88245876206,154.29802122268615,0,0
7709.32182875456,129.271026937865,0,0
188161.5516176251,144.66758560919806,0,0
221633.67322313643,157.77095993846973,1,0
9515047.902610766,3250.4280902081437,8,1
50778.19151060528,183.56942411057508,0,0
110134.03255235514,162.32716005119843,0,0
189306.94180199434,183.56869008291915,0,0
64377.760022361384,150.48148272578032,0,0
108599.21921145784,118.88909880628262,0,0
31343.449967946035,218.57782181159365,0,0
93020.40699145454,143.8733728239185,1,0
68405.96962400032,197.61699705204094,0,0
36119.06711860556,146.8967906295574,0,0
227070.81985523153,176.88987270495826,0,0
379285.20173053554,121.72275637077895,1,0
126459.74098468928,127.72920799673045,0,0
107303.02974359691,205.53008485679902,0,0
69501.59829540129,165.73095450738103,0,0
56273.21905512457,131.59836953648374,0,0
74701.07422437344,160.61371499299173,0,0
278864.97308833286,101.72915998189794,0,0
64682.40123840861,186.3874573019736,0,0
8450.732236738364,138.2331713754455,0,0
334029.5197240481,149.97322166156465,0,0
22676.38089683799,154.47329322345402,0,0
274255.1071592113,140.9053867597532,0,0
341047.7443280817,134.12993291331534,0,0
84594.14056892364,122.58437389631706,0,0
54046.13666959116,198.88315540374475,0,0
67391.29871292452,171.17134357949752,0,0
430642.76833165716,182.32870187553178,1,0
6657564.365400523,2139.614286067323,8,1
60836.19576758817,144.83113991426822,0,0
103284.22911675967,136.46763777153927,0,0
4919.617919899382,161.0688330327276,0,0
45122.25796788358,147.28539595549026,0,0
23478.649474405454,173.2212811512556,0,0
188994.08059733923,167.35050217651855,0,0
178584.46920283142,139.6498691215399,0,0
246790.55471813813,147.32181957073308,0,0
5823069.172621902,3065.1165986191986,11,1
50991.757536316996,183.84729648308564,0,0
84580.392416073,138.76786630160478,0,0
7911.746103231435,122.09274574247152,0,0
124442.42946503498,177.80151700082894,1,0
577530.4215883532,150.04139639054878,1,0
24220.737777826544,153.8712612077596,2,0
59869.1714472119,152.77201257232093,0,0
379432.76972382906,128.46468177034146,2,0
362909.4295793951,189.82130160929967,0,0
31322.426214745825,158.96386149724552,0,0
56228.859792015995,172.38650559187082,0,0
72561.19411028479,193.6475908046405,0,0
188628.71436631106,133.5807410412071,1,0
32541.958772916892,187.06110071886593,0,0
56783.86263415155,179.70154690627652,0,0
110456.94313890985,164.5343264834731,0,0
192012.8187369589,146.68295550700262,1,0
106340.41242247914,129.57846249462605,1,0
228807.95530679115,158.05051199138035,0,0
5502.193457997964,120.15720364389307,0,0
86961.47455375442,117.42495195462988,0,0
196530.76407771013,124.8920403904248,0,0
78321.79738295838,154.1760776042286,1,0
51425.9389719537,156.32191643789167,1,0
136186.61689779165,150.3604140658887,0,0
128878.70599187154,169.8240401361369,0,0
7915.110567553253,174.90261973292752,0,0
1295.6473012575516,143.82941673808608,0,0
186925.6528972925,159.87050051030442,0,0
138751.04604992384,146.91895152872166,1,0
79316.54198452398,135.72383555314147,0,0
35563.23859037625,149.1296921310512,0,0
41009.240446572454,131.8583099279245,0,0
190070.1180319362,178.25411730665292,0,0
57450.34988344391,161.5081954595371,1,0
92240.73883405112,123.75216136576182,1,0
45107.79533623059,155.3503597425209,0,0
24513.461945181345,169.60917839426367,0,0
91123.33235719998,139.47666088540586,0,0
52213.103796293675,166.81532227724605,0,0
150750.78282042683,108.676635940676,0,0
198235.36175612354,125.15436777856823,0,0
12445.43482914468,132.52834548895015,1,0
8833.016547909641,154.3885560958787,0,0
16875.022124431027,129.22793340362176,1,0
93395.48650841444,165.25333862719836,1,0
8408.87852519725,197.26824621485073,0,0
601892.832593679,170.64880522314866,1,0
389686.62265801296,176.3545791159327,0,0
53371.33273581776,102.05418345504941,0,0
228240.3742288868,165.52074863224667,0,0
57591.931425998206,147.79349424662396,0,0
54349.81002445561,189.2310295321177,1,0
158585.93649379216,116.69388533091387,2,0
47755.40870803884,129.81805574974072,0,0
185263.2048399332,171.9051497917915,1,0
74996.6786265204,188.22752516683119,1,0
208903.87465762848,155.68284488730797,0,0
508193.0976270297,169.84837802276274,0,0
6507.292491158057,141.96030788935732,0,0
390027.5835366409,148.61516186294162,0,0
3792.3277626342556,127.33177586624765,0,0
37436.38963921672,175.0331533699898,0,0
148072.93348858735,145.7351833802483,0,0
52989.871135779526,138.9018376391277,2,0
75902.94658288092,173.59421961998305,0,0
156788.00169205992,156.28982018154343,0,0
269193.21011397353,162.41844391939296,1,0
119874.68242380646,166.3672123252036,0,0
46976.026923466154,144.95564059252104,0,0
12112.572024696707,171.37972633482067,1,0
102204.75607559686,136.63122988522713,1,0
86411.30116868892,160.89865809748343,0,0
274708.60743419186,182.15125259658566,0,0
65752.37332948447,178.00323515827608,1,0
139595.342138621,134.78907396522146,1,0
510669.3204341958,207.93384414037152,0,0
92946.03893865205,172.72222590923218,0,0
74369.60613878147,150.206862358558,0,0
32015.202055171027,141.3913523766573,0,0
34880.659651019894,153.4920491321308,1,0
88545.4601329779,153.2182170184912,0,0
4646.68165882198,157.0143741489655,1,0
56880.956465961666,172.8267701482215,0,0
98693.13770012915,174.62375257514628,0,0
46014.434174719216,132.06792567460826,1,0
38647.12711808768,157.9971991963603,0,0
53361.56299103588,187.31524868660088,1,0
133021.0367301075,150.8253969233715,1,0
31872.533048170026,125.65334615766858,0,0
36713.66235380064,162.17237027904912,0,0
94620.08079915572,173.4126651514252,0,0
416243.6772709142,138.70159654985022,0,0
1471.4913855984203,108.0063668370251,0,0
535881.0275435166,161.65367826237386,0,0
82819.98720888402,177.68748100295392,0,0
2518.3886792621306,198.0309354272403,1,0
43660.43819433505,140.48828659706663,1,0
229132.47084792153,129.2169647718596,1,0
13780499.951717956,2213.445637579064,11,1
667186.498112286,148.34945035134928,0,0
124305.0667145383,141.18248012490983,0,0
182195.59770700385,96.43200384003634,0,0
47089.81608967302,140.220545909107,0,0
31005.664501058294,176.19253922194025,1,0
27223.466966727377,151.1051543720113,0,0
132097.2692179643,194.92541291244885,0,0
480625.6336082594,123.10353595405334,0,0
1928.9024111250346,156.11937102779245,0,0
52433.87003196762,125.65082389377248,0,0
41402.541641223426,140.61762075716447,1,0
37911.03072824534,153.71159203867222,0,0
50937.58337988151,143.4287733459907,0,0
21331.43012771404,109.74575505016415,1,0
12389.445994187048,116.59325908621615,1,0
443592.6800929026,167.63871411989967,0,0
67421.79956271879,116.69677613422748,0,0
267644.55602169246,145.9180403692924,0,0
82638.11252867813,118.96751818147608,0,0
3732.348174513824,110.67478643376249,0,0
60360.44757727553,207.95255651159505,0,0
21702.312510704534,184.03845507120278,0,0
14612.37005442583,172.76152756129602,1,0
93523.40963033684,160.25378919283986,0,0
351664.70442364446,127.84901529035231,0,0
156547.6979251445,149.56206592760628,0,0
267331.6718265753,163.9639538320393,0,0
22206.984930181163,170.41561858155572,1,0
31570.960166167726,181.6012542626791,0,0
53547.23844783919,175.46561275084528,0,0
204019.6075968409,132.11656077263333,0,0
112400.7802632179,145.45664387865952,1,0
81865.45160488,121.30843430130628,0,0
22622.41708250913,126.4132543897961,0,0
368008.0738195857,165.61516612235695,0,0
91501.64212489093,166.5296368704001,1,0
48703.747096982705,161.51972120653502,0,0
83241.16025911793,115.04754963295312,0,0
103570.00448002089,154.67317631386243,1,0
570429.5437398562,159.22061030621654,0,0
31377.921939222528,163.02164231403933,0,0
59426.18712317828,133.87977659016292,0,0
42302.94024907208,149.19535122639294,1,0
28573.58568234884,174.0987812763678,0,0
6942.135209395946,142.9301697472669,0,0
593024.5169488172,120.52646494731553,0,0
32341.295789492528,150.77121667633767,0,0
25485.91342114095,123.89785160440398,0,0
256503.81768529027,167.17850765007447,0,0
42040.976330361584,143.9736446351509,0,0
85455.59494418027,151.9923516845678,0,0
88650.03871646439,143.23736739759562,0,0
243754.50747857903,177.03951820911954,1,0
47471.935053347705,118.17096514600253,1,0
6350136.22131592,3196.399312555159,7,1
178107.79446912793,128.33168323349219,3,0
507829.3736167368,183.13272493169347,0,0
16654.320991835157,96.17476403389696,1,0
229385.20756012178,163.3533985566496,0,0
376641.7587745069,141.79824074088307,0,0
254417.31675782715,156.95964238302207,1,0
98354.71763237494,118.90817214527895,0,0
406.7670247805905,109.67174952713279,0,0
86709.65403439621,162.82619668525626,0,0
124906.96013589509,122.90835416429766,0,0
109572.50004131132,149.4659406889631,0,0
149053.84096213445,154.7110020105189,0,0
13970223.502223823,2544.9363386429673,10,1
178324.07747314856,156.87326952675218,0,0
151369.5131039953,141.15456184469548,0,0
66734.12060755801,120.73910606256246,0,0
21713.54229315989,148.87036178937095,0,0
27347.65509518354,151.60122112544255,0,0
237204.37314573282,89.95132640123634,0,0
609.5995025470515,153.53898167239487,0,0
11113.815536550574,159.42652274071,1,0
160981.4085403206,140.36497558757605,0,0
212717.37505110278,153.3171154783269,0,0
64872.815031774306,111.24057822671901,0,0
409791.1853321581,130.0381800800092,1,0
533239.1998524758,139.32549071233095,0,0
172975.1547403923,150.61618445526358,0,0
17890.570861777935,171.6894869376568,1,0
117291.23585272749,162.54735974651555,0,0
122915.97684059323,125.47572703684811,0,0
3105.5283236260375,150.7570909138241,0,0
169932.15966279234,155.3886408752488,1,0
16233.185351006807,138.405068258753,0,0
245766.43628934666,148.12953949123536,0,0
36485.27236055265,158.1667730385542,0,0
155949.51087520065,127.75093608607146,0,0
120626.75651273062,161.30013421456118,0,0
226648.22236619366,165.52493914681838,1,0
19669.388229373508,146.96282236398972,1,0
98696.94196129357,126.91498818687299,0,0
126776.4559174301,156.93698103343664,0,0
41347.04132044058,133.93669577984406,2,0
210659.6645814096,155.99492084354972,1,0
55907.38603140932,94.01693333589438,1,0
7689.6126458251665,103.1486124317195,0,0
81904.82381674189,155.7545201557305,1,0
58502.98029268427,181.68184115795955,0,0
206839.41871871217,146.87062699262844,0,0
270622.06352455734,178.855870122494,0,0
183196.4090591173,142.71484096627768,0,0
130104.53410501203,176.38413866876766,0,0
305954.1361583031,161.29250502439848,0,0
29471.643318983315,187.11301914621748,0,0
11074.184322224866,119.76443865270414,0,0
29089.680855678012,112.44027545776207,0,0
118757.99809759199,121.81239382283759,0,0
256410.2756391723,143.96696530155367,0,0
25309.32042868062,174.63050432022752,0,0
446515.4515126125,156.84839342328345,0,0
164328.28602076144,162.48536519847673,1,0
262077.5930109706,196.47006588951288,0,0
5921.837846971674,118.31657585083572,0,0
72146.65379379579,139.28494407628224,0,0
60610.25301615999,118.52493182579622,0,0
85693.9580984264,137.08081081134276,0,0
363262.08096031443,166.8113193846539,0,0
33254.95867799267,131.55934336822864,0,0
25737.17068688592,181.62289737430754,0,0
18693.424464533513,175.06449535678985,1,0
561271.7048897331,149.35576610306856,0,0
4375.941188321464,187.02481010293732,1,0
2093.431601479867,104.81844226085664,0,0
77773.49077244727,123.72090984124515,0,0
108721.06863599697,114.90831734873682,0,0
63991.568825063856,133.48881579981042,0,0
152653.67307376405,142.68709516126646,1,0
682109.7761748178,142.20432367813618,0,0
9003.844082591946,130.81818569100045,1,0
409947.77803581307,178.00141594749456,0,0
9517.860023373143,180.39683905497452,0,0
127539.25107567027,149.40322579226367,0,0
279291.1792211253,164.95230681943636,1,0
143169.32478591314,100.82263592734614,0,0
61791.11790687615,181.89429551895807,0,0
150515.02115538498,164.78223973233682,0,0
110122.3013691941,189.24214202444392,0,0
156873.13619356707,142.58328158313822,0,0
55173.45499897889,135.23898074491814,0,0
283760.09933763737,159.5532818972701,0,0
169654.57221853023,137.6888971896946,0,0
250793.3694055854,133.54727976543086,0,0
66501.91875262737,154.87097047463993,0,0
138234.0994318076,172.34404493469577,0,0
74665.43219280425,162.86600599952897,0,0
93031.774838474,214.9359301843806,0,0
141280.60610731834,132.6575508095833,1,0
158177.04039787178,175.1562699858179,0,0
82520.50020569046,189.12758513935609,0,0
15483.104803511857,142.6199686724326,1,0
219463.1158736607,152.1298982492697,1,0
18241.825790806746,132.88535952146674,1,0
457174.3552237669,121.40821746152355,0,0
207214.31883380358,145.7526699583101,1,0
89939.06285157865,166.92576174502017,1,0
112342.37464574605,134.25437989383977,1,0
2544.752178154206,173.4201419283265,1,0
80351.24503631957,138.49532377755304,0,0
159698.8217355238,156.59665052257364,0,0
159057.06363360578,140.8214107238192,0,0
141928.9579066524,152.89051976053585,0,0
44660.18369772679,160.06795473174554,0,0
525.9925938427833,248.55827527016714,1,0
50201.491999802434,133.91878921968583,0,0
56202.88798427051,127.89049461594489,2,0
11738.519259714645,138.8159262709696,0,0
129523.5297736125,179.78087987951855,1,0
165456.68063071734,129.89330196376457,1,0
33611.755683323696,199.3433360683963,0,0
122465.47258199344,146.7730002988287,0,0
193067.3497691068,167.35081527419848,0,0
11013.934613895417,138.97440448690978,0,0
378963.4114040649,84.33288110003471,0,0
12685.869334628245,147.609674414702,0,0
52551.237731929694,111.50935764485098,0,0
84421.99138142468,214.73474293472623,0,0
38058.33202530126,149.01208644421098,0,0
756723.8018031622,135.8611809399394,0,0
25654.608859964635,166.81801219650353,0,0
273480.64511440066,161.0640607255702,1,0
305814.833115475,173.17499071835422,0,0
25662.641128692885,171.15112522223518,1,0
32226.258848461894,142.30260087403883,0,0
267103.29961982643,143.89761094603645,0,0
70308.07716721864,133.33609421917384,0,0
10035.052091746975,134.57861667241056,0,0
129026.52538727626,102.03526441101742,0,0
78651.63893499125,159.98867102539265,0,0
78809.24823967283,182.7247352432278,0,0
17056.62768127103,121.43795254703943,0,0
129933.94281018249,182.92646694918412,0,0
143279.65986444452,100.33682145056194,1,0
18680.6288111459,203.1979518689314,0,0
270965.40374647756,128.669547046453,0,0
78171.93762623452,163.72196288800833,0,0
87158.95671245256,200.86872895381475,0,0
41911.444336713685,127.85093580000277,0,0
258676.4838244453,166.3660498206126,0,0
40347.885408820955,189.59841102408708,0,0
56390.39763915195,170.93023716821702,0,0
33485.57747987799,163.1767799669529,0,0
91564.85159597284,132.71096493265566,0,0
46090.0676620532,141.00059566047747,0,0
198100.1752944031,159.7621073468584,1,0
50240.047880440485,147.16007680913128,0,0
561652.6352545784,177.30138528597004,0,0
102382.51071690152,175.72122884023986,0,0
19278.02802227426,167.67765400266407,0,0
61656.65612386784,167.07656453770662,0,0
509414.7057237531,151.0417855534839,0,0
105511.62349553099,193.25291923022098,0,0
21889.949235328233,160.26266978715952,0,0
71692.00075559084,148.95981261574016,0,0
86905.88680887636,173.77642156203663,1,0
68877.95763795282,150.2792002376582,0,0
15534.087219343952,120.05365636685224,0,0
31023.002601565862,137.3242934302244,0,0
46785.2580379191,111.31803621882702,0,0
632246.5321534377,154.52276688062562,0,0
83729.58706686781,188.25118603904073,0,0
110424.42588280699,148.85892866665512,1,0
43277.41072104052,127.85660998415614,2,0
1096.2941749615825,150.23225170766736,0,0
73449.87112796519,143.24269205938762,1,0
88774.76303944198,136.26541540125123,1,0
101629.06429042907,165.98570105481375,0,0
128101.45019328846,163.20674847287762,1,0
6176.524821842161,129.4162615409341,1,0
322819.46979481116,151.29294712032967,0,0
2250.6140235663825,143.6969210306981,1,0
129273.6567835601,185.6558564519941,0,0
74683.71980678709,127.93506784641217,1,0
89058.22665858592,175.41608018289705,0,0
355623.71594682086,170.6645991284312,1,0
254198.78828570116,154.53647517356347,0,0
72000.63773916393,174.87543949039724,0,0
119691.7012800174,151.8090097477096,1,0
19101.6751940825,135.495906946887,1,0
68596.02790611275,163.76433984253995,0,0
76545.26758008417,148.18927325894293,1,0
101435.78188570353,140.5027197828104,0,0
181202.84305910798,192.3543939547764,2,0
20960.49807967576,74.73693709216208,0,0
78382.07552134228,175.8699782631559,0,0
194721.27303697812,175.4286918594828,0,0
168554.32488279446,143.994778224937,1,0
322670.6236105046,127.97117344134351,0,0
49480.899656055866,125.7987551112576,0,0
19626.295160444603,208.8677849436023,0,0
61900.53143931722,145.45136404143955,0,0
169415.57869284824,162.6983167490504,0,0
111740.79453479836,126.8826942369117,0,0
373393.72838624544,195.3919363770079,1,0
7514498.840594011,3293.9253215289245,5,1
103657.38732794799,174.54554861096508,0,0
229372.8194073169,157.8827406692648,0,0
6710.621830321774,144.41503959144774,0,0
5588.649075293259,136.148890397798,0,0
99814.264237661,210.30941634809614,1,0
144769.8463455137,182.65701189320507,1,0
100536.34992471084,160.70635993792158,0,0
120397.97076988628,165.87407184031375,0,0
75741.24048332036,159.01450039715755,0,0
97133.24016851393,129.79866427274908,0,0
3042.609193751578,110.27525993805561,0,0
246606.39334863576,103.35400611991409,0,0
119248.66236252146,140.80661041810083,0,0
27216.91355092693,145.76965854586132,0,0
276643.1050288702,128.23393022583332,0,0
10711.913328181896,144.97230511776434,1,0
73443.23551469325,161.58650889165543,0,0
93675.144285889,157.02912857236544,0,0
1958.0485465401546,142.4791178261242,0,0
136306.90163669662,171.8292323095397,0,0
90128.76827307334,137.62724511274246,0,0
5539.220511832699,139.2892891311106,0,0
37631.62798525721,200.3528430839936,0,0
215522.65789351118,137.71842430846695,0,0
50981.33895531595,169.9462956369575,0,0
146844.77292591496,110.7555828820281,0,0
66276.23300498731,188.0150225440803,0,0
100804.34410725084,143.7303098197342,0,0
198164.28168717216,168.29180816552278,0,0
217635.97348068148,161.5011347720889,2,0
334314.49194338516,112.55353313051333,0,0
169024.3393276043,178.83319408492224,1,0
90778.53445004334,152.52367425723952,2,0
369854.41469311266,184.97743698158536,0,0
259361.20011726834,158.9008116781785,2,0
122842.8521338125,191.40806269508894,0,0
84799.39421374045,179.545707348551,1,0
412246.93673733174,161.9066254314139,0,0
12229.597181155894,111.31172294313885,1,0
297448.56439637457,151.99642089423259,0,0
85886.55128525173,137.70301362963832,0,0
58360.367904706945,145.57749773772895,2,0
20973.718226774025,129.91645061773812,0,0
51937.065930213685,145.50668714974697,0,0
144745.97627366532,153.32321162068752,1,0
75773.51834762505,152.9260258895316,0,0
83634.09189998532,165.7369124278619,0,0
23239.93281560979,119.39000566947426,0,0
312658.43009895884,141.94397115410698,0,0
103689.35896855679,153.74680494838185,0,0
33603.68516532062,162.53122717018007,2,0
125335.10017126407,114.4341632696399,0,0
164595.2556859181,163.4206170988919,0,0
7736.211186895816,154.8480486620384,0,0
270792.7958195122,118.21139819683083,1,0
7686.42998267265,190.25190307974123,0,0
147308.67683791803,156.04787460803746,0,0
167340.63918627967,206.15470033895662,2,0
65415.40163246363,130.51359496869418,0,0
91861.57550076874,101.29053733169621,0,0
63707.61054312912,173.53140991672296,0,0
48376.090865853985,171.88762624611024,0,0
134496.05428604304,171.9189997288566,0,0
24808.7230992271,178.4674736673662,0,0
249.93680556878675,157.1775159350315,0,0
88174.39759252276,160.65919547433893,1,0
11522.080693068996,183.57520209340328,0,0
126485.8124245946,129.84171952800975,0,0
162840.94448157892,153.71327539103763,0,0
393257.1361111321,158.62715465037707,1,0
68006.049002661,137.67251347559267,0,0
47499.583343238904,115.09427174409524,0,0
78461.13653877565,88.95732532743783,0,0
978.2332833533336,145.4170789494174,0,0
323683.53278572793,175.96635718299336,2,0
87248.2626083798,168.96890481640096,0,0
98247.02775331505,128.85165899742577,0,0
53279.64534954373,147.9352418645872,0,0
154640.331808495,155.1906849503977,0,0
26120.376594059526,155.7948190656481,0,0
166910.3828199174,129.18481950652878,0,0
100689.1634909039,180.82597833627364,0,0
89621.90201158678,131.25832622635215,1,0
36801.01897904846,104.73001054200799,0,0
223376.6589444993,98.90578246183759,0,0
24250.03274558733,175.27742513967476,0,0
140738.23382794886,166.84912879275123,1,0
130462.86797500242,135.24858316179856,0,0
157623.76945381347,141.15737394361045,2,0
27996.48155898929,151.867040986356,0,0
265761.97726696427,129.10996898280635,1,0
6980.929732798873,108.74113739613676,0,0
109907.2636193538,122.05264153199481,0,0
27801.03616266838,145.2880795276377,0,0
10293.301063441433,145.85397735844995,1,0
142723.67394328417,151.21791698484517,0,0
49518.874927912584,152.7617188971534,0,0
270623.69110565295,169.65301368995614,0,0
272621.38448978117,136.94674534435632,0,0
104390.77317680036,167.38168750630592,0,0
110943.64600640174,140.91877044367925,1,0
4363.702069170083,137.80327279815512,0,0
141330.61926755274,148.8850332001194,0,0
251623.44814998636,171.35793347934458,0,0
320554.7637294038,186.38523705430072,0,0
2131.114860815305,135.13965753555067,0,0
59734.94247266898,157.26666232782625,1,0
3529.84206333652,156.95198988933817,1,0
63938.76592699905,195.71563156104563,0,0
4333.669561675763,133.28917423378076,0,0
4371.634602589782,107.51426200981204,0,0
163210.29922235632,145.06178489271963,0,0
381901.24106594274,147.58126486674112,0,0
312542.38702464476,138.29128278601377,2,0
137748.3441681896,178.21364443827966,0,0
71550.89515239082,175.7853976608502,1,0
105394.46301933678,162.93188568403266,1,0
121272.76408455663,128.48155028817243,2,0
102596.16120808544,137.68362866966493,0,0
149634.4383612972,143.33569287677537,0,0
78343.45071858201,122.0603489344169,0,0
78838.44256019026,135.20885461643886,0,0
171520.35920664092,131.12415010223754,1,0
60649.23185135479,166.92874935333234,0,0
211834.6055470793,116.59170276961387,0,0
164504.79695370464,169.93914056714885,0,0
88738.98572474993,119.93272427762831,0,0
76557.99254039807,128.79832682786457,3,0
264433.57306109625,168.70300080629687,0,0
13823.364275034935,161.865098075869,0,0
68025.40596427064,149.8667356668469,0,0
561748.1709188347,131.91237227344982,0,0
117350.26957400735,148.53944223700347,0,0
19245.285310402203,159.95581961730682,0,0
172277.54750994887,134.44837912637612,0,0
7570.365761936087,134.83340148123582,0,0
5380.482775687961,169.3335423661177,0,0
105112.77186581474,167.81655080317518,0,0
6582.332830739641,144.55079037598176,1,0
14269.38318518903,157.99557656535166,0,0
99156.54411923171,122.82331217662704,0,0
72059.15664003845,167.35241867029393,1,0
227343.74983568946,144.52353529938478,0,0
57493.70724966222,165.53140235508823,0,0
16406.037688766162,187.20336568100504,1,0
87293.49125141317,147.31632943872594,1,0
213173.10899306077,140.28136765821247,0,0
67229.02045715332,197.93148836260178,0,0
304240.17752236925,162.20033715940025,0,0
233814.42725838072,129.24413415831788,0,0
123998.99118999533,199.6883540255842,0,0
269951.3121075685,163.01694417700185,1,0
15697.703596991369,131.64199994216565,0,0
55368.9069290908,111.96394769836287,0,0
35078.19899250158,198.12351282967643,0,0
5845.818756937639,196.41680844794286,0,0
25178.942391493438,178.06928100583355,0,0
181728.56336390105,107.83674850774159,0,0
56157.51678007731,224.9299572929785,1,0
5222.946423718354,182.29289018803098,0,0
519082.9767826376,151.0910909219897,0,0
180974.58664760826,197.5441427175386,0,0
405810.07033506845,167.1389590804296,0,0
133525.60032975866,202.89427023907461,0,0
214403.1568007206,153.89188469220966,1,0
81802.19713789894,111.36927212503322,0,0
47763.53983160089,141.0076833574794,0,0
102374.65895594284,123.0209545773877,0,0
80822.68739846161,151.24153389270543,0,0
33222.507872761475,127.88527632976259,0,0
114916.62455224384,182.13717374272463,1,0
26954.97906812839,156.4144348962327,1,0
66862.2932423483,142.02259914372442,0,0
48044.77506570152,176.77143994781204,0,0
199068.36572581952,128.7715088371752,1,0
67259.22192868116,153.26355731070896,0,0
130101.80473740352,139.72662308565344,0,0
41058.213307554935,151.43438884517454,0,0
217173.61443399842,172.6902952761692,0,0
50144.22740021136,170.6221009432196,0,0
113953.03804004524,113.6131631095671,0,0
15844.49520382504,176.33217834881,0,0
66014.14582735425,112.31037163090156,0,0
17951.75812284611,157.12214749288293,0,0
186045.89586374935,169.59558514366645,0,0
137370.7365815797,122.59969880322366,0,0
265573.6342518715,158.04587975056927,0,0
9334.995980559386,146.68936037641657,0,0
313977.93438398786,139.3222362816842,0,0
29397.44228187455,124.33914723410287,0,0
294300.4475602758,154.7840563527903,0,0
185614.73644675518,141.91022321797422,0,0
59002.75365904854,178.7532169598408,0,0
149.30550931808634,120.96888868799105,0,0
101681.34178652297,150.3097519048502,0,0
154637.81908336285,99.71271686345449,0,0
706888.864196539,153.92597925491918,0,0
34071.01168917919,142.28095522016542,0,0
4946114.669755243,1373.529793466258,4,1
88035.14985512069,149.4330618628165,0,0
113915.28653813586,185.25780766476612,0,0
53846.46279523589,138.80462490320585,0,0
124264.25285700201,143.89207403400877,0,0
63608.40126392869,180.48832339870648,0,0
5332.974339125392,135.5993707380833,0,0
10630.978434811448,158.32505323622598,1,0
36032.11191405887,141.19456702756358,0,0
24054.827560056,145.35485974750554,0,0
60422.1233913197,119.06862542813431,0,0
94700.08193300873,132.43182336431767,0,0
47736.45408007734,145.96382167075333,0,0
8053.075743290061,166.2960392995089,1,0
264317.90130086767,117.1681928186938,0,0
102.4874453501794,156.4395437302609,0,0
27061.972145072,155.78653956246933,1,0
133598.46160848663,144.09613580356933,0,0
137553.60676097605,159.10425157856028,0,0
122050.83470584746,201.9789174616701,1,0
417769.2017943928,173.78462458751926,0,0
166870.2564198394,147.2020828700199,0,0
67750.57330697995,175.97099279955233,0,0
115119.40000851617,108.84396627234372,0,0
223801.43389659058,147.8832275625084,1,0
145878.9413106832,167.7761525636326,0,0
30648.07554760399,149.84845435566012,1,0
141993.04242297646,154.00648216604165,0,0
36931.02244685359,142.96765868326077,0,0
14829.150692921594,131.758552942647,0,0
253755.19368983453,128.7679759522477,0,0
24564.070345115695,122.18089804197365,0,0
71040.19546222026,100.39679833105978,0,0
334493.78558899066,166.25777993740857,1,0
237181.0806349086,180.28163741232532,1,0
111806.41528262719,186.9230505553675,1,0
369248.6972242693,187.80587276663996,0,0
113364.90869244683,151.95289231208662,0,0
24756.858154687277,115.74358526980285,0,0
18102.331398882747,138.7332955607998,0,0
46853.831795058904,154.4324303286827,0,0
10681.671150728229,172.32101385798242,0,0
68258.6520222277,168.14809029121005,0,0
284592.1174175998,161.55630823232622,0,0
115587.11404552698,144.03457428723488,1,0
4015.7448696723295,108.1039958862038,0,0
51527.35543943863,148.43715579556974,0,0
69379.23052348722,123.97486954290532,0,0
245107.23848359336,179.76821622449614,0,0
170023.78689748995,124.90530461340909,0,0
78732.64786057362,136.54126356222557,0,0
125576.77202119515,183.87232328804598,0,0
244473.4793036816,169.4387441381032,0,0
66179.50463595951,199.49870920726497,0,0
64038.204691484345,133.34206958638435,0,0
46264.25780761128,129.24344623199872,0,0
5566.909419474141,104.3201015632185,0,0
140592.81291751997,166.05269397496534,0,0
252123.23794981834,131.690431360123,0,0
190596.17334706825,161.39920999701474,1,0
12786022.319259843,2883.8069511693993,4,1
53888.20371768146,204.79425830127028,0,0
274255.57973822096,188.3203283080855,0,0
85534.09691223223,89.46550620306803,0,0
51596.97299637738,151.17761744398283,0,0
148298.04707139637,172.54048622311862,1,0
117389.01230773849,146.42933403512123,0,0
15533.218953050668,130.04535265257584,0,0
809686.7102914489,175.07842508263914,0,0
296011.33845647564,154.65404888954336,0,0
52775.18404752903,165.03950113505448,0,0
250432.91951811762,173.93524613080476,0,0
83417.14125554338,160.10122916332423,2,0
150821.96166131448,133.03239669720972,0,0
20559.093738128384,178.30718437097346,1,0
22256.39521749976,177.6398286322371,0,0
229864.01381928273,123.90197549377541,0,0
41850.04737405515,170.81664394700903,0,0
22033.881741519956,119.28051622737465,0,0
57007.53045395494,131.99592740800452,0,0
140314.44781781107,166.4756488005274,0,0
216198.32235641772,146.78622414037176,0,0
15324.442520849685,145.85095671317688,0,0
76462.69342637974,124.72407174885674,1,0
84953.1801549158,164.20880371356608,0,0
81691.57953353417,206.01530300435707,0,0
72986.96468725688,128.59747931406923,0,0
232847.85673677694,151.05097592493078,0,0
93971.91152081217,162.31788548653503,0,0
94561.80479744298,141.12696615751915,0,0
129499.32357010024,157.12099238388626,0,0
18857.820531350204,144.21454846987518,0,0
111996.46365155031,194.08510114796303,0,0
22758.47380906796,186.23231071009565,0,0
38652.23277294766,132.56675853756354,1,0
188487.10602219802,129.99148419910125,1,0
279981.44807134185,137.78057387716484,0,0
39.62565288528827,161.12187291692808,0,0
201164.04389786688,203.52425740825885,1,0
182788.0803941511,192.46146755938912,0,0
11747.264571207877,188.21947089275767,0,0
46280.35989371465,161.52396604643255,1,0
207510.7814224126,166.30419712789217,0,0
48413.06967435921,134.01959648033196,0,0
86050.43831268248,158.1648989979089,0,0
77546.12812515977,143.30401418579223,1,0
204174.9951286991,156.24313717633993,0,0
34732.10618363228,149.1024675599973,0,0
172851.74555331905,135.62354509531573,0,0
591824.7429001553,152.83803741194853,0,0
155686.8384171346,137.71473958276093,0,0
26414.915315933427,183.34096404649569,0,0
4917.112017782434,129.03879372756063,0,0
46199.94693217878,159.13579607061772,1,0
52559.3695233797,126.68601528883237,0,0
29172.654477339183,156.0648984288365,1,0
249270.71682533523,160.89207779811258,0,0
105259.5540608087,137.52479338925528,0,0
13410.411210734428,159.8630901290469,0,0
65060.69848688428,183.99429733320784,0,0
202114.6133387466,113.92778564855766,0,0
361834.31225682824,154.4559935976264,0,0
2619.165968966564,169.6042543431119,0,0
350689.5291134072,183.8552731311271,0,0
3626.8905749370006,162.5290517517113,0,0
321766.30748012656,128.95217397914863,0,0
84722.77563161342,117.3621890604257,1,0
98518.85645717087,178.1482582658514,0,0
23635.166266742162,172.23294768323382,0,0
178191.28202533166,174.93348064397694,0,0
472166.8390083807,150.7293606692024,1,0
246309.92389460088,158.11260805927031,0,0
82847.98612427998,131.2244152152369,1,0
426506.1653797484,157.1127995630411,0,0
12404.684406081542,127.84718371630873,0,0
154174.20791217295,146.41188326442608,0,0
158792.04302659302,178.5240733091352,0,0
55738.18138899647,178.31013851773173,1,0
67086.56050150756,148.9869404118267,0,0
5716.23029988628,144.21560106274902,0,0
56135.340822112,121.32336000702308,0,0
46225.80735726768,163.77650310539832,2,0
76947.2428109077,153.32916223406764,0,0
40126.87147590351,202.12574190651728,0,0
57953.8095933598,114.50436716356076,0,0
13070.663698194458,176.33275699104678,0,0
94550.62525911316,156.40811632422134,0,0
120941.33030961711,137.2140617804365,1,0
85955.85487631446,160.39158431346516,0,0
6232.378975818984,169.28806327190298,0,0
26873.817465359214,150.4226548897528,0,0
33275.8793262619,142.34046589594107,0,0
255607.45478694842,162.06662565103267,0,0
112739.40970664883,86.71424885554988,0,0
12702902.134243187,1876.3397753418526,6,1
347417.52618934144,131.8133573441582,0,0
178764.2807275227,172.78155707594559,0,0
133868.37366766063,154.0173216866226,0,0
50803.25706113035,149.83303567368318,0,0
98248.21243276997,175.93666673912608,2,0
23320.99444905915,222.26607475997844,0,0
2134.643248219174,115.33599853047505,0,0
13774.39193147145,168.38608215510396,0,0
16857.15628853464,121.27899700960342,0,0
313330.7611405057,153.8033429716029,0,0
151616.07728797928,130.46100351938537,0,0
215156.11216577305,125.2393409490146,1,0
315972.9784376101,127.89909064487799,0,0
310195.3367545175,146.25473203135522,1,0
20223.532129586816,198.4922860682096,0,0
7189.496123712267,129.29485735851756,1,0
179219.86375421053,118.39156745594107,1,0
70611.8708541449,117.89076479227064,1,0
86632.07203265594,153.1194644919353,0,0
361135.784600842,102.47313927955037,0,0
158834.4630309925,150.75671677771547,0,0
166505.38754783588,139.56912911904215,0,0
24393.220858074008,165.20231559917673,1,0
13541.94823131943,185.95071804683155,1,0
139277.67084555942,141.1880263603338,0,0
147246.19292279374,185.87663530005278,0,0
547491.0116875905,143.23658157096833,1,0
615165.6125095313,142.71669984687634,0,0
125887.0951669418,118.78545777250588,0,0
144630.88874616753,143.83615981060026,0,0
81143.98653027632,119.57593557891201,0,0
245876.11126816686,140.73008915501183,0,0
39464.71288070149,181.3919381435275,0,0
44463.8889151634,155.11112926307936,1,0
5731.705692999006,102.24364546797374,3,0
24200.926982517776,150.9273085484114,0,0
209456.29050154955,158.46486082789656,0,0
25660.271379971564,142.26678768064258,0,0
51416.48908502345,144.90291327550364,1,0
84569.40736738095,183.2612917890579,0,0
83173.70931744236,163.53448431588097,0,0
11495332.181451766,2146.9842500045206,10,1
79017.35945064765,160.27302484704427,0,0
2037.1932604404392,138.03269527652023,0,0
213665.04313519984,159.44098929466602,1,0
91893.68382322957,144.9389206454166,0,0
119639.6520555991,167.6724072729628,1,0
41218.02682189263,153.56012166570332,1,0
4665.318079329544,120.52509567607761,0,0
50388.33918958797,151.79160349377128,0,0
269439.8135565377,140.6920411607379,0,0
114997.03017724465,87.85512719284542,0,0
165767.95765062756,128.21223514167107,0,0
59631.09722265825,166.51222455864243,0,0
118982.62986990088,165.02284456038336,0,0
177528.3610766435,129.59539570309713,1,0
82430.5661380565,191.3658687100522,1,0
37185.913498633825,162.76830165339734,0,0
162294.4044911649,121.85122759661515,0,0
214936.22976257888,166.07482886833336,1,0
1972.836727329061,227.41738784430135,1,0
48895.75449344981,162.78888821305011,1,0
260862.27719260444,183.3620587685876,0,0
14017.02697554143,133.00083262669938,2,0
31257.680992383273,159.78212392802183,1,0
29425.281450182076,157.56533814865634,1,0
76546.99483660575,154.71676118774997,0,0
56249.38739600613,208.51806528814194,1,0
41762.62965004061,123.51446482294858,0,0
36033.99341182592,127.68837580710856,0,0
137402.65438776495,205.78740838006166,1,0
139967.40835688903,133.88444672303817,1,0
67610.57717189104,143.50631541504228,1,0
96038.80802017223,129.37470253984534,0,0
277318.8143156422,111.69445531899221,0,0
170835.93222747368,132.34441614829808,0,0
107339.04327270084,180.48577707386931,0,0
365860.48094523343,153.31270242105452,1,0
84870.2605047601,171.2380496748531,1,0
59441.65529944117,129.68538714361833,0,0
129352.90424711599,103.4446668387788,0,0
238173.6720627011,174.03400899547034,0,0
12666.065005587128,150.00179667647157,0,0
254227.0063887835,119.98390669197262,1,0
119057.23342643376,147.36017601778303,0,0
858.6672346065644,120.54134687982886,0,0
67596.15855262309,187.15398092546332,1,0
17871.64020218981,183.06010812029325,0,0
149045.480046751,144.45991524543376,0,0
150701.31381041204,115.23927485525476,0,0
5507.473251559767,128.41079100725267,0,0
686623.836638051,201.81496351906296,0,0
258371.71891925472,118.54259036872736,1,0
25173.2899324916,167.43468696779837,0,0
113611.19808935832,149.3957143410448,0,0
31703.767209845213,103.96085958788599,0,0
317830.4892388598,108.28426433748035,1,0
20262.844650247804,180.25809624853883,0,0
54576.14192827659,119.33598550245087,0,0
307476.4953014142,155.23385825469038,0,0
39232.44361510741,177.82501747846703,2,0
278330.0905737759,108.64911249348245,0,0
84158.70185296926,131.66344772077588,1,0
114051.9172745414,147.02868794948074,1,0
201987.7856037965,121.52044689340626,0,0
822274.1524206179,161.08439955255938,0,0
31988.221484764243,124.76992118906526,0,0
36332.918926805694,110.06364454177194,1,0
244074.58070600344,131.2931336305576,1,0
305032.73744923907,196.6807821795202,0,0
32046.99920212363,139.41556274410658,1,0
70883.26715920458,113.21970639302117,1,0
24833.357544285664,153.59077084970494,0,0
133685.88037383437,146.898069347424,1,0
202606.8467452907,191.36283202162582,0,0
53537.18996215379,153.59343594552143,0,0
51396.72941442293,124.91415473104428,1,0
120192.52753874715,149.83490223791588,0,0
58046.57290549333,150.7218120043617,0,0
20756.477711531366,133.6349244767753,1,0
180862.77177492136,137.14327571073397,0,0
71541.61373479714,172.62797957923473,0,0
85830.09953147477,125.98957698976928,0,0
89933.92783505253,130.68316523348858,0,0
180152.33158087666,142.87261210429153,0,0
74357.37787280504,197.94620004016664,0,0
46459.599350177086,109.57120713899891,0,0
792730.2236589523,153.89145744179353,0,0
55259.58900636346,167.92924936533223,0,0
2135.0610291995126,173.56909312880776,0,0
19498.185886485728,118.63997350681247,0,0
114667.9449406915,97.93820058243321,0,0
27068.709558763723,123.98831730276085,0,0
143424.58932022567,147.9204834973898,0,0
16246.298582298052,199.24141712377738,0,0
130342.22410339538,136.7917277722394,0,0
3050604.2020318722,3204.665444420393,11,1
72877.16224356733,153.82982851395195,1,0
247778.78533089985,159.15366314914206,0,0
65892.55147569517,140.0415344327812,0,0
12107.884171874162,165.7283824564446,0,0
41590.94481920013,204.2998302373573,2,0
102325.88918986268,163.5262746015416,0,0
116931.06342469937,156.02697441014533,1,0
91109.77136745272,121.16849568311854,2,0
33942.67241422001,172.8320154510071,0,0
27990.335496557516,162.3130861551589,0,0
129339.3107893521,153.3726779084532,1,0
33529.085513574275,122.07701220219602,0,0
66247.15047924267,113.41242241738985,0,0
205697.2579272888,154.09878702237026,0,0
94461.52832744554,149.60335203866217,0,0
10763.539800566552,136.52223348245877,0,0
19121.8885695368,151.32348670587004,0,0
119051.14438944605,195.51450670662416,0,0
42206.1933192906,156.53511256368026,0,0
85000.636661252,140.506721874154,0,0
76966.31334802425,171.1320076151712,1,0
47098.41337490638,173.30938104117968,0,0
124511.2753172904,172.65702800440053,1,0
13734.82454932235,151.19721956688036,0,0
297823.95522764843,162.76697207915097,0,0
114232.74161741845,154.30396674016103,0,0
231452.98697665049,180.55863141169937,1,0
578744.9885994588,154.26997259834505,0,0
241779.5944114236,153.9081285988861,0,0
47650.88478253817,160.41308861787928,0,0
382673.2104842402,166.92094135277517,0,0
114100.94976232135,133.2122348674731,2,0
20584.91459150103,131.99077862758367,0,0
448041.0155483023,162.28894798506468,0,0
11860.218099908276,151.576941885731,0,0
133976.69049836657,117.08575517781962,2,0
79274.41168703578,171.39993225766364,0,0
55603.23367013423,157.3613649325493,0,0
175118.53867477126,149.89369758200144,0,0
39408.758885957635,139.93329471908172,0,0
11498.267255388519,128.41004018170455,0,0
179074.7502036676,192.1111584852709,0,0
13255634.195829293,2482.2927678039578,8,1
13779.458210235147,142.97826885505853,1,0
15908.647934744427,184.1912825983993,0,0
25737.554210923616,150.32409853679397,0,0
29671.883059457297,149.81906716376162,0,0
24351.147493355795,205.46858393827122,1,0
130955.16678646066,108.72366512345212,0,0
48745.520762196364,137.5419256764397,0,0
281311.0296684321,89.27219157083385,1,0
57292.02105953155,160.8594230507092,0,0
47763.462503702525,118.93449637637713,0,0
82277.48815568074,191.57284137468608,0,0
79496.80914172536,174.66904043707058,2,0
18539.972523270262,162.1721487575143,1,0
321899.0446247927,117.5314578347377,1,0
270115.14402508695,152.94610815353252,0,0
163456.91914741445,134.54919815234857,0,0
154880.2064412647,106.12822871144371,0,0
84715.37288895507,163.1278235721454,0,0
119167.34908191577,132.57421326587846,0,0
63499.53907240118,172.41769445921759,1,0
296205.56662712817,153.2537765496396,1,0
180379.8521299334,154.36289153864487,0,0
145500.3218837312,124.29903352267841,0,0
4986.145647041525,128.02117002266135,0,0
29637.15964626886,107.58854613883824,1,0
123095.00047377295,185.54732721760857,1,0
195292.4321215615,113.85974498058593,0,0
195700.09594679822,159.85279825927145,1,0
78110.98751305557,100.19536084126966,0,0
2094.182221864094,166.78149165193386,0,0
174499.98399134327,123.43249311180253,0,0
64904.84383648006,167.6084650286899,0,0
17646.811457747262,120.72397400845459,1,0
16705.228113902373,146.93071435782974,0,0
80006.34885893554,140.84700776561633,0,0
250206.2682922014,142.29358425616533,1,0
169077.6735786891,151.1125520579809,0,0
158963.10321848642,176.3949559616643,0,0
42300.94364562695,135.3346066110062,0,0
135627.47086833423,115.04107313849444,0,0
295190.48949950497,141.09246705669844,1,0
62655.18616438279,135.82559022489303,1,0
182146.63008066593,97.99293456893871,0,0
18576.713048840124,168.69988496567998,0,0
230648.00103460677,146.19056256822057,0,0
70521.56622834993,150.41768461844939,0,0
424225.34727327613,132.06840235389132,0,0
51723.77492356923,145.2852037223421,0,0
95033.94803895165,75.1183277300096,0,0
87738.34969164526,135.9860663726408,1,0
70832.27411466558,158.363940863447,0,0
4327.372934982809,112.36071647450791,0,0
172888.3288809223,174.4758956366879,2,0
21315.78019869777,177.19316878347132,0,0
4490.358299919713,148.77064674932274,0,0
424822.64940973674,108.38335037436218,1,0
297588.5783059777,120.12323591212359,2,0
294672.1637675802,156.78028688199933,0,0
273668.3877749292,161.36681852356452,0,0
134453.40968990306,149.9062866549537,0,0
94797.16181546514,174.1393389698296,1,0
18684.751641343355,133.6525726442009,0,0
108556.29538733153,210.57765326533885,0,0
211685.58062431912,150.34132280187643,0,0
18171.84682127382,161.37612735605555,0,0
107054.78664887369,128.11691081022386,0,0
20714.235067354108,146.25797630211707,0,0
8765.2689572748,157.9944510281705,0,0
89044.09490427443,109.50775336208434,1,0
161342.85706361374,137.3594853520203,0,0
126034.73633424197,164.7342401817393,0,0
178897.1458826858,184.5595686422485,0,0
137.59292780770593,176.9712391627241,1,0
57473.920289481925,152.0507482347029,0,0
151110.8074112091,145.47226093988726,0,0
43851.97538331062,130.41279679135314,0,0
295876.20711436233,149.81088350813377,0,0
54660.478086404204,109.85916492343031,2,0
148188.3460831397,164.17450658167752,0,0
228901.75230626724,127.38521965717315,0,0
149809.1904213664,174.21861552918128,0,0
290523.1405088088,173.75604129292742,0,0
86435.09390236916,122.88108914602965,0,0
16696.66641098354,182.81372985850567,0,0
330704.63922960835,137.89950942009304,0,0
100818.22732374961,106.82991993233111,1,0
101994.49330322827,160.48354681154063,0,0
28028.38449917176,151.5795917201939,0,0
53549.487076260615,194.27393883369362,0,0
52520.47357640125,123.39885181886069,1,0
12028.016161310536,172.80059177470764,0,0
20517.77840634099,182.79005074309805,0,0
83192.62098122579,147.6511908591929,0,0
50925.85898828059,168.65695974838485,0,0
47283.69933368612,177.19017462997385,1,0
124116.08848309555,126.72105374608498,1,0
107778.16960423082,168.01526371697332,0,0
93054.02642021194,134.61519185612806,0,0
3520.5605500434476,110.23924353701756,0,0
20747.7174254931,179.0305568288541,0,0
30418.12543402115,151.2170971225386,1,0
16931.52245651833,156.29134672466384,0,0
97119.17175639227,148.3617721127762,1,0
74107.38735510412,147.71525819874347,0,0
7250.116492580969,132.3286649621414,0,0
191107.4780061478,170.57105183040895,1,0
144038.5662230378,212.0941498146877,1,0
151276.682411599,139.1642090589964,1,0
18338.317133970115,173.22973903869277,0,0
11701.852447241574,197.2453475973461,0,0
60327.991604886425,147.28533807930143,0,0
67043.98121271783,135.68812440471024,0,0
133260.01184137477,175.60879474649914,1,0
20048.8749421842,132.57302717998257,0,0
659211.1823500446,182.9651957044511,1,0
41575.19343493057,123.46317567690932,0,0
136218.34226358836,172.33855514722774,1,0
95053.07071613586,81.0536592613158,0,0
222991.25334689964,201.77928256332777,1,0
144667.87654149436,175.16561578991286,0,0
286693.0614140896,211.34846682313474,0,0
14624.319553638506,159.74619123443549,0,0
42137.197845199866,109.995267830946,1,0
71324.67668900928,135.53372364698862,0,0
295149.045173481,169.9233981414649,0,0
67826.96163019341,165.04840592758106,1,0
158602.29866169248,117.0207010541969,0,0
21277.09489229268,129.68825419269166,0,0
95499.30489073483,123.74039731625484,1,0
52153.547875855984,118.54506774932685,0,0
100090.08107223826,128.6116832523596,0,0
181204.30106119264,140.3236743441568,0,0
45048.62890533023,102.8034440694413,0,0
66791.13936982394,139.5497717841645,0,0
113072.57581930235,194.73596777693433,2,0
158119.8187824455,140.14604758684817,1,0
130768.4646868341,171.32651140129028,0,0
244958.57720679443,147.95658309921265,0,0
100019.42366503927,181.38065616586454,0,0
195899.43293130546,174.86025703044075,3,0
48776.00253138485,160.441877516299,1,0
93879.19350756878,181.544029009875,0,0
274251.5508124104,123.0708293460368,0,0
85058.87931887235,115.39054639465775,0,0
12231.759535581119,182.31022326171822,0,0
62701.67906786541,148.54962264015174,0,0
235112.10600940607,158.74076354174068,0,0
368343.04357271356,150.5493323990804,0,0
66168.11246434141,138.8318283569293,0,0
86112.07827828084,148.88283996399525,0,0
249129.99815152946,133.60621848402153,0,0
81045.94134451433,182.81810173181654,0,0
58887.684060911444,158.29184904088194,1,0
38695.2456962908,157.75439567957096,1,0
664600.9672174284,144.35041991619377,1,0
513091.14008316095,155.27180896276286,0,0
162151.024507396,174.27720845955506,0,0
245129.27526278494,134.66560928817034,2,0
59779.92357404685,166.080885463814,1,0
199022.30865489584,159.1761698232492,1,0
14065.220423164796,150.98741903005472,0,0
32534.664844870473,146.84646125306705,0,0
43420.598221333115,140.1651890511066,1,0
37673.021971111215,195.500870319186,0,0
163738.49158309062,178.54577319340584,1,0
157895.82252510593,134.07435975317847,0,0
46343.39185038219,153.60290906949206,0,0
291218.7256135807,143.58165491299866,0,0
44967.10135435985,142.96349800279262,0,0
80897.94081983864,152.4456622963067,0,0
34877.317589904924,151.6482777144725,0,0
166777.3974692369,198.66746155913904,0,0
1689.5332411514098,125.00132433016545,1,0
27483.049062031616,172.32639816777592,0,0
277675.43491838867,130.7919126575843,0,0
406746.3597996409,132.93649884616136,0,0
101134.67965828581,171.75445436866926,0,0
42375.49227843315,179.48845669019346,1,0
50771.262469505564,162.59091590444652,0,0
14053196.58047501,3367.0679196517644,6,1
209044.1019959893,159.53172867419948,0,0
77356.48786199621,152.11994322565357,1,0
305939.2472678494,182.64441445718802,1,0
113278.78715997211,135.19389055939968,0,0
150166.08747264868,184.91164251139332,0,0
25617.647520919818,115.68021875633977,0,0
57122.88396816706,152.66361691085936,0,0
35969.922541117405,167.4608195515744,2,0
128822.63106858538,145.3100749977097,0,0
113814.67661687601,164.4728255943225,0,0
58681.86596076343,123.94562982253889,0,0
19061.464630620965,189.7708833481743,1,0
94760.7542724867,130.32930923162405,1,0
72633.09256919735,134.11846538603479,0,0
72798.86267266863,129.66600158877773,1,0
457776.37777813786,154.48495097951115,0,0
10988784.52295718,2138.6395429074064,11,1
55077.14207800238,149.1457029616418,1,0
367620.6829534038,193.0677427680182,0,0
41696.597370846655,151.65686843360587,0,0
11091.011293534304,162.73753457061014,0,0
91628.95113896872,124.22937183201378,1,0
536106.663870081,143.64613672814033,1,0
103693.73153857156,134.85092540131225,1,0
95006.32203110112,181.5374747700596,0,0
21294.469572198443,176.0276954131141,0,0
49498.047367920415,150.16369916591586,1,0
5419.273265140105,158.70552760360422,0,0
213855.92130233117,137.26637259173228,0,0
87706.40484482516,167.6473549026138,0,0
53893.81322765722,121.29481770070726,0,0
174093.94744016803,176.93399524655683,0,0
426.6365371715929,135.70653544437027,0,0
19318.78623771377,130.69412446646146,0,0
69388.89192326684,170.79332845870442,1,0
49519.75439996166,145.69921594710826,1,0
114008.5074790197,144.4786429967612,0,0
60970.589250578545,138.36693704147308,0,0
43212.87415017925,149.0457603258393,0,0
99187.4249194459,135.51736728552393,1,0
485396.8231742305,104.79144864939414,0,0
136622.89967636476,132.06253494788945,0,0
20990.493815213482,191.90053646899824,1,0
74668.21760561802,116.5417343294884,0,0
185107.99079263385,146.26716445320812,1,0
407177.83395376266,153.88812593959142,0,0
13696.44852243099,121.67483585546508,0,0
222457.47684221817,205.9991298057862,0,0
5263.226714272102,116.29914371137426,0,0
116311.39469172926,158.80028977727162,0,0
137881.31094335602,164.75905520287364,0,0
76048.34913405463,145.19242039295932,0,0
32897.64844562647,166.61907724310907,0,0
23407.08299165033,156.7615877182639,0,0
73772.98769756248,144.79443225968117,0,0
49266.35100556313,107.98050937723372,0,0
62948.981881893866,129.39443901581367,0,0
81377.37634152961,140.2697213700809,0,0
310264.94219244976,163.5395732999853,1,0
159616.08997834526,127.51380059350814,1,0
240269.7161461852,177.16326394747054,0,0
250087.57657984173,189.42124563973042,1,0
226594.03736526155,96.9155365400443,0,0
188437.14592931943,108.4982962648576,0,0
186221.82555790732,194.93862111714967,0,0
338588.7463571248,140.63998880002734,0,0
153716.8282229896,135.78651737777497,0,0
63311.80557223668,137.20328997266205,1,0
7901.310604616221,86.79988527448774,0,0
24387.977936878175,190.59653530805355,0,0
30452.772950521154,110.69310550688553,0,0
82696.25923879482,169.39413463206813,0,0
19456.751549099474,145.75052034472674,0,0
32298.662784650056,140.2716226005859,0,0
7092.124479718486,133.33451806263193,1,0
131426.40592001245,158.57457418415797,0,0
118307.66635794009,127.55172766549857,0,0
377884.3454330489,128.0716515388144,0,0
39545.878649913524,134.59749616901792,0,0
15998.764331322956,135.52034647132675,0,0
58910.02999253223,109.76782283281415,0,0
108331.6844888042,119.90285914067537,1,0
4840629.521321241,2234.647037450689,7,1
23408.31904769591,174.66285009510503,0,0
134378.7493918802,172.46569666826213,2,0
177083.3841432514,150.41102321548453,0,0
141875.4565994022,208.50750539642448,0,0
6861905.143141927,1058.7825440490458,11,1
11996576.52415765,1591.9733863790264,11,1
229770.9038996504,154.86935014070167,0,0
58958.25522672826,153.80039444594448,0,0
86648.3999938959,164.22573843149397,0,0
176444.37471975872,158.6695638648549,1,0
192869.0287958369,144.69414245961133,0,0
85846.34748807809,170.66629493581078,0,0
77326.67219791304,156.40902459346165,2,0
260165.55454991417,141.86364177737485,0,0
95613.13019517143,112.79354467942419,0,0
557491.5159723237,155.49675355934863,0,0
2651.2385337328164,130.96361108090372,0,0
22520.331746645104,153.27780490446085,1,0
9868.519207162351,143.15983608664578,1,0
703793.1193906592,147.79612827824022,0,0
6620862.568729586,2951.6110047061993,7,1
124457.13859358172,153.5469510657124,0,0
176764.93678271052,150.7842104024927,2,0
284414.58151399763,157.34466720686805,0,0
14858.61900005424,115.91489381656214,1,0
264880.92587507825,149.10903597670827,0,0
253467.47984213434,129.53687985874836,0,0
81770.0495404793,167.4643870215505,0,0
130014.95041006964,81.13695929004068,0,0
13270.172371979523,148.07515839654155,0,0
202840.30260837343,151.36640302281748,0,0
235530.18239394674,106.46075874372187,0,0
30794.466380687176,148.88637839388028,0,0
23869.701453290778,141.779229335319,0,0
102207.55962911804,158.16407539657638,0,0
159924.78823500496,137.71938963457217,0,0
91988.77640608905,133.89492504200155,0,0
248836.15765277582,187.19221116008782,0,0
22452.63445331342,140.02430171125198,0,0
12492.843532490828,158.55298550274142,0,0
111723.75151280238,131.69728063279072,1,0
21844.810608581633,162.871529498379,0,0
64210.749107363146,140.65697823773917,0,0
108873.72278684746,167.89661573927867,0,0
60406.827444819966,153.84635572183748,0,0
195736.6807128814,155.96460469826513,1,0
76790.24946702694,125.22848114958212,0,0
246086.01665797198,145.28957882728184,2,0
124508.38185113193,145.42691753968523,1,0
9955945.992438052,999.5087920765416,10,1
189390.49506529188,148.09877730757393,0,0
143917.3570107778,126.54550371946894,0,0
16409.186701522296,144.33098008374637,0,0
119022.98782045631,159.24948034701868,0,0
57738.90393439484,116.39148819637771,0,0
192511.6736152216,158.56327474323982,0,0
305156.272991577,180.7028823445232,0,0
221820.190760993,125.91252348709871,0,0
57801.72104086447,148.96355094175536,1,0
315349.8016928555,117.03996543816334,0,0
216646.0211745542,123.12526082173986,0,0
133155.95899589304,107.83574392296411,1,0
197125.3815380374,139.71358725583795,0,0
66876.12748635818,186.95459839097504,0,0
67663.57725766092,143.80971158896372,0,0
56333.8475851307,169.14107766206737,0,0
2800.020991604652,168.33039594053983,0,0
140265.14764723714,141.798588733081,0,0
33095.121047028115,159.74662895164292,0,0
99531.63429288499,169.4230463690048,0,0
18179.582639525514,150.80288638580802,0,0
84644.32380265131,106.4570845033474,1,0
26358.840949834375,117.48162324031661,1,0
39863.91510283596,172.52859076323062,0,0
264032.5485554304,116.83912931730009,1,0
125835.06475201587,174.99977512649028,0,0
39736.53228794256,135.20890899341197,0,0
467778.2195105006,111.58850741134695,1,0
166429.66177704552,173.32097230905592,0,0
152201.71245150483,152.6796616195604,0,0
164429.0829904598,121.70689528500851,0,0
23076.847552853687,151.97684644906533,0,0
5438.578654302108,168.7388759361282,0,0
142204.360386718,152.95123666724436,0,0
31726.468282339767,141.8098118476972,0,0
74894.30330619271,175.7439541077258,0,0
94234.73094896381,190.00993247223235,0,0
355347.031500827,176.89835306752,0,0
34465.87659122325,198.4346060294846,1,0
84667.69488310037,143.36192846416628,1,0
360295.70588185673,164.58583922889912,0,0
3820.6781254947714,137.92998278287627,0,0
436161.72457297426,150.52010059431362,0,0
14232.378276833111,162.28966268976183,0,0
344820.1208836636,160.57699900810883,0,0
222321.57056271497,176.74229204349018,0,0
35375.08307545642,147.80479120912867,0,0
79930.53073865944,157.00728229914768,1,0
17896.235293476864,131.24904555892198,0,0
43177.18694683812,137.3117164118558,1,0
52475.69285095867,176.17941637507494,1,0
151770.9246584365,132.47341172552032,1,0
142209.1438457815,148.59785684303316,0,0
41505.92005696378,130.44533139994752,0,0
86170.34539020034,125.10007232596524,1,0
50312.25314832114,148.37976866097173,0,0
12965.44374718621,118.1032250024519,0,0
9168.85270590324,138.5131142011839,1,0
261573.9525956577,167.20270061010672,0,0
75774.90223498523,136.66136656539865,1,0
138776.92090048993,154.82555331794856,0,0
459231.79364930984,173.9137365446817,0,0
208796.8871451318,126.13989873562143,0,0
75673.03997320408,146.81230052727116,0,0
318517.60836219625,193.05668477467563,0,0
495018.5850115613,161.41926944251148,0,0
103303.35766205522,147.55512507289492,0,0
68159.92625190264,127.47241782539108,0,0
761899.5573847082,149.51308836746637,0,0
27336.8985589382,129.95527230122374,0,0
115454.4847118981,154.1912538846664,1,0
200793.23523044135,153.26859647545623,1,0
214396.871189842,132.15117719601116,0,0
201294.66607442324,149.2958272887612,0,0
2696.5484616693993,156.62767736280608,0,0
313977.99952871236,143.7398001607998,0,0
47087.67498618253,170.41508925894283,0,0
35598.431008352876,191.90473768755038,0,0
166395.6860971196,178.14199830308655,0,0
9581.264080113751,110.98916330487422,0,0
284075.04989209597,156.09567316541913,0,0
222550.4889908648,132.84846183640803,0,0
76478.9201174354,147.5708223406874,0,0
81372.74922093177,174.0653393677908,0,0
171277.5679788635,137.627983545517,0,0
86562.07315046518,171.5412215580788,1,0
119340.71432334489,155.5594437232639,1,0
166879.44086210532,164.40481875821055,0,0
181565.06515865514,128.75512492442638,0,0
27193.32815019174,119.89782624572008,1,0
182917.34750340812,129.89967505114384,0,0
225043.585397266,150.2802038298975,0,0
50450.59971577594,153.893797695782,0,0
397870.0854340738,98.91154115259411,0,0
133956.23279056212,156.0057656442612,0,0
147095.7037481015,149.8603216507954,0,0
21842.991157326,113.12623300724155,0,0
50324.42176363433,146.8000756196651,1,0
34012.8091191722,114.85807980739995,0,0
100820.37156655222,154.38534104566028,1,0
116521.97529405827,141.9161582640321,0,0
58085.55926575383,90.45021817158354,1,0
101801.00921710079,106.97382185925844,0,0
18628.076186944814,158.38553301200923,0,0
49417.008478525175,154.12748878733063,1,0
24659.874843865,124.84229986017283,1,0
130774.92814225098,131.70916837031896,0,0
604010.5425559804,161.0270665465101,0,0
66517.78603192596,178.07700998351598,0,0
13341.083483063754,162.99572506677566,0,0
7043.518756677376,145.44213248207518,0,0
118542.36777460364,150.5067973030572,0,0
7465883.148024866,3096.0263142296185,9,1
412124.5563369876,187.8849187315898,1,0
144132.76186482978,132.4041685482634,0,0
144005.89394584383,154.82627007395288,0,0
10842232.994260315,1322.4965895967332,8,1
147873.5612283899,201.52066409756648,1,0
88883.51490009048,167.7257443829576,0,0
58312.44381824865,135.12077502312053,1,0
227721.63408340502,105.01608296958815,0,0
153134.93966028333,144.15521581000706,1,0
272720.1975827543,103.58921125159493,0,0
20803.541701201168,168.9438695052046,0,0
11298.546911161608,204.90830586306308,0,0
3722.1724798593264,151.78078493647536,0,0
292474.6619501683,152.36846189582266,0,0
324031.30099666456,174.60741112992613,0,0
78296.46680172054,143.09669783797088,0,0
13048.89748814312,130.86296948894787,0,0
40742.565800948956,122.80166353427313,1,0
200845.90040477828,134.70217368395447,0,0
14769.303274824557,153.64396598319144,0,0
51731.2342419779,194.96037447912047,1,0
118474.84535016754,154.6775384305568,0,0
181808.0565940799,134.921997794347,0,0
92024.72228812428,154.2811011921249,0,0
63182.36892827385,167.4520866229417,0,0
123512.80845690514,145.61550789197548,0,0
84164.53609270866,159.8344586117428,0,0
333264.17181437305,142.40341426297175,0,0
104927.48603514825,152.04111772545633,1,0
134375.7749219701,116.15543098021297,0,0
10720.878980090367,147.97596438158067,0,0
275552.44345799834,106.6558227497938,0,0
10854.584673169556,174.97155400820537,1,0
17604.57289944269,157.47958652034495,0,0
342628.482836505,218.71956039775162,0,0
13310.49680579732,124.65515647575693,0,0
106648.33256746459,138.6658836432289,1,0
5640.93748779434,112.05127212633242,0,0
524085.4058388757,199.02760728228668,0,0
46156.0882935213,159.80320313719207,0,0
43706.85549943173,123.27239272085092,0,0
112529.63956947402,165.4914172940787,0,0
60803.250911517986,151.04795100596564,0,0
16756.161728083403,172.55814402825965,1,0
201230.46415417801,133.21548890887618,0,0
53783.93445725578,141.1954887970103,1,0
46559.342636385336,183.83587657269376,0,0
3100913.9066757513,1431.3767901095498,4,1
119.93899107518166,159.81369538093514,0,0
101345.67259254646,94.24674367713466,0,0
20461.782696850158,141.2031550928371,0,0
341981.1728857093,165.0263233768526,0,0
42168.726750155205,128.03998806651748,1,0
13465.35851413013,152.4721803963796,1,0
29812.317754183125,138.30976166456932,0,0
197726.3241138073,141.8644682156792,0,0
167832.02496964735,190.79722120925553,1,0
35016.3707784049,119.18864022924436,1,0
112219.64369072554,142.42284807219966,0,0
25644.247218523655,176.71762450336544,0,0
489061.0697311579,130.64935874093484,1,0
25032.030683781813,156.8198346571495,0,0
325551.0295165114,169.96262261539172,1,0
122514.08316986737,129.2964965596776,0,0
118034.20723510928,131.35303733909527,0,0
166173.6156480815,154.31049630228497,0,0
19324.73374186953,132.6088637469951,0,0
69307.92567971117,141.72089335360448,0,0
9809.313724145204,140.40140944841352,0,0
28942.890543064797,133.73645009896074,0,0
25523.045540920986,173.78193472191327,0,0
66420.4569629232,166.39901380353433,0,0
89456.51568653605,168.09992581004758,0,0
113410.06578581258,138.93207326169562,1,0
21006.2744329346,167.56257547658396,0,0
143338.69027134214,161.13491930285716,0,0
53255.24540063018,92.87288763326625,0,0
74282.58721636042,86.79387249215713,1,0
31375.08980446349,161.9555985040656,1,0
153752.65691229122,167.20712771220582,0,0
60152.12084734056,134.79616120948975,0,0
140998.4939875493,165.94829900138222,1,0
211751.67811238288,136.77438373403055,0,0
199546.9294051791,133.85377529264954,0,0
191211.72144100914,131.96398125424486,0,0
95910.68984923483,139.2396322828179,0,0
125151.28205758258,121.55999487589412,1,0
250632.19741100966,158.1954678953996,0,0
65715.69335328686,86.98903823452338,0,0
180551.24055266564,114.41658012796533,0,0
143035.76288920693,169.68184237040555,0,0
92234.9423028292,163.07900083505405,0,0
85701.13493542628,171.46147106597576,0,0
108790.11733633978,184.5764349645401,0,0
16446.70708391199,147.9521926068598,0,0
6201.056593384535,201.5085385959208,0,0
71617.61758049333,199.46628218871257,0,0
96196.03586583467,156.05610581224124,0,0
45922.86043702119,135.77928531108523,0,0
5441.396282148017,149.30130571804267,0,0
135525.65211614064,188.72294883545507,0,0
4055115.073187853,1779.5222620648915,4,1
85698.91282713843,156.73558630137254,0,0
24997.797773315688,125.086789584536,1,0
62560.64326429973,156.44654043237398,0,0
90796.69930106928,168.60572798903993,0,0
35295.15481007818,147.37949085148844,1,0
14773.34349102721,165.5813855864618,0,0
122169.11151370809,160.70146869127913,0,0
19050.47737308265,151.57362741354984,0,0
104467.12377301554,156.3889924746701,0,0
7825.310179024731,122.26731168755013,1,0
424789.1845988622,130.74702231920617,2,0
164016.74159655598,131.1820189524233,1,0
6543.965311581885,192.5817731504336,1,0
73856.0725831311,130.84798859632676,0,0
5869.278070838783,128.00984227090026,0,0
78758.47096509286,153.410672951682,0,0
90389.22377601765,127.3665958121287,0,0
37072.5514134211,145.07230030156512,1,0
95213.31991917141,173.8541128547731,1,0
77759.16006514693,177.5199951355679,0,0
68015.60370258774,186.3408537718737,0,0
77604.95927965509,140.17890273081983,0,0
418660.0268539013,185.663403860166,0,0
84608.45886374527,138.18747767287738,0,0
26756.27257832685,160.6229900598421,0,0
112935.0873805234,181.00958586513553,0,0
1230.7928290786688,165.2776523861506,1,0
46221.18326312819,148.11619396851108,0,0
57489.42197695348,149.941414921262,0,0
241592.4250874089,66.60246126327259,0,0
243566.0033168313,133.2005961661626,1,0
115490.36533377826,186.84343945190423,0,0
157799.97251483533,192.20779528632204,0,0
7006.435400541675,135.3638744770008,1,0
561637.8260252947,150.912655559638,0,0
180005.99982662423,186.1408761664522,1,0
59337.83217997724,127.28839156193058,0,0
410761.5908029493,160.05977922570514,0,0
240630.84404592417,157.0919612424713,0,0
62374.19944613396,151.35839148663482,1,0
83422.84926776063,154.74119887187246,1,0
2671.4504724389226,137.62720316750378,0,0
124933.88452912387,139.22250026185768,0,0
410279.2167195527,139.57750909701528,0,0
78865.39518823267,116.35930204179633,1,0
74822.56647496074,139.55441202976547,1,0
24532.95338805383,184.76814822853578,0,0
625800.0372084669,131.64987514277124,0,0
79043.79654816286,128.71020418745994,0,0
180924.2733563813,184.99758602923896,0,0
113624.55432542248,127.4797064747159,0,0
364696.60781497695,122.49958394813343,0,0
89492.60486031785,113.02276779756195,0,0
37606.52575725937,162.58321934613917,0,0
93059.06970886947,163.1216247931282,0,0
69505.71256222637,125.02032742595856,2,0
557321.4456950558,128.32686901638914,0,0
190657.83865643298,144.09914524609897,1,0
167987.59620027195,150.28984648313428,0,0
153184.5401106377,141.87258821322686,1,0
56975.52967844457,116.58194789633444,0,0
8342.304646380695,171.5514397636636,0,0
5448037.486790942,3396.8024593400332,11,1
71731.62071337733,137.40173300096652,1,0
91722.23843822746,136.38441526654256,0,0
109043.77433978872,146.7396293295722,0,0
75326.06999551518,158.21917128602644,0,0
295891.185833516,176.17002258728365,0,0
50118.901591573245,185.55646271440816,1,0
198669.47226941062,193.74416264702074,0,0
150704.35479450796,136.27865350919367,1,0
145180.70627986125,117.86086015722223,0,0
171101.5583971927,166.00140202582293,0,0
473049.15670323814,167.58733806777929,1,0
164964.79163025093,172.8882447931186,0,0
175872.44668912454,209.92559795502967,0,0
118884.32698106724,145.58312268229395,0,0
100881.38881298764,100.9508287330421,0,0
104428.49284981759,150.86923120236142,0,0
84881.133733049,143.48923533762218,0,0
14054667.257208118,2982.809384429621,6,1
71897.1938171527,151.02702160236885,1,0
99592.77467904022,121.68481773696865,0,0
232110.13016092076,161.00620075525995,0,0
32877.507684937256,164.78353302931765,1,0
228800.97396401584,157.3008930432727,0,0
30.29836350735267,126.0387654686298,0,0
154426.47238926328,158.2133688478487,0,0
240632.0028282477,144.05465294628948,0,0
49110.449969658504,130.0369901953993,1,0
114909.50322298442,120.99157859749621,0,0
19181.98957687655,129.59942320134493,0,0
140001.05763921904,145.28782850602926,1,0
107718.25604023793,199.58181639801901,0,0
30335.1700649235,149.72484195928982,0,0
92565.37984170663,113.92211777055472,1,0
114348.85231686993,125.88356027762359,1,0
9126.177543856671,149.9130697574516,1,0
40592.8931676628,134.77159777856093,2,0
22596.17057973309,169.56165054686684,0,0
63378.103844359845,172.69651594261228,0,0
228401.38024209,181.09854812415313,1,0
250068.56659958974,154.99955499659217,0,0
445043.32960718736,190.64944900015996,0,0
283719.82178011903,170.58865299604935,2,0
38818.55778345911,200.45241832088718,0,0
127558.09434714973,181.38307973827347,0,0
35540.83943519398,122.84725784185937,1,0
1537.0760844923523,111.47417327248843,0,0
114802.13675559535,182.64113904600117,0,0
55397.1230702993,124.03751655964433,1,0
157581.22065658413,147.21202758735518,0,0
256722.87667633683,163.01941111835018,0,0
139255.92166133499,148.482864169952,0,0
156484.00303634646,129.9147635051891,0,0
75686.00392970633,108.41533221601168,1,0
8617.246796036694,139.06910144604063,1,0
75535.7789552237,149.19952988782322,0,0
43152.74238417764,145.72072011896162,0,0
76982.43102483667,103.56071387082707,0,0
71666.64382934687,180.1856437289162,1,0
12000.174809366865,124.56886576782897,0,0
104417.2073128561,167.33794160563517,0,0
19308.18817160835,135.1143903689246,1,0
223569.26235682864,191.75234751457722,1,0
10687.825900681568,128.64225873964094,0,0
627.1381254407424,144.5596144320583,1,0
88589.50088183697,172.18272406149367,0,0
75682.95882134848,152.12220603816667,0,0
421730.90036908194,119.89227668651225,0,0
54854.40470937406,162.13984800110006,1,0
15761.815985520801,129.5726135339942,0,0
61477.87164032819,138.4471009050036,0,0
140340.67909047205,138.42923691424073,1,0
172239.41740541675,150.09434641388015,1,0
190778.09200920467,147.01363996859163,0,0
118449.72591552118,173.47572893747864,0,0
211979.18915258508,128.22752948830163,1,0
159570.29056418382,133.72059265270562,0,0
40439.43154350612,177.3643322805142,0,0
125701.01681335294,150.4051649871013,1,0
172469.9133105367,170.44215782636385,0,0
168022.7149275197,85.74631128549119,0,0
64460.653097293034,198.19872950605208,0,0
272164.9659708281,140.76890270960607,0,0
178445.62111694878,125.84683692177275,0,0
8684.782446725269,172.49573740332394,0,0
82782.7660556342,139.6820180201309,1,0
41934.32483650233,142.55660877796922,0,0
46781.32985641874,120.47022648510708,0,0
74596.85928392086,164.91984443327036,0,0
240627.7148844252,141.5453320754383,0,0
323212.317536465,86.85096795576553,0,0
191906.8927032188,174.57946202497553,0,0
4051.178242158059,130.39721164859404,0,0
39349.01022379043,158.64859169950165,0,0
177901.50367260407,145.11763550509502,0,0
6278.045829691901,170.98119613476487,0,0
311080.02529724996,177.9891529245273,1,0
214415.7836294311,175.65035314268243,1,0
65209.49064010526,145.310029468079,0,0
14308.727498629136,119.48964472972288,0,0
22741.937378688497,157.8309562250178,0,0
430018.5952485437,134.52541372784694,0,0
69405.23681567374,142.52540006570396,1,0
63032.52919315607,176.1719758080822,0,0
268576.4110154952,206.96293289889996,1,0
73787.87595824205,137.52553142360287,0,0
160694.4602865665,130.99344000741303,0,0
10364.69933435423,193.65193795735487,0,0
277252.29977254383,184.47278107504206,0,0
6427.997497577715,103.96263226658854,0,0
248576.25753815885,171.2734231943945,0,0
628582.550334753,133.4917184299971,0,0
102359.262928349,146.03397434892247,0,0
115115.80633019321,116.05441982336394,2,0
26831.28393240709,143.42957893684712,0,0
2738.4070728083575,171.1587856551505,0,0
257626.77307622632,151.74451755538047,0,0
127112.07471307856,140.80341765758791,0,0
85899.67813437988,170.75294161238065,0,0
47347.19572078551,181.40553361103397,1,0
49122.550171342045,134.50940613276777,0,0
185914.72647391362,157.8874202080873,0,0
71876.53496012151,170.0409929225923,0,0
134796.47067404937,121.11259894678089,0,0
27610.8858531927,137.33239559474404,1,0
121949.30740340822,150.34589308055988,0,0
53294.30680403754,101.76294343434795,0,0
51512.925778982564,151.04203018042273,0,0
12495.464930367809,179.12892809736303,2,0
3061954.168618592,1317.8729374133877,6,1
100819.93330716486,214.68178639613274,0,0
8934.239135505997,136.40496011346585,0,0
29125.221617792202,150.21344037947924,1,0
60862.98722218925,162.16548700320277,0,0
76533.75920526625,154.84803692209834,1,0
164347.64806406543,148.06776249626543,0,0
154566.23123486174,152.1085258049553,0,0
57285.67229313715,179.03028506029034,0,0
87015.0338449072,168.30870199126312,0,0
274655.83688427537,159.7053747897768,0,0
124100.18640713525,181.52379213702318,1,0
177403.40564366814,136.01935505111973,2,0
63074.425597244495,101.68164643577654,0,0
139618.46274661727,134.49339258330804,0,0
21718.351730805945,185.3977660123169,0,0
551701.6575636708,145.8092118627909,0,0
232010.65568914948,163.74174533720125,0,0
3374.031209821076,166.34661261605945,2,0
137174.33885416968,159.59137559666974,0,0
210727.903499987,147.99657330300477,0,0
311401.25902895624,125.41558192628301,2,0
25766.890088014265,111.87235897464097,0,0
191828.25702003954,169.37286387284968,0,0
30968.28549064644,129.06544789126065,1,0
64492.05786235881,137.12838343990546,0,0
396903.13632984913,190.50396712391768,0,0
61589.62784500785,163.78495856945605,1,0
87290.9903381202,148.26951480146204,0,0
29914.78039138216,164.64543243668626,0,0
2219.5407594565604,131.80125331314218,1,0
125545.20412480115,185.00249529569535,0,0
17063.519790931994,156.33106055910355,0,0
340721.79686056374,168.27593813463838,1,0
56004.06030389153,153.99588379770245,1,0
52281.25473125824,144.4401462230086,0,0
14906.105906693718,170.35849536419684,0,0
93954.60145718728,158.92906464253176,0,0
229321.79925685117,142.77556854334603,0,0
20286.962101778165,160.42701245021613,1,0
94176.29585794761,172.91569221807103,0,0
112504.15178426537,133.9211500699722,1,0
143924.13325545,133.01774200930987,1,0
6380428.16478418,823.784319962494,7,1
113610.28268945565,126.24895299335458,0,0
82804.28485055116,172.0731201396688,0,0
119387.75047223065,135.77346522883565,0,0
392331.49488196516,162.65908677655156,0,0
394930.0701045996,160.1854508662994,0,0
30274.31268689362,167.41894656785755,0,0
15853.921575425642,122.22190583960561,0,0
14492.331289590522,135.22385698182896,0,0
48220.74204375255,121.12425398979954,0,0
400858.06707741757,189.1363664989778,0,0
146994.22814979704,194.49154717719222,3,0
171736.59079865538,152.96486057642184,0,0
119533.3519091127,128.87403720709312,1,0
146127.9183589654,178.54741342420024,0,0
95123.68731799802,149.27746191255346,2,0
40194.631742456164,176.3838266867761,0,0
183473.37335548655,167.38173067721868,0,0
181609.49372229225,111.52362696073828,1,0
20645.768470418985,92.91798856181924,0,0
57720.77926332698,178.78787864832503,0,0
230111.92122063914,143.771974912782,1,0
3196.367058297934,146.29526773990895,0,0
33511.87286321126,147.2586287720635,0,0
40531.75985222491,189.64436420115845,0,0
305920.2661831596,121.57822045913962,1,0
168743.8184458412,111.37726576017212,0,0
49892.939190260615,144.7617904620736,0,0
1152.9263436136546,113.29945878081622,1,0
52664.4206418507,94.5679072436608,0,0
123517.00350453437,141.6240526995412,1,0
278878.26531391207,144.18501903911286,0,0
581690.9514908238,176.19622642224377,0,0
93717.332208193,114.57524650797522,1,0
31372.24489088813,166.3251984577476,0,0
81072.98874819987,126.61411486353234,0,0
9329.00707532106,126.31442762453852,0,0
116697.65155069316,103.86440287988661,0,0
34152.318798249646,149.93285685341894,1,0
26146.457881161386,169.7433031158002,0,0
130016.8229206336,129.1015055958373,0,0
89483.26443412201,176.52604647958952,0,0
33739.90866726406,153.65588197555903,0,0
115842.45073789552,168.69025613180125,0,0
100218.13624581683,136.26138522974887,0,0
11527.403962029282,136.9529146573739,0,0
9862.826868404376,147.0945684187153,0,0
8804187.218708297,2741.948505806509,11,1
9668.65938642918,166.7748163022231,0,0
13394.54814290838,184.2278591918688,0,0
320617.3476696208,110.80569131025563,0,0
160705.48238895208,199.9487051128225,0,0
1191.4480553836022,169.61318151189096,1,0
124942.80172433222,156.8553758782542,1,0
72996.60671339952,146.2779300994779,0,0
50023.00224368401,185.7543185904695,0,0
151603.9216242643,175.660484428365,1,0
15662.915305557332,108.00911255733425,0,0
55124.0172382609,167.6764714600301,0,0
48108.72422767169,164.67606060169584,1,0
59557.41949195111,149.44038358757976,0,0
21342.63267249687,114.44811681435434,1,0
222214.34143342424,172.19057408450993,1,0
215906.27561160183,141.69505709645168,0,0
257352.18471193605,164.04277569796108,2,0
490942.2853392061,137.78884771653372,1,0
71595.66769562237,133.33387017605054,0,0
159050.85702528048,148.02683310563611,0,0
36221.02436292965,143.3484086059499,0,0
75421.10485462846,152.54343014599817,0,0
7028.356559542706,116.23006443473288,0,0
34445.37028378979,121.67312067269609,0,0
108315.6450269493,129.69046613274904,0,0
45297.06432455909,204.0994083325395,0,0
17669.162077612753,168.95611940386993,1,0
99013.38337544791,164.87893309711822,1,0
144408.23250913274,145.1973829842581,1,0
30010.90675544261,151.82760635951857,1,0
284077.1042932301,151.99471078580808,1,0
56585.10915307836,154.93421155586728,0,0
17937.224250914205,152.6289995462803,0,0
47014.876293209265,133.63885666121732,0,0
19170.048456098157,113.42246871875753,0,0
16797.543353384106,184.77606187639864,0,0
127995.87673378503,115.38508438181628,1,0
449660.4998040815,148.1917749674423,0,0
95297.55245504442,184.26979584514444,0,0
92483.82664278058,151.23243563042897,0,0
5748.787483216089,166.92220511201788,1,0
106919.46084802446,148.43128686077122,0,0
56457.67963266329,131.19413658681393,0,0
87825.42754008176,179.11776963099774,0,0
84515.1007756135,135.63016931961707,0,0
213730.63129500914,198.9532903825444,0,0
1178.4351650552148,161.84329151921642,0,0
177623.9406948948,168.73956428434076,1,0
333273.1536338171,171.30037587271235,0,0
13298.968262240533,125.86062484475403,1,0
87892.29577840766,171.49237628244416,0,0
352759.67510792654,163.35157390792378,1,0
84465.01944946294,111.03094367154645,0,0
249000.77960358324,179.85370370032817,0,0
17218.760149569032,168.15318803375933,0,0
172359.4254060817,186.59751965435805,0,0
314189.1697858998,166.90254034124783,0,0
21081.06918593974,159.2625502707023,0,0
115508.63183232784,152.16736428713835,0,0
50767.45909901273,147.28122442915955,0,0
162955.9418525187,145.53544326214436,0,0
4642.628905654824,171.78384189327545,0,0
33537.71168842675,129.14059220613154,0,0
83400.92629463013,142.74042520873007,1,0
180962.38053976453,168.95705965294803,0,0
148554.3292268684,130.8716333222595,0,0
1586.4454901751126,157.488010485404,0,0
70582.58316161185,97.96646528393222,0,0
16649.91044903978,162.31798366417564,0,0
215497.0963815802,183.06857079699466,0,0
151704.8672664512,184.91494615557946,1,0
35357.088577989176,172.60373987128955,0,0
183002.2884522748,198.4865887392531,0,0
796917.6013794659,131.8890059974181,0,0
56487.08183455229,171.17778018598506,1,0
59013.704345850856,164.59323403804547,1,0
18902.52700364835,133.1240247145133,0,0
9498.309732788326,113.79688061807829,0,0
271498.9314265731,159.12901581187924,0,0
128785.82694878361,122.88823441053042,0,0
10418.903314833016,178.37310703997997,0,0
81868.5382263064,192.93950512610795,0,0
151527.68170274966,181.79795758555915,0,0
37718.77851867029,85.84701535168966,0,0
848371.7599383113,165.63071177182755,0,0
37379.30735915218,146.4714920139041,0,0
3092.4139860083883,126.19004037173818,0,0
92946.33569447935,119.65719502566874,0,0
316024.28982801846,119.87964147656362,0,0
38312.175310848696,159.59110962424103,1,0
9542.862239827777,134.5962967776843,0,0
95820.25301130142,151.72186598784424,0,0
24858.904781952166,177.2756977297869,0,0
16007.765426313441,173.81623359231102,0,0
47097.08404720496,170.7318421641617,0,0
286816.019348323,211.9232283430853,0,0
34955.89026915342,172.79533983927004,1,0
124773.92957967725,159.05460805261734,0,0
48978.61476006047,193.67647861383784,0,0
158319.61525704103,152.4172675721705,0,0
58363.42522732843,111.42944627406969,1,0
225276.98468619623,127.07429928148024,0,0
70617.54822969157,170.53910311561535,0,0
55487.9747004915,179.02381726856404,0,0
104397.09948548894,180.09897412525584,0,0
9432.712609527003,195.46160945953983,0,0
28811.776409577484,184.92358640582052,0,0
319547.97545620205,148.9620507682982,0,0
1460.6158081831873,199.01794580096757,0,0
22948.578800256397,110.76609143187014,0,0
122895.74001136216,160.0264576923408,0,0
164851.87911440377,131.71847566682388,2,0
13403304.216502018,1412.6201178818014,9,1
60891.84191768815,125.80858929278696,0,0
109261.53318281607,160.3768127424771,0,0
167182.34657268747,127.53773783067888,0,0
87244.31580129571,133.37583721700008,0,0
271469.7662271776,198.86656358656222,0,0
70452.41108074339,175.71197522975277,0,0
60320.77795219896,174.09344692932768,1,0
9742.972353859157,185.05523973758176,0,0
8014.320335064,161.95750980636723,1,0
158750.61169709268,187.9844545737988,0,0
2268.2689003237174,137.00436944566152,1,0
20316.760224284255,163.91989867069452,0,0
331858.57539388014,110.24521691864254,0,0
126671.37578286715,155.02619160704236,1,0
29068.496219544744,174.71315261618605,2,0
102784.4676166872,169.7124736837755,0,0
129878.2147523552,137.5009375697841,0,0
155053.70221584098,134.8781400247704,1,0
165880.1314805472,157.6800986474468,1,0
83862.10041751835,163.5881083137507,0,0
137245.30059813935,167.82012012387156,0,0
74909.52928275523,113.1679956776577,0,0
38752.85432582189,164.7977976561147,0,0
207538.64829241758,186.6577950729465,0,0
100428.38190622312,177.48539004482342,0,0
30464.780629804467,172.81505785074359,0,0
219803.3254286574,122.49757593555485,2,0
39639.09878865612,180.43870054876788,0,0
237914.8347738828,170.80275543052818,0,0
89632.04484067524,161.77417674462905,0,0
61430.14676316121,147.94173624956986,0,0
55906.80187772887,119.06615774902079,0,0
22359.013974246107,150.32253238920765,0,0
104166.1683435171,136.23779349330925,0,0
93384.03083839022,161.8335295846286,0,0
96348.53380634179,144.89231978499586,0,0
29979.4544943182,170.73359813065704,0,0
373420.42214137927,123.66984009893343,1,0
127056.85696752463,187.97548931327452,0,0
182826.74766200452,124.89149344251025,0,0
77547.75085578806,132.51076803553946,1,0
76698.97183032369,166.0530250969146,1,0
12251.120769599305,113.82792583098242,0,0
180887.66737918986,171.9826823177244,0,0
160070.28283650978,150.50074372060868,0,0
78831.94117669406,156.73087832215646,1,0
15190.509241647942,136.94820238754102,0,0
82824.45179444745,139.20586277516568,1,0
157548.1872800998,190.86513779403003,0,0
407311.89161533624,156.28969794997113,0,0
11710.929981249528,126.59623884812802,0,0
380735.0867541657,142.8558820990911,1,0
3203.013466148631,156.09050053724562,0,0
101833.59170406869,117.2214044553256,0,0
696574.3350642612,126.37798747189962,0,0
12576.535668206938,151.404597959808,0,0
387713.05436516576,173.66371319291954,0,0
617446.6637316295,195.96886252280285,0,0
439222.16818893375,147.267093569099,0,0
37546.494657337054,129.92393997339389,1,0
66039.36902241127,166.60688010642815,0,0
265702.72466795886,161.578461999376,1,0
640250.5693694733,158.5713366445412,0,0
34182.42076614093,136.11499001394154,0,0
75756.43450969596,156.18220314069347,1,0
53005.61036188528,201.25991627778774,0,0
244328.24557428932,179.67232693989743,1,0
103015.1055648189,145.0617665632708,0,0
130297.13626001289,173.13226374213744,2,0
67441.58617198156,181.47612510159763,0,0
21534.904930540815,132.09513715966685,0,0
80229.85370501623,127.80496549155865,0,0
297391.07056973496,142.0358332984792,0,0
199209.71653263574,198.2664564764065,2,0
85973.61513559027,164.64979422446953,0,0
138516.263237438,150.83878992045607,0,0
4330149.848852083,1702.357392944417,9,1
135731.88961083887,145.0385890113991,1,0
8266.966992372454,173.95831786712853,1,0
339112.1032548237,137.1395809585868,0,0
167176.99088402343,171.01419244479177,0,0
255650.52641195382,134.1837937139995,1,0
93757.60300468083,122.91995792038496,0,0
18502.39244361894,150.8484471283741,0,0
25700.635370893615,211.6481832865341,1,0
54118.547961638615,176.27804369394997,0,0
138140.93075017945,146.83684876178376,0,0
72559.6135631896,157.13204877918736,0,0
168106.54228064482,161.581739228688,1,0
77686.40447598859,189.21334846773317,1,0
34185.83521150656,133.24773565454916,0,0
1939.9649418196377,185.79089967344925,1,0
225696.0676470519,168.9148529626608,0,0
179477.98548286565,147.2400023975239,0,0
120643.50829228581,185.4165327074489,0,0
16583.745751144703,178.1629473421426,0,0
194658.1268886649,164.4089004403452,0,0
507247.3727534187,132.93142887989413,0,0
56807.60181818762,221.17523972394102,0,0
159206.70245936225,115.29268921287868,0,0
280355.2283000514,172.7111291411443,0,0
163188.905997443,147.84037539121255,0,0
36996.20361155057,141.11133322023235,0,0
187568.58552239774,157.3733683777534,0,0
332116.05602157925,136.6787114784954,0,0
272025.11313519836,146.43062617073267,0,0
207060.92188565718,164.82377023562825,1,0
55004.96923863468,150.25167521306452,0,0
237581.910974778,171.79262827653443,0,0
27965.97557248553,156.39460630815913,0,0
38900.03778285733,142.81039631019758,1,0
112410.19226851319,131.8831447079424,1,0
627773.8041275942,152.4609405981146,0,0
202869.28389285217,156.7895550038398,1,0
66745.91729159898,210.65214034632632,1,0
159133.41789310524,195.55982081378494,0,0
384932.7656338454,153.11093994767361,0,0
112827.47318991338,177.9380137193652,0,0
112375.61006214329,128.23084058898152,0,0
73749.13850981006,99.59264223942087,0,0
258352.2429715471,173.72915175595404,1,0
60271.6854208949,158.31531897374936,0,0
109714.25655677446,161.16116958261944,0,0
13658.03418348994,182.29369626831578,0,0
23698.53655081784,139.8410787157394,1,0
64916.82599872771,120.5390821767331,0,0
23853.85620589336,111.40923695315789,0,0
48411.91239456631,159.08960684615474,1,0
61998.604877942504,131.14188403633983,0,0
7412.883233468517,142.43347390811127,0,0
228060.36762839777,141.64867294857885,0,0
184393.46847563024,169.03576560152231,0,0
96178.13273208399,155.3746134083188,0,0
129979.5071176177,140.5253981485452,0,0
68942.20988371853,142.65768685735927,0,0
62943.21995527326,157.74323757717522,0,0
111795.73776936538,125.7979102711543,1,0
168895.55618851903,107.02725109927796,0,0
256090.9992386885,140.0564928938617,0,0
16663.237143964518,147.145743305988,0,0
129934.52173229,158.3804586554343,0,0
424022.7828772221,155.9639382885451,0,0
19410.323291424,169.62221718735464,0,0
198495.98094379963,146.369283854027,0,0
220823.8573994716,157.69903880200738,0,0
428698.6416674972,175.8140430090138,0,0
162515.25891240005,114.0613554638898,1,0
66915.6218724624,125.85875900981749,0,0
93750.85766463415,177.16897442566412,0,0
4995.337585264785,145.2754688871844,1,0
180601.84449343994,140.51301859970638,0,0
153855.51690724574,164.9264024934635,0,0
2517.9233785207903,136.4256073306997,1,0
7992.895260829251,110.14543300686498,0,0
33852.33686898934,175.67511029469142,1,0
37902.157597754034,163.62852198776352,0,0
48925.12823828651,136.80570310136434,1,0
92492.9897830393,193.8827767658326,0,0
45411.913633018055,162.6064311121038,0,0
85047.58689944124,141.3574023593231,0,0
232532.92287728016,159.15818708852692,0,0
19662.472523290064,154.26415066925316,0,0
132999.83708790888,157.85723288696767,0,0
17813.181303605477,126.34899954371117,0,0
88462.2834030084,166.72611856176331,1,0
255972.52338366624,146.28611462748543,1,0
67280.0867103211,170.58237485888327,0,0
47824.23071053939,132.5170281685832,0,0
25099.97930203559,117.9360826748678,0,0
271450.2919729239,157.23261589684404,0,0
47606.16665166825,130.02752754767175,1,0
89558.66137097366,147.62123719858053,0,0
73637.94255261267,145.92609222985396,0,0
63475.03303646309,153.70507421569744,0,0
356970.77260180423,143.39476787514087,0,0
136405.46050534316,173.44974000728348,0,0
488.26234236373733,117.20698917723274,0,0
33297.03015389057,116.88035224001936,0,0
59008.46440057437,151.56117441657824,0,0
8822.796384967309,195.10297729911008,0,0
9305.975331785556,149.59937523965954,0,0
125439.50169864908,76.65573381926308,0,0
92495.79528608132,161.7598185502289,0,0
6783.0930470455705,121.85322932137188,0,0
42543.11845855453,183.33597915082413,0,0
8794.732232465196,114.61915172833818,0,0
94412.71031385586,179.6246111900079,0,0
58224.54636060032,155.00235147820985,0,0
390760.9292865589,137.45264712505826,0,0
19743.44768900464,189.23960165702698,0,0
73902.88341929112,149.20165274872974,1,0
32169.9390388887,172.13818430764888,1,0
156693.03612305963,137.0993367069568,0,0
6836.59585767345,138.0648442100546,0,0
44976.257913654525,148.0233745128157,0,0
280688.7110303755,163.41219317803322,0,0
53160.98911618448,120.8150754983097,0,0
113365.49541930141,194.44112047048574,1,0
118643.20920712198,141.0061245848592,0,0
7604.746732092249,114.45827379852419,0,0
18746.30546920872,151.26066910348607,0,0
69585.32385579651,137.15009304179154,0,0
39313.256501887,164.18264063230652,0,0
162474.7492493351,98.82082787091322,0,0
99563.34008364697,107.31935013573619,0,0
131954.08699890296,163.40725156413671,0,0
379877.6993116375,141.48198071169796,0,0
51945.10753530688,171.3549912153204,0,0
66883.3584457282,138.24887037112828,1,0
124510.19153590116,179.21922292527802,2,0
224466.6776000443,129.14514765315542,1,0
56228.7443041558,140.7749952687117,0,0
143411.78417096942,137.23057020238818,0,0
81578.81969663578,167.91819119293356,1,0
20597.178589214578,129.8649582483605,0,0
264870.2433390625,171.59568360389417,0,0
14235.09964172278,129.69607173664832,0,0
60971.77885579477,187.87940983608888,0,0
106049.17307170398,212.99269114113434,1,0
274891.93716388725,170.24448181403562,0,0
177220.22113282,168.23424487824377,1,0
433100.48699942033,141.5198808697529,0,0
371539.40251943807,112.05122170391871,1,0
84399.16579745986,164.16163710273835,0,0
29418.609613615543,157.51467311597827,0,0
171447.81025314075,172.04241067394355,0,0
62398.38947414482,146.0705375017458,0,0
60425.75360877565,111.9139485466095,0,0
91854.87545406073,135.36773671709076,0,0
97933.77521799503,150.4699047996373,0,0
73283.10206245823,157.47989055450225,0,0
35908.836878579765,168.37339935635788,0,0
133289.8721638073,121.26738556524596,0,0
43950.59173187512,124.06395758979187,1,0
5317.572253039496,162.94394539272102,1,0
7711.823967516429,202.18180404484067,0,0
257680.4095401186,170.953672422429,1,0
75588.84427302358,202.40403190127378,0,0
612172.0470487087,163.89968584225346,0,0
85819.16455903764,149.25113384683675,1,0
32378.54159790177,179.38635030847837,1,0
322452.9086606813,161.61219013943085,0,0
282909.47216091305,146.59758853295875,0,0
404053.1711722402,160.26150554755193,0,0
37966.25543887655,125.86544948238765,0,0
123818.12107706876,134.56788576861953,0,0
2951.1166287257934,164.01323212176283,0,0
41005.77924488491,170.11968608818498,0,0
551681.9965471391,139.93106775233957,0,0
280363.21865462593,125.1641600216721,1,0
332403.002559158,113.24049663310707,0,0
373891.78867085604,150.28330945919336,0,0
102222.48753623785,177.73019956466828,0,0
88638.42846153825,155.7212302023977,0,0
277769.53171044757,155.1704090447851,0,0
136806.80853122676,145.23785755487236,0,0
28853.253847919055,152.13693125870742,0,0
168947.28301091632,160.98775047047795,0,0
4642.7232069193005,159.61876334417008,0,0
398273.2764526163,139.5216551602774,0,0
117143.67189137402,119.41732380533742,0,0
5655.161044591072,120.1329132995862,0,0
92468.78847915556,138.5751490360885,0,0
227749.53033008575,136.09868606301492,0,0
96229.79343172672,157.08174875366495,0,0
4568.049486421002,169.59328491882195,0,0
22431.501811035054,180.0865014225099,1,0
132500.06798967734,146.75409185376492,0,0
175154.3867363232,123.13843084109995,1,0
6367154.5307891555,1760.0345583948572,10,1
282571.60642658384,188.78444302523732,0,0
264152.5514790716,176.0716352389902,0,0
257065.9530030545,200.9010708210028,0,0
80849.08628795741,176.04781510443695,1,0
62994.740461938156,153.4837801974732,0,0
138024.0146981992,181.71951471034606,1,0
13980449.845838986,2943.6929339513895,10,1
63675.35837364563,146.1018475629273,0,0
83307.2541295801,178.18202808580173,0,0
92422.62375263828,129.58484532151041,0,0
16157.9487332287,158.52176978365702,0,0
1585.077757121981,98.0710085174793,0,0
568870.671528152,125.77939714912515,0,0
211307.02429062355,136.61885740149012,1,0
105052.54627378438,156.83803918687542,0,0
158878.0239685064,157.3121046985574,0,0
60616.73076918888,199.68502206317908,0,0
12368.691623140641,168.78194262856525,1,0
20955.093197589456,172.57918979986943,0,0
426845.63559188653,150.05296052543682,0,0
144460.50270276668,144.58019920780177,0,0
233136.30534682068,160.7181998323517,0,0
196743.97130672223,174.98452365981976,0,0
276797.5818078045,153.00874788442928,0,0
198937.12735510757,154.2173186202348,1,0
67885.08755510337,176.96629864899316,0,0
61461.673825439466,206.49005069356195,0,0
248620.54055680218,106.87536414671831,0,0
10146.081498244777,155.65789882246196,0,0
249589.60395877453,167.674386611765,0,0
207403.05100951646,139.72857002158813,0,0
35199.7647825271,150.12857851354624,0,0
288439.6372341454,93.19645861073482,0,0
11726.241156261422,145.9437865010376,1,0
401683.96631078876,92.08887857681273,0,0
229920.55069348187,113.7867264491575,0,0
10047.944695357026,141.2261814465478,0,0
53486.360983583894,211.88284502340255,1,0
7250.225951166355,168.8478016298033,0,0
23131.425824345853,139.77759562526262,0,0
137384.8681592045,171.4226317626275,0,0
272830.12701887946,178.2000656550377,1,0
16885.672576339282,190.02796714098173,0,0
36032.335216991545,177.55488296928002,0,0
40656.82092580987,122.78430698315938,0,0
10473.95145191462,191.8435938495856,0,0
47369.67899633026,139.71800189173655,1,0
12843.94403143276,169.10731453551082,0,0
43464.79109538328,173.5879204538177,1,0
212037.30158933453,91.44382823981755,0,0
228072.8144907033,145.07972192255932,0,0
213610.26927823227,127.588264056245,0,0
41894.140303248954,140.20015938030713,0,0
22053.2756603298,141.1287317162046,0,0
19821.773694870244,188.38334291596283,0,0
154408.0665357523,115.30617297496408,0,0
184363.2671354935,181.02413996846332,2,0
3010.340415807059,190.23854142595923,0,0
155461.55091266904,115.64566369071142,1,0
181649.39803672553,152.29297374370913,0,0
97298.61177998944,168.4267667654418,0,0
914.4453166962586,144.5586219715471,0,0
21834.82709593677,164.48246612699091,0,0
11330.90161283414,141.24522424114997,1,0
7476.361814794767,162.50833018301563,0,0
154343.20532628134,138.03259047480137,0,0
2457.41584917972,185.79722659436283,0,0
6932.221997161736,182.13751241211034,0,0
309000.70435222023,101.53000226546055,0,0
46026.194310893465,120.01793945089669,0,0
472.05410190863836,140.32539752105774,0,0
109645.2784739102,170.22635722719446,0,0
24573.967791520197,185.3685954839953,2,0
89712.03074131347,174.33343624033552,0,0
218847.73899798852,192.3878954812464,0,0
74383.32953162196,150.44104521837548,1,0
20845.302346091474,171.95534995387487,0,0
121371.99278795907,153.58032708015327,0,0
14756.873660503934,151.1878658690322,0,0
48429.56997427665,156.8996462355135,0,0
42229.30171202038,131.81337983864302,0,0
17456.10458164708,147.50599311714333,0,0
213195.69882114648,133.01451097642774,1,0
124877.99053812196,182.03174113503357,1,0
252661.06115644294,186.9481684039884,0,0
39181.17905691703,149.07647033831253,0,0
164911.85022718695,143.23033757552344,0,0
57516.082635363986,152.6608854107822,1,0
180193.0543573676,102.22585161019487,0,0
140822.11458275907,167.76061335228624,0,0
354332.27111124684,147.95143794020422,0,0
36698.81679160998,144.27799592105146,0,0
13802.00902824738,170.54039380592909,0,0
165230.03009889752,161.3959419597035,0,0
65304.15837141561,173.86667040073468,0,0
85197.87493922986,167.1794368774662,0,0
270929.536167582,152.0010317303815,0,0
22758.58231072449,156.9686438532516,0,0
6617.410342856058,163.59516634720293,0,0
264100.9570173718,124.29830468839722,0,0
42303.33556439679,138.09974999947872,0,0
19793.409524557603,164.17554582258066,0,0
72474.36085369959,159.90678908965216,0,0
126311.19707916873,156.137961083184,0,0
91800.17687109981,163.26058659938096,0,0
17434.817641813075,157.17159607048376,0,0
34723.48415769508,162.4814621395416,0,0
263880.6494427886,99.45016193129842,0,0
659806.7069612597,125.76802004139087,1,0
341036.1718612352,157.52420941606027,0,0
15035.481157959808,121.59159442110023,0,0
386219.83223611047,113.49285234852971,0,0
187227.28338120767,136.68016967298882,2,0
30172.541729236444,128.86924736407866,1,0
60214.54617182353,134.45585781027918,0,0
112492.09967073871,140.73930713825825,0,0
133928.03335349317,159.1513978865198,0,0
76618.42437324456,141.29229012389985,0,0
58143.92575848506,152.8542270872032,0,0
80452.12327252574,138.23652151176458,1,0
371476.0697777431,90.37478005072553,1,0
151556.27846552723,155.79174847546818,0,0
38602.74483257343,145.25621106850792,0,0
18393.101888956866,157.2417453034535,0,0
37643.7591285634,147.93885102127118,0,0
57346.78993676855,130.51138811601558,1,0
444112.00288561534,151.3869979691345,0,0
47463.811590596255,167.41578753044368,0,0
53335.016867190665,143.2722299367425,0,0
271602.51598804194,134.74625636049637,0,0
45663.81043625475,182.62350510020082,0,0
179602.75564970536,120.1132570833622,0,0
44021.30508746671,168.01142237690175,0,0
28731.95329410726,153.77169071278905,0,0
109506.74986482189,131.22432982952444,1,0
6468.574374014215,153.1563968178483,0,0
26417.37398023021,139.63709456330875,1,0
195892.051508505,183.93353739290708,0,0
111270.5160187295,175.81347245752804,0,0
428662.55432284984,173.70848198322972,0,0
173601.58329447886,164.13000542711498,1,0
42908.511117634385,142.02204775755243,0,0
18244.87760336864,158.4882487065915,0,0
106995.42362038062,106.4627085846476,0,0
180921.74687608602,119.76688830553967,0,0
41881.94445570367,134.5550931629743,0,0
5242.206515643239,151.31555325043152,0,0
37313.58854553128,155.62041841728686,0,0
69329.20756074146,182.93459794849554,0,0
90567.75967251921,150.8400426838389,0,0
73304.16429173079,162.31208711861555,0,0
2505.3953092550055,116.98509275633499,0,0
22846.01798662193,152.0521724906858,0,0
161888.32180436153,133.8522956684426,0,0
44916.41688371495,128.72213032914033,0,0
43065.97361055021,157.57884570940683,0,0
22789.648091639185,133.06594428195575,0,0
21864.12769857258,164.66132825834026,0,0
71870.79357869053,154.8413829157873,0,0
53788.999116201965,184.3699492513695,3,0
40159.47947495784,110.897455913018,0,0
263493.0222213738,125.93752912701694,0,0
135666.21346161663,125.98467058967935,0,0
321113.1094391798,168.0089374598377,0,0
49156.59275897339,148.64147897408375,0,0
33040.61380437891,169.65745577250695,0,0
23626.960499129684,160.66348225066358,0,0
340217.3236774077,179.07452200979603,0,0
440442.5107913554,124.40663886805454,0,0
2132.8229522492607,155.37161773659662,0,0
7810.610685345477,136.3856767044052,0,0
326311.87179329264,194.74476925771,0,0
138152.29401683016,171.981597629164,2,0
14193.216396573813,187.47530170583872,0,0
151360.36254614525,154.80922317593777,0,0
15776.053326625703,175.22758529320132,0,0
88425.4926445661,166.70620309853382,1,0
148010.3361688176,129.8965577959828,0,0
23466.29809244864,125.62446537653715,0,0
437685.97524137166,136.59134932608694,0,0
39643.793354034235,175.67978900101033,0,0
54387.363351216576,133.17531952086858,1,0
211761.35386772573,151.40613343932947,0,0
139906.17386801544,125.58305761731613,1,0
167895.2599030593,150.5210370534443,1,0
45384.52824373794,139.0480337974116,1,0
227496.31100541764,174.1880748727294,1,0
13429.70282732152,166.06186116431547,0,0
84177.45258371248,95.5805074757038,0,0
137637.83417038884,149.4645426261916,0,0
445465.7999753043,146.56772330224084,0,0
81571.91732834654,148.02935301316364,0,0
2972.2722996987213,149.838460148024,0,0
158475.07889116943,139.00366842248985,0,0
43788.61325845894,142.09709298423974,1,0
283557.3878280381,140.55326365096622,0,0
89690.51207881814,126.88978579425005,0,0
213347.60836837065,137.30770054041534,0,0
86829.76158718941,168.9516426543492,0,0
123851.49171065792,129.5815517033775,0,0
69645.30441105476,105.69930428939895,0,0
136525.0436754365,170.8992481068069,0,0
50181.84359155536,188.18270560486496,0,0
68734.59622782825,115.13601216684812,1,0
112366.10642182958,141.78583709367604,0,0
315089.4740387294,97.82878676710156,0,0
4286.156470786478,155.91617281682124,0,0
66817.30981270388,115.4857245638251,1,0
106537.17142077335,86.42267026313053,0,0
196624.35640136545,145.97181283284996,0,0
254139.9614821732,130.4989210462512,0,0
190433.70227248393,123.28906285385429,0,0
30643.200550043435,145.93680088309358,0,0
5707.461192591645,179.68979545045033,0,0
164050.39565430145,132.18055287931014,0,0
230703.285986589,120.04096132502258,0,0
194864.81609897024,183.56988288554263,0,0
19061.835567593367,159.70420083584855,1,0
141864.19362547,148.04575159660516,1,0
30382.11662358294,137.0984955867413,1,0
17137.948444399757,168.0949854111105,2,0
269845.9466096789,195.76171187496936,0,0
253061.0776923776,160.66975483146612,0,0
47280.097591723286,157.56859481262606,0,0
9431.312871947724,157.29914656144769,1,0
11926290.599384455,2348.033177984129,6,1
145325.1487122989,99.70046585735741,0,0
1826.7270689796403,188.13258230186477,1,0
104262.18432241834,127.85074793814678,0,0
680723.5850564387,159.11779433021215,0,0
105673.20008192892,203.77910103564423,1,0
184273.35827544084,144.20305062346918,0,0
1155.4676530580139,141.4595383307421,0,0
97333.01229692146,187.70840245144322,0,0
32678.86463494282,145.26251059019677,2,0
120194.10047688802,75.59918814976189,0,0
80728.43728878043,170.5714805695838,0,0
106740.27683749772,141.89819540495546,0,0
58177.851315051535,124.97156105287127,0,0
11084.670904995648,176.32674293987282,0,0
344566.5643568834,141.80461724401604,1,0
520005.2639730637,156.9248582779775,1,0
146194.28435802498,135.50362046341678,0,0
122010.34050934819,148.78760346127933,0,0
75531.41021066933,192.80769320917307,1,0
44407.2961306553,128.17368600806932,0,0
34484.89644174221,169.32829659508062,0,0
214572.56912010428,155.41978194011233,0,0
278719.95850631513,185.8919275949949,0,0
76624.97311599558,129.31308121845427,0,0
263101.06308548903,165.6322378135517,0,0
64028.131528286554,201.50535181561702,0,0
400449.1041385596,146.93362249230952,0,0
64033.36182239293,171.46658597693937,0,0
67536.95508295951,129.9117259643227,0,0
40733.36718208024,121.67792966614317,1,0
60002.2179399533,120.09150251974471,0,0
206806.8015849363,132.35037086252723,0,0
30005.567302175255,177.8558586685651,1,0
367380.0341163764,163.8823547503404,0,0
407256.5138679516,161.6580412295823,0,0
32365.9646081081,153.0638789237693,0,0
18136.17050572861,191.56765040008742,0,0
55787.793611381625,163.16369447884202,0,0
10011.183292628168,148.68614595199517,0,0
98846.93205020629,142.79923151401948,0,0
49760.478968594936,184.45574616675373,0,0
12273.753754563728,127.82093529092863,0,0
433140.8365352995,139.29619367280213,0,0
68710.18599921804,184.66951643213028,0,0
36943.03449776293,144.2973828887121,0,0
39208.50982962668,153.11909657193462,1,0
19367.130136762826,129.9015405818209,0,0
58414.64440318028,144.6677896653513,0,0
81820.78154391704,119.61141969872358,0,0
9388.80817865175,168.02904555210387,0,0
927.3100764699337,151.5335916060216,0,0
8551.251701747608,149.44499441411688,0,0
189971.83542205166,186.93431401577152,0,0
154468.5624801063,154.5533717752794,0,0
111331.55380003963,177.47682656384916,0,0
445001.6915137249,223.45470167889425,0,0
45365.48618591579,183.13159007818473,0,0
19779.654358234246,165.82666368743068,1,0
245679.36378046914,159.89278831042384,0,0
106400.3313156524,163.89646148293517,1,0
58044.000919835045,142.39836854835605,0,0
44410.61610307644,112.29576976569555,0,0
196337.3234545253,160.03667146203864,0,0
315951.2117049836,164.93682334741902,0,0
32778.67319971183,137.83546884113156,0,0
69496.22530842695,137.14476389092434,1,0
162513.57371886697,194.0157008656123,0,0
70647.2506902618,141.69555515173153,0,0
108896.40177631119,130.46309835496865,0,0
92836.98834534803,154.40531764096556,0,0
3762.5508267307996,132.82799413029682,0,0
339537.94467939704,190.18511374558574,1,0
158430.51605075985,122.22086752750036,0,0
1988.7154145187073,151.81723657588583,0,0
80380.90222602905,146.62388495343063,0,0
30785.834834240915,127.19186214834104,0,0
13279.379532444713,133.58557591632695,0,0
3101.35962392194,156.96146973618525,0,0
325476.8444449666,129.90492049757285,0,0
336481.8447785067,171.1680584692711,1,0
15366.126712198431,149.8345938961628,0,0
67995.38294212404,142.01218875202412,0,0
634603.7145081983,127.28369295211354,1,0
316140.3082127618,155.13533176144378,0,0
75656.3246793599,135.24935077272946,0,0
200436.87322119388,119.55821555983789,0,0
203581.81706255057,147.49884222240834,0,0
57571.70294690184,188.4711822617336,0,0
13830.508588675639,152.0823659386702,0,0
32452.80689320452,135.87821264482722,1,0
67169.46511857264,144.92109084165548,1,0
278299.6244181012,185.12638964007235,0,0
78908.40966271258,153.247972610282,1,0
2129.5748640347565,168.38917245756429,0,0
153385.64516138253,156.2434016965953,0,0
137364.3729843251,151.82004485905773,0,0
96753.86167848419,149.78965835071588,0,0
98804.02638867285,153.6955522575811,0,0
70013.49543585053,130.79514412486293,0,0
257200.15565626076,173.02972594561402,2,0
32548.695144894944,125.07141133035785,0,0
59942.18166272806,147.75686059180555,0,0
272109.523571443,136.168308532831,0,0
98246.08382165457,128.05556733910475,0,0
20149.49401810687,184.27406900323234,2,0
51341.67346954637,142.17096192799715,1,0
57876.579337231364,139.5827003301066,0,0
92603.32307800384,138.96310486717726,1,0
45632.19789868131,109.26977402299866,0,0
64452.13747919799,192.09930075173344,1,0
184618.6480564277,179.0012107226602,0,0
36999.0946382439,136.8261214108752,1,0
34602.131045011054,164.95436507476418,0,0
348834.59062229446,125.62789238402397,0,0
29117.89810151388,151.0107234958367,0,0
344667.5896023936,144.63263631532908,0,0
342878.77257255674,140.58061325655362,1,0
138683.3422950883,137.0391092030624,0,0
33227.990893029,121.37330208793651,0,0
81224.20350713954,139.2062206242218,0,0
140919.6422822332,177.4181051907321,0,0
38014.849150566224,141.19237816627074,0,0
27439.617187863758,119.3943747911105,1,0
130253.04491326257,145.51679930317422,0,0
37396.26813927556,119.68695132290804,0,0
1691.068920568645,191.916270069034,1,0
221746.8678932753,159.22287822072985,0,0
83032.69306974797,173.11444664657125,0,0
62571.289568095504,189.32840055107258,0,0
83072.66229120505,122.41768142938434,0,0
2803.2436412928278,133.26584402203116,0,0
36029.81536501123,178.77086624210907,1,0
5969.144040266262,150.46944308469867,1,0
361523.5239031902,174.86295290071192,1,0
3567.7599935639787,131.00870597916554,0,0
8841.157489259782,186.33492764536692,0,0
243950.10975962813,162.32793818040014,1,0
227062.7602668532,134.48647811385848,1,0
156157.499500129,203.1824353437392,0,0
79239.37314673737,152.45201125699484,0,0
26663.5617940133,138.27323455140453,0,0
66888.45741837037,121.75462424338592,0,0
136415.80725126973,117.6758496899118,1,0
103479.25001433156,170.71851134213938,1,0
28314.800322872197,185.80196509761407,0,0
209440.8394106127,155.02314266413114,0,0
91382.24629933469,203.25260665802398,0,0
127652.46720309657,112.22688595457515,0,0
4422.684172048801,180.11689839392312,0,0
375925.9206840201,181.94083374519522,0,0
165926.47202596653,129.0723418313272,0,0
427577.9491202457,137.39086999048484,0,0
144354.6789982702,170.45438813678686,1,0
562133.6044831214,178.19812463792067,0,0
62302.66761257906,153.4715997300137,1,0
8532588.507404236,3018.9948120697104,5,1
36239.49089762709,168.810905020437,0,0
50324.95767204401,163.67421182818,0,0
89532.30944516597,138.01351472623853,0,0
64436.14215829268,141.93138618191645,0,0
147968.45757668788,120.6545500725394,0,0
141543.82364609296,85.814102256525,1,0
117984.7179962882,149.62573954922615,0,0
12544.65564455368,167.35527607363065,0,0
38969.8114310077,152.50121569444363,1,0
92283.1294147039,171.22091989948802,0,0
107313.80581591032,116.30788000131294,0,0
327277.84924983373,170.43712451925796,0,0
40938.33594116669,124.34829793147105,0,0
100346.83058354966,119.56251684460335,1,0
78593.85642965032,168.67966475312733,0,0
6362.759647678987,159.47809082673092,0,0
5496.673622264165,153.56553481672208,0,0
94664.80886558983,184.2673997226244,0,0
164648.60912578492,136.3899745105272,0,0
7036.681912661563,167.2086759259505,0,0
210461.6075188221,166.71406540842816,0,0
117976.98599423222,144.80219224834715,0,0
49803.40164610206,140.34407278221582,0,0
201678.75245389924,127.31547618091699,1,0
258398.2827758188,162.7901272592255,0,0
132144.25127919513,144.99663614429656,0,0
91818.99338381781,157.40461384971158,0,0
103675.61750138468,150.267332794912,0,0
102372.95847325992,81.08843007273222,0,0
41523.4231068072,160.55295287261154,1,0
107305.56265317061,166.7718048625483,0,0
55113.328678434205,180.659748598048,0,0
25838.300355653995,188.34057114332307,0,0
547764.8848164326,158.8693217157002,0,0
131826.56249099105,127.60132491028052,0,0
55679.71161363492,132.63742096537976,0,0
108627.4671974938,171.0997313029799,0,0
13494.827330107184,141.83955934629762,0,0
175464.96545035945,138.52488849442727,1,0
148588.00407723573,220.9905728701978,1,0
79283.24251987811,165.68496214053351,0,0
81152.75507265226,174.73998323976176,0,0
97595.55408649806,102.59995262705277,0,0
20578.659577213864,153.96374132899106,0,0
75078.51250727568,162.82607308414538,0,0
121479.75048449145,158.20024294958512,0,0
95799.8775303789,157.72845468336996,0,0
14410.749130818276,171.8528520454465,0,0
21397.977538954947,120.99949045141778,1,0
320324.15955258027,118.91603155976615,1,0
69384.3664306386,184.45893053556372,1,0
10218.805914816625,179.73208633599108,0,0
157910.16088928524,148.66915831091418,0,0
87138.25146971818,131.1006177171247,0,0
49803.020162835746,94.30501106658545,0,0
57660.34383490336,126.47556846793208,0,0
49633.796347047515,182.12449286905422,0,0
32980.70743698897,132.40657608187593,0,0
48026.4754321052,162.550047226664,0,0
326857.0697459325,188.6910193398818,0,0
82557.99544527878,187.40007923888814,0,0
352020.5681131078,136.73549110881976,1,0
16153.082438010571,150.11323227628895,1,0
83997.44158729147,149.05645509478498,0,0
155585.93203070844,157.4073841375917,0,0
47947.62475811144,130.5315121157712,0,0
42401.28928058231,146.3853308168388,0,0
152289.56630832757,176.24858998812533,0,0
47342.649581818776,150.54953881609006,0,0
63334.17109965129,136.90786168307764,1,0
350639.18073427834,191.78385210232818,1,0
70192.28280465736,163.57463005977763,1,0
8063.799959726846,119.21251056946001,1,0
159113.0257181434,147.6439039118812,1,0
39747.32057122536,104.43664140783495,0,0
403984.0002546105,138.2880587317022,0,0
143029.9994726047,150.34139159593644,0,0
4780.524792438996,141.93308837500086,0,0
59885.88801735124,123.62245924333288,1,0
38958.87826143231,175.7940476124906,0,0
285835.60191083763,136.49652401340975,1,0
13337.034840657538,95.44746764497594,0,0
253683.00739910372,123.96421825338643,0,0
64818.47780028767,136.91368925413857,0,0
13398.010281439032,131.52158601923242,0,0
136564.17990211354,136.2387031827697,1,0
141291.9428874392,132.04917294569316,0,0
19316.682284035618,114.77539250120662,0,0
670067.3544269587,136.68247281112556,1,0
86236.46918931814,148.16317363589457,0,0
70416.33646065583,81.46276426306558,0,0
105136.5936223446,114.92677318967222,0,0
9795.771789408403,139.77087326965147,0,0
166947.2716240995,173.78880195197715,0,0
27831.972716501597,142.8073236112631,1,0
280221.26045997057,181.7089652874017,0,0
30183.029816321803,204.08687134250354,0,0
11269.09931911007,158.87045295445984,0,0
144069.987695468,180.46520435836243,1,0
288357.0785565221,182.09721958175672,0,0
7987.164630245456,167.94828464556662,2,0
96269.64513151076,151.59553062584098,0,0
326088.69666456647,121.53042657559467,0,0
235234.3466587411,120.60472549152006,0,0
80848.75776965263,179.90652470767188,1,0
271528.16817140917,135.56947609044715,2,0
27942.37679134335,164.98602538265646,0,0
3528045.96564008,1757.3418276005386,11,1
25127.896122666592,154.12601591344347,0,0
62149.23043940653,135.15677015785644,0,0
191331.00789182252,180.2271599503501,0,0
53940.54467093576,149.61132115891064,1,0
72246.41616626993,132.42917967661398,0,0
21058.982356734912,158.6000026576259,0,0
151310.1714976245,173.38735989696113,0,0
87340.64922855813,143.91297325917748,0,0
218791.8927744656,134.74448268655365,0,0
48209.96712060708,154.75707274806055,1,0
141174.39196500016,131.35948832069568,0,0
52569.43761465425,153.84409573861765,0,0
20502.98088856345,106.09424413801058,0,0
217472.71507139175,150.37040024826263,1,0
50714.537575409464,136.00864547937095,0,0
157314.0638376124,156.67065427700967,0,0
167135.71982579838,137.13935454345642,1,0
149753.38326220872,152.89651897105,0,0
302939.57810291124,179.8119350626893,0,0
22333.578106265028,172.02533367913006,0,0
33836.6236101138,135.651634173145,0,0
23622.98965251736,175.2247869232912,0,0
160262.84004053447,106.4830140878154,0,0
10459.165200853018,136.50683004620575,0,0
110571.33152710953,139.3701761681779,0,0
94159.60598789135,137.44730437925756,0,0
27451.408997365124,168.1886843447655,0,0
24710.215329269682,158.1909809180355,0,0
458004.4130508141,121.75279780243122,0,0
94824.52971612195,173.43515706173739,1,0
454354.23037994356,153.20247210897466,0,0
319938.3104661613,113.04715714030777,0,0
33392.725053797294,165.93332603180482,0,0
58880.248959300065,151.3934943331592,0,0
24740.644012166675,120.013843551116,0,0
85540.87842069156,113.56738077536161,0,0
123003.83141696054,150.8106651046751,0,0
282436.20807837736,186.90287186414412,1,0
69237.84526289387,204.12231472753643,1,0
278923.4871519915,132.85163740125955,0,0
49130.2061820097,140.24331172670955,1,0
81134.45645367299,195.43277049314017,0,0
122140.82196550713,190.2019283863387,0,0
73435.42036829564,125.86509602045749,0,0
106434.86125442121,122.55891591053472,0,0
11835808.889181722,2835.285134064179,9,1
43076.2057022097,134.1667519617441,0,0
41500.50874320975,125.05609302232665,0,0
121317.18783607306,127.33730547668074,0,0
4128.819109353505,191.06048114820805,1,0
14616.902486348654,101.24805183689048,0,0
23908.35450569182,135.32968210992297,0,0
7712.702294815434,171.39338302152103,0,0
183133.4321756021,155.24815131032494,1,0
93463.15108842679,172.45865312688824,0,0
158109.65032730927,166.86262582887053,0,0
94799.8377833023,148.38944501057028,1,0
79458.40189662164,209.79683473643212,0,0
57662.50682527986,140.22501396190904,0,0
193665.79482067196,128.69165803867224,0,0
152622.92451453436,126.25999389837489,0,0
105384.03607504131,168.44837315655388,0,0
71292.26234375477,166.58457622118465,0,0
26152.611905807713,127.25919568138244,0,0
83103.42932476688,139.63590341878268,0,0
84374.2281477574,133.26609759374264,0,0
171193.3300167905,147.94658341114885,0,0
325378.89446126955,168.25200231343993,0,0
96990.34743654628,133.09210341056593,0,0
68167.67288199138,153.30772551721336,0,0
138117.2734078412,141.79726779099397,0,0
9618.5962052041,136.53683866078802,2,0
137592.86432261133,177.68279173351937,1,0
53522.96246483772,125.23256226159418,1,0
42402.566184309566,125.9687128137233,0,0
25048.68293379719,186.1751154396265,0,0
33477.70598464307,132.25202167619838,0,0
20164.136253514374,113.56815854501367,0,0
188767.59187967266,134.56752325604887,0,0
59372.444395204315,80.40709440504753,0,0
49314.57993266923,138.48691447096715,0,0
24797.786667443022,128.53534435925036,0,0
100063.98232789617,165.58542896502897,0,0
177359.82256741825,128.68080343575173,0,0
133524.06185977283,183.99348137592546,0,0
101754.47161483763,117.18479332118275,1,0
109076.71524003525,163.82357972995263,1,0
115487.15918785178,126.40995710201673,0,0
41422.02351586286,190.90262776490798,1,0
281789.953426263,148.91135819802798,0,0
69076.20626601957,193.95680394688196,0,0
56906.283575963535,193.27037982611859,0,0
67227.89599054818,142.12019850191388,0,0
59659.93838761012,137.16279090564865,0,0
291343.1730130318,161.0918931722029,0,0
16039.698638667107,135.36982757740998,2,0
99085.7736946563,132.74157343879136,1,0
4016.7114618373403,124.0007962095737,0,0
14042.63916541149,126.92202039408676,0,0
146722.9040641963,108.01979774865539,0,0
6236.737944433193,115.64001878814679,0,0
204086.19606659407,119.116650517413,0,0
153300.67022578313,154.8657144479353,0,0
7022.201277014409,157.41459592877007,0,0
55955.073315899164,128.04659204786483,0,0
24098.557072891945,102.31945000777992,0,0
48002.67327354038,133.36165332478302,0,0
124434.94431918046,163.99529404826902,0,0
123054.62321272364,172.71035597715405,0,0
3434778.8140803045,1109.31751716933,7,1
112091.1889955004,162.93712257201105,1,0
75935.0092996392,99.75666582828207,1,0
103050.0525503967,152.80844871830942,0,0
39765.58787659412,179.61739494702508,0,0
235145.58779331113,144.85870220366533,0,0
483827.9909347306,154.01528255387922,0,0
32405.482140418226,143.40429423998418,0,0
45389.91594311271,144.61076346600578,0,0
150728.51376584478,116.58993941604342,0,0
7837.373796340412,152.7196226465199,0,0
256337.6466362275,134.99108264341066,0,0
226172.61606126968,129.91553232084274,1,0
188707.77550271008,141.49325805114574,1,0
196390.99327100915,146.60510899357462,0,0
35058.78647930742,104.4835126700174,0,0
103918.38211388147,103.54687465666021,1,0
125863.2236654457,120.48434886762223,0,0
465754.93067459547,148.81006887203733,3,0
49198.35251528338,121.52358334650724,1,0
155434.61044407976,190.67795130399395,1,0
198105.4336635066,181.8514910816699,0,0
57355.8045066613,150.8685308384756,2,0
8836.188636893272,113.9286561483166,1,0
36530.25306854657,144.6130820958915,1,0
18357.139449895134,169.83064294525246,0,0
204366.82474847935,156.7758563215311,0,0
9513.551018318698,138.33731181624708,0,0
48767.49912309977,191.15708458959944,0,0
164626.717557851,120.60663883332596,1,0
38391.246492438055,152.51688757747334,0,0
142188.48852531,172.54995945525232,2,0
20316.358266576102,173.1451160399015,0,0
185461.09810828057,185.3710034114815,1,0
47927.65791571645,162.59649835431227,0,0
425292.5163464352,94.8879487279919,0,0
67305.92356582788,177.73428923648214,0,0
14280.860355855433,134.89654283120956,1,0
308418.1627276845,192.1266086333296,0,0
113528.96004006844,159.86360085791685,0,0
24749.24403796768,214.03244441927765,0,0
203220.26638432394,109.70707335952865,0,0
218290.046288437,171.43305479765442,1,0
26564.860915001584,171.5901376721572,1,0
106727.09349678118,107.156410646769,0,0
230002.9002692586,173.6422259374289,0,0
214807.04433186844,94.00520924084697,0,0
144870.1832247863,189.20499226318717,0,0
319680.7249638421,123.26494031911258,0,0
30649.349045790474,139.25809682313513,0,0
9559.057201216106,212.1036020186334,0,0
36934.8902207516,126.28445246977583,0,0
113087.76418365246,160.12574011110482,0,0
141418.20323687373,106.71688552809212,1,0
175188.15984088532,173.82046943058637,0,0
23662.279543010583,158.86016418685847,0,0
77653.75181330815,173.1630046086611,0,0
163962.63198142202,122.74019502981403,0,0
111822.53827748787,163.31491219035163,1,0
264834.38579380955,139.87372617636117,0,0
376223.45087652584,130.8067714307847,0,0
116985.22200064868,153.29038433181856,2,0
254508.35775602903,144.93199926408323,0,0
125211.65808127708,161.96249329489726,0,0
15309.787461013053,162.98591557979344,0,0
71876.0180175037,184.79978940453327,0,0
29250.535882269807,169.8486450908043,1,0
29641.411153971712,124.04651787471406,0,0
202292.102641582,147.27865298168248,0,0
126705.64531638045,160.6146274011786,1,0
23310.90464956752,148.2381606530636,0,0
56983.758227341736,130.19310114571323,0,0
29969.024151925947,163.0250974151226,0,0
340077.77226995304,157.54826587507554,0,0
45670.059295853964,171.5046302695461,1,0
118137.28133795985,151.76742554162098,3,0
4813.605436295775,171.25010669923984,1,0
128568.00362317388,138.8386380436238,0,0
74786.9590490154,176.87801872454392,0,0
171741.73494157701,132.32222296766977,1,0
958.3181443956005,187.1537831285836,0,0
48448.257555988195,159.8924376652001,0,0
31768.6512024651,130.21330893717865,0,0
178826.31872062644,111.30733996897033,0,0
199479.35286871315,128.49993812194245,0,0
67658.83233221981,104.35247264718485,0,0
51752.58441481808,162.05099493049124,0,0
67062.24694750608,185.5648799447494,1,0
360553.9562076077,145.9643025491796,0,0
359394.07160169695,169.77884125910563,0,0
149689.53760119952,182.90618242903184,0,0
316943.80703314516,178.22266489693058,0,0
78454.02862271266,193.94567248754876,0,0
1165.5945968467893,126.0271477498503,0,0
54190.51714636703,153.02584696256855,0,0
446726.55293330544,156.4869705771619,0,0
21468.456035567604,116.22313853871256,0,0
324269.1153135553,163.61531260460092,0,0
22272.707411079762,141.37156923808524,0,0
138496.88765818666,141.88812106258936,0,0
42313.29742200603,162.96282084006637,0,0
47191.326099817605,166.87911002470736,0,0
162221.44658844292,125.63162045218948,0,0
10213.57682444494,177.85206090338596,0,0
74176.6387719046,133.27758770676962,1,0
123499.66647422357,149.16312974182736,0,0
193922.50281870377,120.07362487933973,0,0
158882.41281005385,144.58212471533932,1,0
31749.17542254868,164.0744795476214,0,0
243626.88016935147,189.7361734026177,0,0
306310.9324315716,138.12608238696555,0,0
233854.3404651021,110.87863937611348,0,0
310416.0859825278,125.85320914362258,1,0
51247.99272833025,145.9148192317172,0,0
176419.38388857138,150.98272996858663,0,0
58445.84189838813,115.18718582153804,0,0
141023.0801369753,148.6847031660906,0,0
109915.28630663267,162.6466089529039,0,0
142344.70400727293,155.89662664373927,0,0
200848.98359763357,145.48624272785653,1,0
115496.12224022394,147.5388671455813,0,0
272952.26867652405,152.07595499533258,0,0
238555.66420061293,160.7251712004097,0,0
84585.8550956201,183.0940134503067,1,0
123376.29788693872,145.32571217956797,0,0
23821.4153032231,149.52117273996646,0,0
85572.02818571185,137.8465883287792,2,0
3760316.700671642,2319.011592862372,5,1
152664.74248779105,146.62174982310745,0,0
1173.4338425035812,192.1042601585158,0,0
32733.39378811281,169.20292381076735,1,0
128217.83777714116,189.5929386409885,0,0
47144.953418426354,170.60380908639095,0,0
81646.0628111391,142.76291827030377,1,0
507085.97735943703,192.38408735449838,0,0
172117.5079111712,138.56717733608238,0,0
38428.71342755277,124.78672979368385,0,0
409407.8812785458,114.77740238936488,0,0
213380.739887288,161.44179027983967,0,0
231251.2795059041,153.6171532631259,0,0
1590.0202175864629,156.68026637862638,0,0
67861.99856898906,147.65946702323473,0,0
115491.93502118101,104.27263965196957,0,0
42899.96688642407,126.70022186791151,0,0
428412.39434456674,146.74822896791167,1,0
52386.081096974,182.4795313157296,0,0
15433.92330365932,141.51660388959849,1,0
207557.9522451308,114.68272118768422,0,0
320385.4829419364,124.72507599809983,0,0
88327.10616097727,146.10477294545234,0,0
129930.78990565559,143.09474046999185,0,0
264438.9338658381,162.94301910067682,0,0
9313.805086845758,97.65756374674748,2,0
167846.01343270042,145.25554251080047,1,0
307561.46187110204,177.3131353669605,0,0
136182.06857457533,157.03391343845925,1,0
37527.84328414546,156.11136124013873,1,0
150187.58133096385,142.32509107093492,1,0
414166.2521061337,168.57524235125192,0,0
9670.036707345193,139.69869325537695,1,0
134580.33231195048,152.43590717446645,0,0
44907.933604021215,171.20793049261513,0,0
145257.19886172735,196.3665533464896,0,0
210318.2463485804,189.0990334214926,0,0
880.4809472942059,166.4705061172366,0,0
42598.91805060712,150.54013868979212,1,0
161321.42118041648,184.41306649346672,0,0
360413.74197486957,154.53177898785137,1,0
23392.887248536037,129.65070510273722,0,0
24472.6789807923,184.21558556746277,0,0
383326.70101955713,172.70225745655347,0,0
137967.17689376365,177.35417089037827,0,0
57585.78722799487,182.93378261630028,0,0
908.3604621876383,137.5716494032516,0,0
149910.61876873483,173.42035792306666,1,0
90412.78583860696,164.48746844001613,0,0
261046.70541184256,167.66301933551568,1,0
4615377.886251586,1634.3637363517012,5,1
123656.6212380896,153.13477429516846,1,0
30944.10232887118,142.32920639028512,0,0
113233.68319515737,135.9600330905783,1,0
132966.34735322164,135.89098938289916,0,0
46177.55842824925,134.9140541377848,1,0
5538.970526800748,178.28247625624365,0,0
76341.99694219518,183.62961638365744,0,0
267549.3535804957,139.89304389469802,1,0
110485.39137364826,117.29366861439071,1,0
739775.5150386996,166.42165158273755,0,0
236616.81851772036,175.99405724011956,1,0
336477.89057763683,194.03754733730008,0,0
137654.55791519734,100.5945983902422,0,0
137941.30188220827,164.43014131319876,0,0
48307.07598911141,142.84246492764532,0,0
216837.92204168637,150.94909320526588,0,0
321846.69569484924,170.4466606237409,0,0
119797.45717581567,157.420677713647,0,0
210284.21631039312,148.50975386528665,0,0
150192.91410211174,154.26763706886268,0,0
97184.71071177385,178.0535433479881,0,0
27635.935512602344,166.627651288037,1,0
84880.1302866568,161.04062669535543,0,0
138879.96028584108,149.54582796486363,0,0
72630.69929658792,120.73712674677728,0,0
76847.4354351023,163.43413562337062,0,0
187106.0984836518,153.5073356425136,0,0
32490.2399817564,160.88539131827352,0,0
40900.87875977276,136.08163719188076,1,0
4196.078645441464,160.1635534566674,1,0
187239.2908379635,155.6460458509327,0,0
207559.75460113207,167.89792851213912,1,0
181879.96859813255,197.389369330714,0,0
95376.94548674728,157.3642128143791,0,0
47301.74293191078,137.94689289196327,0,0
201167.43232594352,119.91082759427918,0,0
31362.152999219656,179.9373629141091,0,0
59235.96176421615,174.7487713600027,0,0
56840.09903941562,120.30997206556633,0,0
206208.71130898624,205.1695681153775,0,0
121185.42432256589,157.40629829724912,0,0
84116.6534671222,181.5569472667918,0,0
52525.665724556515,143.67128749892638,0,0
78279.63996626213,161.4402435485093,2,0
103186.32965255724,126.47660118392787,0,0
6740.392941061678,158.80062071973202,0,0
55234.52302005378,95.56909827758162,0,0
12549.07835541829,149.63130704957894,1,0
62882.06282229112,117.92286409058894,0,0
166156.90669987677,175.40719856891587,1,0
178456.13114031742,140.939939157798,0,0
740432.01160674,139.49339922102928,0,0
41349.35290457559,133.7476561172836,0,0
70714.82459510783,138.87148718421645,0,0
60274.1987646049,200.2227354774032,0,0
36591.27460353814,169.84098235825257,0,0
69859.50149258773,195.58397405091165,0,0
52762.20735857568,181.15412494694863,0,0
228135.80115767536,86.85420785488479,0,0
178468.19264520428,151.7187514190893,1,0
9979.323804262964,175.62836511393954,0,0
680560.3631630569,137.9864143598306,0,0
52605.31092226709,153.649897857816,0,0
49658.73187270585,167.0663126823147,0,0
57046.06102645769,143.20000069229658,0,0
40367.325248205896,145.35658091453755,0,0
133861.41412307028,129.99022239258275,1,0
170028.63338937945,156.16380238743295,0,0
182898.08233816165,156.25369290088392,0,0
60127.48943095746,122.73115710444384,1,0
13272.261754244128,174.0651818519163,0,0
27446.78960320386,156.07757645821036,1,0
20891.77638310301,85.81037205165605,1,0
31797.753074958888,160.34119745705934,0,0
36423.233220885246,175.2592712547583,0,0
63142.24230654127,154.00360412288435,0,0
47853.41549169845,159.6489184064658,1,0
34741.89148254334,162.17716397788985,0,0
141492.3492810388,146.01603563108839,0,0
54084.37638966381,130.23223451278582,0,0
1874.5555537981359,140.13300728348742,0,0
154861.60846034283,159.82268397535978,0,0
72580.73118416643,218.8307377700802,1,0
72941.66541423835,100.03486083611233,0,0
551842.367705673,173.2718322266423,2,0
47128.293250744566,148.15169086857725,0,0
123946.7718630129,133.2962702120816,0,0
57384.81374759371,122.44770111018602,1,0
31352.10943877981,142.41848055833233,0,0
11066.052489827807,111.67063511594164,0,0
48116.01298161212,147.29162881576764,0,0
3714.9045764869275,169.05159684656496,1,0
63046.93830964337,167.8324544155158,0,0
106828.9250404345,176.1450728924879,0,0
80693.05223478678,146.57087722814708,1,0
288287.3823709761,151.7546463105686,3,0
59988.96780446079,160.55035898526734,0,0
49506.45571211287,120.73845726778441,1,0
21576.022806725694,152.25208693850269,0,0
21734.169867810866,124.349118811119,1,0
39301.796054141116,172.13676457350238,1,0
492477.98557426425,115.559358598411,1,0
116762.22332634126,149.58339666755143,0,0
129865.2417715764,112.75492336587064,1,0
37948.184073580545,198.67054905865285,1,0
79436.02476849999,169.1149899408895,0,0
146756.63257724632,153.84619150541604,1,0
87367.39172958417,93.51534355239535,0,0
101746.81559710173,165.57153712403738,1,0
61915.76529388222,153.62871740425888,0,0
37990.54422991714,124.04878546438349,0,0
3127961.2407220122,1217.7085810290105,10,1
366580.24333203246,159.49583637592713,0,0
369239.486058754,171.31103162053356,0,0
197032.41517787165,183.9737487816779,0,0
10722232.58755675,2055.296547212789,4,1
52435.61126545914,135.82991369760455,0,0
240987.7492910821,121.04995483694421,0,0
210542.49665545308,112.22266128868691,0,0
286899.4276204371,173.3679436457123,0,0
82111.77263031693,156.08053933130566,0,0
40251.40442970932,119.96161513151783,0,0
306433.2357761083,134.4204921172984,0,0
528496.298691091,177.68182430009512,1,0
80705.23361117223,87.84583580696608,0,0
144599.0357449891,144.41232349258723,0,0
191341.55586263884,160.1338542332284,1,0
21923.41022661902,139.58236291022357,0,0
223577.29297247643,104.00019376465919,0,0
155605.46662897718,147.01726720492437,1,0
166592.86284121944,172.7623032985924,0,0
4665043.784777661,2048.979691806044,11,1
72459.2387064354,150.23779599852486,1,0
21660.200199356645,143.12043906534134,0,0
334580.7515419165,157.26450869686343,0,0
211717.12180403902,224.49636291842867,0,0
117635.50249858263,173.4648950793778,0,0
45241.142266977855,167.041516284936,0,0
37123.894640237595,203.34114011704742,2,0
236234.20608926675,162.7066830365837,0,0
2803161.7005406884,3123.4097766273203,7,1
147782.53083039523,182.27630581756085,0,0
59797.477969250096,143.04664154275457,0,0
97014.90462060859,141.35865858485826,0,0
29853.359966450145,153.51391008016873,0,0
148121.59275775592,156.2115605282823,0,0
15156.850521598943,144.21369462530865,0,0
27351.52225891598,129.17167165799134,0,0
9894.794982911217,114.11577932382778,0,0
159994.0493238059,146.4746070377577,0,0
170165.56634131426,169.63138398928868,0,0
123711.40221054936,173.8965151631245,1,0
84947.08316645227,112.8459431348346,0,0
108558.90302814222,149.5799671005565,0,0
124084.14375721845,200.55531407430215,1,0
27705.534261022935,128.05758716208598,1,0
16314.765403655621,120.48753782505904,1,0
263735.40494826884,162.85331749982797,1,0
11994652.401961397,1676.4657431223845,9,1
703228.7673525973,161.8303802251897,0,0
43608.79297203187,183.66201488890076,1,0
90977.97609007655,145.61353912395592,0,0
386831.7246803452,123.60388406415399,0,0
90194.63456208284,144.17160168637372,0,0
131084.4114938871,146.4428576888713,0,0
29811.83711439556,150.78543683666376,0,0
421967.6684249087,151.72059144261624,0,0
27747.542398085487,134.5400786759837,0,0
3952548.2874664636,3372.5047195710495,8,1
94971.14640985512,106.61723241018072,0,0
41367.08712847477,160.09720236851547,1,0
55256.725443686344,147.4851723655448,1,0
89290.80469164628,156.20563768525855,0,0
100887.51747293315,154.32229211969232,2,0
186891.50079044982,187.76829128848033,1,0
53629.176535945655,147.38069970796164,0,0
187559.4065516846,157.27177976610216,1,0
183716.02421981812,132.8631786827895,0,0
179263.27779706172,157.13715406720132,1,0
132107.87028441145,141.27870007022,0,0
56150.552452620504,191.48176660547978,0,0
9677.295194044007,146.069332077722,0,0
54896.131242922136,155.3399143641079,0,0
145561.2354914187,121.61709296903067,2,0
314377.9672411491,139.16789565930364,1,0
27380.033170141538,183.27009789099654,0,0
309171.4587415866,143.1291905485693,0,0
263825.98227889405,159.98961383019397,1,0
34146.452239993385,146.74511167988095,1,0
287723.16998571623,116.21131364339416,1,0
40221.822505944445,199.90380799387313,1,0
211806.33962192843,174.37767858222023,0,0
160984.69774661688,150.98655498259828,1,0
27178.682886835944,112.42995721737326,2,0
132151.27312545019,187.7386715653158,1,0
7893.621656157193,223.25800713731275,0,0
139225.69150110378,156.32318010532813,1,0
45849.35301690309,143.7520378790118,0,0
194409.18459366905,168.65791306397816,0,0
31998.563467426076,133.7896297760297,0,0
152275.97645131595,144.90601216263948,1,0
108597.57255941608,105.9840889165624,0,0
39821.88007795776,96.0182766170058,0,0
132947.1168608442,184.08864866599032,0,0
2625.5295388250815,156.1822499893563,0,0
45634.27822587544,175.79347451285147,1,0
96755.1992219017,161.56369806994374,0,0
8561.159109822553,165.62348725789698,0,0
61545.327269233414,151.5776780373006,0,0
166928.6763759612,147.13027945913623,0,0
49403.58308161865,164.61221971618653,0,0
40333.57314204993,117.69241562678872,0,0
431787.0285833987,150.71172351096027,0,0
84034.76646328569,117.52991114870346,1,0
233375.68900326788,171.22013644328624,0,0
146917.79070947613,103.10477267880921,0,0
2193.050412562872,165.766996552447,1,0
98721.58792818245,128.02159767230788,1,0
3487.7080572287477,170.08290106844572,0,0
75340.84130965901,134.13011294739397,0,0
53174.02327167137,123.04089590512837,0,0
33314.4889461539,134.70427958150242,0,0
101018.04367870162,145.31296281271796,0,0
73335.16530556584,158.31763235935458,0,0
116182.75331980636,134.92605477796454,0,0
28431.48420362817,160.73376784153177,1,0
221778.34500722907,134.471630030094,1,0
152444.02313782935,118.68972038786139,0,0
26183.07971874334,141.2098142929533,0,0
43187.22472427331,192.59317886743094,0,0
43792.303413442314,153.3960437027028,0,0
6532.055098911224,175.31730511377341,0,0
216308.96686557736,129.64821943769542,0,0
287001.47635373333,146.2412908428433,0,0
33019.11303535128,105.32153531038871,0,0
78908.32970741496,154.65631149753165,0,0
212229.9079002546,180.02002048571129,0,0
105590.17931646245,119.7508742833206,0,0
31968.055885014313,157.7546629207176,0,0
89211.38821578781,170.55391081642907,1,0
86695.87843699126,113.6177756024696,1,0
107610.11006705939,133.26119184060474,1,0
7413473.540833733,2469.8108696828012,4,1
8351.419484141963,148.26334870968563,1,0
56208.46760895951,138.957747389288,1,0
152074.7937491601,125.51086713413622,0,0
150322.21096852055,149.91605949900048,1,0
256593.29221739125,145.85078980512688,0,0
86895.96607806212,180.21099972840221,0,0
12750.614532898611,177.8081706097566,0,0
47567.09399637683,165.71826370649092,0,0
181416.56820270463,114.27834623875844,0,0
121101.85584464784,121.61389514157192,0,0
59598.38743821068,136.74973103050084,1,0
146081.7917425258,156.7445982349984,0,0
114079.36807152997,180.7621089089588,1,0
130679.02732007377,151.58844887892042,0,0
6873.061982449285,100.84878967580204,0,0
20862.02633440123,151.05624011067087,0,0
11753.393273031226,182.0527097856628,1,0
352566.7122896139,163.86580501601702,0,0
119938.8229486673,169.29626214516986,1,0
80991.4379215006,131.9424953011602,0,0
120959.74242625404,153.51064668612085,1,0
106691.44475739636,163.06916855916796,0,0
18866.216627058035,130.49457129655897,0,0
117616.16648068561,122.25401276825232,0,0
14775.80260321236,124.94727238415562,1,0
291835.6797914815,182.2052617766521,1,0
202891.92468481333,161.1846574118357,0,0
66517.23186532974,163.6080676191434,0,0
93211.48555830127,143.02235359100135,0,0
25597.689094227386,125.68990650973447,1,0
71356.80232545886,134.87340773195075,0,0
132047.13729651942,175.3835696567749,0,0
39676.60116819276,99.76961639936096,2,0
65393.763081816614,123.51203538264559,1,0
264980.4094888356,135.00695385171548,0,0
32983.39575533063,157.88432240318474,0,0
26455.854326494562,133.28054403047193,1,0
80608.5511254617,135.8762118336195,0,0
374315.5449451842,173.09956697800376,0,0
163596.60963061012,119.86044122440612,0,0
3993.85151126498,152.25276073077717,0,0
11700.271993863147,151.57544147248072,1,0
180270.97609033305,166.22004540378938,1,0
6857.952273294546,173.32071760230494,0,0
133351.81308609023,180.70819276361152,1,0
7383.139469347428,117.8763834511293,0,0
179854.15179167702,161.9779781945693,0,0
115190.41524194999,173.77553340445388,0,0
75600.51850651763,156.27357983091647,0,0
13833.35927160788,171.4322876030754,0,0
79912.57257171917,146.00144629252915,0,0
158912.99578241765,166.39797849147092,2,0
281179.0690433069,142.81602814625913,0,0
224464.66205809702,177.17289044472503,0,0
19189.850373852943,134.98882586028313,0,0
134465.6054978967,146.52568171112233,0,0
75751.82694039714,110.62800031343164,2,0
45254.60676121579,152.01784316816116,2,0
89972.68781679118,166.50646766766374,1,0
84292.75048975315,150.43535622495577,0,0
51833.08559196289,111.64547598281946,0,0
311358.09733421553,97.34984496542165,0,0
72402.04536893577,136.15163290394395,0,0
279865.11860115686,153.5427947579377,1,0
263302.9950861283,139.89615235731694,0,0
24769.20833727988,106.28217406453194,0,0
19059.393138828626,170.04462960821215,0,0
304199.47761699173,143.8285526872287,0,0
19297.05673605532,179.05652776427894,0,0
30486.03168392449,132.1346796968926,0,0
3197.5585826991473,146.21459830033933,0,0
88523.3242795951,167.34958100817593,0,0
114567.91934715067,162.24528136985032,0,0
16228.415941607289,181.7241256357908,0,0
118585.0343662265,105.47795899799246,0,0
116896.86279201225,151.1680030066243,0,0
112644.94383832662,154.23851025545716,1,0
263868.0277416927,151.22120983023711,0,0
126842.32447339565,106.30288513345361,1,0
160395.26208268598,188.25430138051303,0,0
96544.63916015491,219.64779784985137,1,0
111376.21017851509,135.7400815100814,0,0
109431.90825250054,110.97393561033056,0,0
94585.96250543818,172.01203252285285,0,0
188550.6884923616,126.36329150013354,0,0
390165.5339768634,187.47396156668827,0,0
11504.224762099579,166.0406308110302,1,0
193378.84006034574,177.14796028766798,0,0
63357.632285415624,151.01995545559532,0,0
164356.5655184056,128.34913886941519,2,0
39492.15302744324,141.08643928393036,0,0
247219.29157614132,154.35918969420757,0,0
68155.15306842627,162.3313544048258,1,0
129144.69181270337,158.83915366851159,1,0
480544.9682132517,144.50074783317424,0,0
82633.46783486933,184.00737482374774,0,0
55685.81700144995,136.21181499745927,0,0
72991.95113815437,125.764188917792,0,0
4553.037708281854,127.94026742303447,0,0
396133.03732273966,145.30392949840524,1,0
74696.58791561528,117.32946647097128,0,0
504.71923606543197,158.09598165818625,0,0
41496.242147439414,153.009328223889,2,0
34160.18050395277,144.07955392407854,1,0
96826.68295225901,141.32814020274765,1,0
5114.432360476773,127.76869593822705,0,0
8549.955894614539,128.0032398822477,0,0
300236.4184892759,154.9844980163502,0,0
176381.6306902591,177.60657668151669,1,0
77242.44782450749,180.49857998082078,3,0
480812.95089070825,150.941184304234,0,0
85293.8818716849,196.8606111733311,0,0
3745.099004444582,171.79611424685226,0,0
82796.07925002178,192.42135184280704,2,0
43833.377254479965,135.82012122462248,1,0
45362.50717880637,154.20064004398827,1,0
229778.87983909738,147.17073379274842,1,0
48324.8789009609,166.09335002980274,1,0
18889.129491723466,173.27529637172762,0,0
326773.5844684855,192.7702136028579,0,0
161410.72904679153,127.1008104658712,0,0
8376.538317016131,168.5748852734788,0,0
87444.35632321198,144.87848414321536,0,0
311556.79158373416,171.7440514544073,0,0
19207.734903331373,150.11096306524536,0,0
417304.1064159885,133.09088742410987,0,0
327003.45925401326,195.15705740956497,0,0
211902.25029119887,163.01401989609676,1,0
54007.30104813433,193.0491072033044,0,0
17689.588728844257,168.37412039379961,0,0
72342.08804784768,140.96339177091346,0,0
310490.00337045325,149.96070481567014,1,0
32725.58112752453,185.30240936693974,0,0
479134.21307851747,157.4291786806227,1,0
72993.51223262642,142.33068288340925,0,0
61587.052521851845,137.08173906195364,2,0
2968.1646619975922,158.57621326735108,1,0
25441.462355313033,176.56430014333407,1,0
210519.60428800373,133.62538778478202,0,0
549343.1746336758,154.75775313492642,0,0
39024.392408674204,175.21906267832838,1,0
188046.77397729811,142.52656507450425,0,0
432148.07705521194,137.03437496839044,0,0
109046.42136995438,165.3384032296297,0,0
150577.3803216392,129.0915375083843,0,0
219290.98171978447,202.48123798137726,0,0
91391.37839759837,136.8458657234953,0,0
871641.825531128,112.4393850589112,0,0
139093.7109151061,99.81740250811742,0,0
182265.6562137356,132.2432275422023,0,0
204606.38608681608,144.27274741542115,0,0
478934.53387084126,153.1997090919316,0,0
36733.83183179859,153.49563178315134,0,0
137569.92313682873,127.85869005616837,0,0
401215.58794998494,139.00959617457485,0,0
2454.865064862805,144.9452416153095,1,0
409551.3616956024,143.1501881709239,0,0
83278.38292567217,136.51717690972552,1,0
109745.18786189608,99.50184565144312,0,0
23292.326265407148,157.1569555770471,0,0
443216.43090889207,142.9460116003134,2,0
37134.06703288018,139.2894567499991,0,0
146137.11228093292,156.1352435442835,1,0
59657.37540057978,173.98939730962837,0,0
14141.824457955696,190.14225269552108,0,0
153046.0999430485,191.73458648869118,0,0
31185.97243977818,139.8242043263485,0,0
142845.73156422915,180.10002825214127,0,0
106220.00711118548,113.90704076012364,1,0
62539.8702699736,111.9641754771423,0,0
214677.3111629011,177.59067276111966,0,0
201464.47202425648,198.121137378088,0,0
1394.8288521567965,162.69699612671553,0,0
208100.5615670212,139.85658745919372,0,0
106228.43036739722,194.6158901737443,0,0
99583.87423247068,155.55969535336743,1,0
37647.7337979206,130.49348186303004,0,0
32486.04451689639,167.23456357439062,0,0
67873.44194131959,192.2205548075669,0,0
126704.56862200648,185.28866763731088,0,0
83537.50358281484,151.07268315419228,0,0
99522.23530309017,155.50362975878187,0,0
450537.40117511153,106.93193796086612,1,0
114365.03990297398,158.65086027277005,1,0
9224.284836767032,155.16264062864576,1,0
3748.2883481684676,156.53943710163517,0,0
22402.2920668963,135.27141136289026,0,0
259448.5065188362,127.41990977761371,0,0
305871.243931357,127.3901219261345,0,0
6530.4854261165565,188.9935486820991,0,0
70278.259083395,122.6557899943623,0,0
434802.827827344,130.99519195647753,0,0
93855.82273362088,151.12057829830712,0,0
555026.2644857222,167.28390952701312,0,0
23932.800840580727,129.58467425447535,0,0
156899.67918725667,169.5357229866382,1,0
10981.50864079103,168.50195914263216,0,0
95346.10700576237,132.04655853093175,0,0
181348.51957484143,111.44517764531943,0,0
129953.01765439294,180.78260658921715,0,0
58640.32235898476,142.9176760145572,0,0
30734.67722039301,199.21635250961458,0,0
123887.4521552321,141.58142424880262,1,0
117913.8873128866,134.5032232343862,0,0
147536.7650818749,101.9746715294186,0,0
171861.2543504765,109.89697468824187,0,0
161554.25626606782,143.47822996885276,1,0
59222.6650816096,179.7930075600424,0,0
4790.220145676075,78.9014083807058,0,0
397418.11332195165,169.5993285748154,0,0
60405.796514451904,151.03464405767787,0,0
101491.14834367276,142.92302316004375,1,0
38977.958000561164,144.38612396023368,0,0
51569.77468899999,153.79618874103926,1,0
69625.15138619249,166.56695894215412,0,0
104155.76769168681,140.18313366184788,0,0
38028.414401207025,117.70481365832211,1,0
82005.59229112612,121.15851621433578,0,0
714.1403857854835,113.32415121403203,1,0
54526.507946513935,150.90698231595837,0,0
29545.981821880832,120.07083518274425,0,0
444593.6342390701,138.43752117000076,2,0
73110.34447580313,135.12949223864808,0,0
150212.7526282868,128.98913093325734,0,0
404.1652584229797,161.14108761225248,0,0
185086.66806104977,184.20472559371444,0,0
30931.412942635485,108.71150716424523,1,0
163406.69505828354,124.25861860768951,0,0
382003.6914805595,146.28449041421362,0,0
110284.45839244904,128.0466231731839,0,0
55797.02129441497,168.10235506265232,0,0
289860.54589580896,119.70579481276589,0,0
65775.41243850124,169.96153347444707,1,0
118116.58464572982,157.76198192514832,0,0
351387.62891177845,143.38799128078443,0,0
28056.956769886674,135.42676261001833,1,0
44892.005841125894,144.47913769907294,0,0
52421.25908403965,151.57984009625568,0,0
27271.67674786078,152.23070717186872,0,0
164333.0970092506,143.4553081593976,0,0
13623.072531023641,139.78751204609483,0,0
57642.99979858294,161.51055669960974,1,0
191109.9647649999,162.23099438530892,0,0
679358.2251789804,118.70754878699644,1,0
155834.78507823468,124.24694736758062,0,0
45431.681294220594,133.33800182591298,0,0
96667.4436007286,139.77711162700035,2,0
45765.731564967675,150.67526385754766,1,0
102937.28211483124,158.92982197487348,0,0
94757.41961444168,132.24294907122305,0,0
98570.19253373475,162.92500756284838,0,0
71196.37298964558,151.09100331164345,0,0
348698.7508319186,116.54145436695151,1,0
81149.67130872232,128.95289124286643,0,0
20452.52017294568,146.51214929167324,0,0
32130.830183204027,156.30578699798247,0,0
65264.01035666424,141.55627418245163,1,0
202888.11364893895,171.23640637760826,0,0
47174.27067557402,157.95398318524713,0,0
41091.793078181414,183.38632654254357,0,0
109177.08139799611,170.3963377519629,0,0
57345.94692609686,186.94232182580382,0,0
70510.79819930713,130.23315900193512,0,0
69038.11304281265,136.31780291986567,0,0
2798.7185331649134,169.74769367134732,0,0
38130.579187670766,124.56272342779803,0,0
11457.982362637804,161.77701010242217,0,0
385364.8856964045,116.98395851175484,0,0
112294.36959212649,118.51093177825646,1,0
121157.19297451933,147.37496242739695,0,0
95955.43644719811,112.92717397055216,0,0
67070.81768329874,119.27637733820269,0,0
192342.0226501939,144.91754388557987,0,0
6017.820340349272,168.7772635750908,0,0
31078.500819717818,125.99973694530429,1,0
78816.3671498913,158.06676576855028,1,0
24920.86631084469,131.86649897963107,0,0
296086.26974455913,138.32861474000202,0,0
47735.66490594609,153.25893006642775,0,0
177313.5182850508,197.28637788173052,1,0
220421.99877805257,158.60334262070162,0,0
117766.19184246326,100.07381408455063,0,0
28597.466256242064,111.5733003232784,1,0
250892.80969734016,163.76698306562594,0,0
63424.36985419648,170.2648743287148,0,0
62912.70901497539,124.85762281704517,0,0
276127.9568405548,205.28107375706404,1,0
33479.406930891615,185.79373710602698,0,0
53105.20536044991,171.31022194495492,0,0
44767.243752461494,160.010799846407,0,0
70424.11881420875,136.9727759467271,0,0
4063421.174117946,1610.9715186529124,9,1
48790.089266566254,111.7467267814167,0,0
51105.989489804415,165.9135509518917,0,0
172163.95275105437,158.08630910650976,0,0
149539.78091145892,112.29810300497475,2,0
228016.76344490037,158.17131015652336,0,0
62079.02752644482,115.84383426507222,1,0
55061.04044313108,160.58645829575974,0,0
304303.4583493286,124.20005271586902,0,0
192174.07689595965,121.53548165664043,1,0
29864.76231494312,160.39806647643977,1,0
9850.245847471911,146.7496506686217,1,0
171.20947262018603,121.95427998968539,0,0
65133.832150979804,164.36732484268998,2,0
108413.93738651247,136.62089332080905,0,0
5853.979385137556,106.01782449898556,0,0
493244.6462003588,118.67500607079016,0,0
51558.31692162028,157.34368379184997,2,0
62746.33717674709,146.31559437005455,1,0
32071.967265001014,150.43048956826402,1,0
102047.23025386987,193.33603348460656,0,0
55063.84189824369,173.5557504391959,0,0
89951.13222304113,155.17206324391975,1,0
123543.0898487271,135.26207168758722,0,0
164246.57754808935,159.31918060691007,0,0
305749.61770873185,158.6317627403072,0,0
11481.225666710508,127.396528922463,0,0
168837.35480649845,142.08291280091476,0,0
43913.17096051249,118.45306391603788,0,0
86777.46104397382,154.50803122943248,0,0
233903.3019450167,160.85517944654714,0,0
13690.978906007487,160.07925416585974,1,0
102024.01142945461,142.137490166245,0,0
7234.623206129614,146.275708380891,0,0
126266.43705694337,122.07005835648887,0,0
100112.38884121546,188.00694972207083,0,0
209110.9567062339,147.71546848930143,1,0
61783.751183311084,151.3807609120278,0,0
120605.91524228071,152.19910693685688,0,0
148590.81780158827,179.75903549380166,1,0
9590.5593980267,137.01521694773643,0,0
164667.92733676595,123.68692362506553,0,0
360269.3051527698,156.99529635755889,0,0
112857.96909010372,177.80372657016494,0,0
59086.89472713529,142.3157420075692,0,0
62409.238608860425,136.62855236234506,0,0
174382.59501553545,186.549820771708,0,0
92159.06249076797,114.78941539484978,0,0
95458.37621926519,110.19978857203375,0,0
3925.645085076049,125.21394289009608,1,0
153679.7938910402,168.9978210794121,0,0
147800.7266883283,141.78616870524257,0,0
